direction,setup_time,entry_time,exit_time,session,sweep_type,structure_break_type,result_status,r_multiple,bars_held,of_window_bars,of_total_volume,of_relative_volume,of_delta_proxy,of_delta_proxy_pct,of_trigger_bar_delta_proxy,of_pressure_agrees_with_signal,of_volume_at_zone_pct,of_zone_matched,of_data_source
LONG,2025-06-03 08:25:00,2025-06-03 09:05:00,2025-06-03 09:40:00,UNKNOWN,sell_side,bullish,LOSS,-1.0,7,9,3028.0,1.1222296345711955,-692.0617503287071,-0.22855407870829167,-279.0035587188007,False,0.6654557463672391,True,ohlcv_proxy
SHORT,2025-06-03 22:00:00,2025-06-03 23:00:00,2025-06-04 01:00:00,UNKNOWN,buy_side,bearish,LOSS,-1.0,12,13,3111.0,0.8773562557108532,213.78393341180708,0.06871871855088624,127.20000000006428,False,0.9045323047251688,True,ohlcv_proxy
LONG,2025-06-04 22:40:00,2025-06-04 23:45:00,2025-06-05 01:25:00,UNKNOWN,sell_side,bullish,WIN,2.0,8,14,2660.0,0.7402212872058594,-176.3756541236478,-0.0663066368885894,-54.5657894737208,False,0.9018796992481203,True,ohlcv_proxy
LONG,2025-06-05 03:40:00,2025-06-05 04:10:00,2025-06-05 04:35:00,UNKNOWN,sell_side,bullish,LOSS,-1.0,5,7,2481.0,1.798582012729988,696.9803395335352,0.2809271823996515,-211.68852459019297,True,0.8524788391777509,True,ohlcv_proxy
SHORT,2025-06-05 04:00:00,2025-06-05 04:35:00,2025-06-05 04:40:00,UNKNOWN,buy_side,bearish,WIN,2.0,1,8,2978.0,1.6851516523313717,-769.405017095401,-0.2583630010394228,-47.31176470583807,True,0.6306245802552048,True,ohlcv_proxy
SHORT,2025-06-05 04:00:00,2025-06-05 05:05:00,2025-06-05 05:10:00,UNKNOWN,buy_side,bearish,WIN,2.0,1,14,5028.0,1.4714145245118697,-923.1695125222,-0.1836057105254972,-216.89655172414191,True,0.507557677008751,True,ohlcv_proxy
LONG,2025-06-06 10:45:00,2025-06-06 12:05:00,2025-06-06 12:20:00,UNKNOWN,sell_side,bullish,LOSS,-1.0,3,17,5981.0,0.9784290822953576,-150.8400012365455,-0.02521986310592635,-340.35753176045864,False,0.5500752382544725,True,ohlcv_proxy
SHORT,2025-06-09 02:55:00,2025-06-09 03:55:00,2025-06-09 04:00:00,UNKNOWN,buy_side,bearish,WIN,2.0,1,13,4791.0,1.3774049242729165,1018.3507652670505,0.21255494996181393,323.30181818173946,False,0.625130452932582,True,ohlcv_proxy
LONG,2025-06-09 16:20:00,2025-06-09 17:20:00,2025-06-09 17:35:00,UNKNOWN,sell_side,bullish,LOSS,-1.0,3,13,6075.0,1.2537768091534993,1001.9806019031289,0.16493507850257266,165.80882352939625,True,0.454320987654321,True,ohlcv_proxy
LONG,2025-06-09 16:20:00,2025-06-09 17:20:00,2025-06-09 17:35:00,UNKNOWN,sell_side,bullish,LOSS,-1.0,3,13,6075.0,1.2537768091534993,1001.9806019031289,0.16493507850257266,165.80882352939625,True,0.454320987654321,True,ohlcv_proxy
LONG,2025-06-11 02:20:00,2025-06-11 03:00:00,2025-06-11 03:05:00,UNKNOWN,sell_side,bullish,WIN,2.0,1,9,2715.0,1.2139503688799465,604.4560747108585,0.22263575495795893,-291.2688524590077,True,0.611049723756906,True,ohlcv_proxy
SHORT,2025-06-11 08:00:00,2025-06-11 08:55:00,2025-06-11 09:00:00,UNKNOWN,buy_side,bearish,WIN,2.0,1,12,3659.0,1.0680841623464574,-137.27859699182386,-0.03751806422296362,338.03649635030524,True,0.8059579119978136,True,ohlcv_proxy
SHORT,2025-06-11 13:15:00,2025-06-11 13:45:00,2025-06-11 13:55:00,UNKNOWN,buy_side,bearish,WIN,2.0,2,7,2194.0,0.9256602818327567,-630.7404784946034,-0.28748426549434974,-134.67961165039685,True,0.7178669097538742,True,ohlcv_proxy
SHORT,2025-06-12 01:55:00,2025-06-12 02:55:00,2025-06-12 03:00:00,UNKNOWN,buy_side,bearish,LOSS,-1.0,1,13,4201.0,1.120661139387731,-126.28331436885719,-0.030060298588159295,370.63876651981934,True,0.5946203284932159,True,ohlcv_proxy
SHORT,2025-06-13 09:35:00,2025-06-13 11:10:00,2025-06-13 13:15:00,UNKNOWN,buy_side,bearish,WIN,2.0,25,20,7269.0,1.0833084947839047,200.86027116642254,0.027632448915452267,313.0,False,0.14830100426468565,True,ohlcv_proxy
SHORT,2025-06-16 12:10:00,2025-06-16 13:30:00,2025-06-16 13:40:00,UNKNOWN,buy_side,bearish,LOSS,-1.0,2,17,5018.0,0.9134065806047632,247.82301673158236,0.049386810827338055,215.83754512636062,False,0.5286966919091272,True,ohlcv_proxy
LONG,2025-06-16 13:15:00,2025-06-16 14:00:00,2025-06-16 14:05:00,UNKNOWN,sell_side,bullish,WIN,2.0,1,10,2926.0,0.9238444051528164,1789.667483835958,0.6116430225003274,284.14285714291634,True,0.538961038961039,True,ohlcv_proxy
SHORT,2025-06-16 16:05:00,2025-06-16 16:40:00,2025-06-16 16:45:00,UNKNOWN,buy_side,bearish,WIN,2.0,1,8,3162.0,1.2160790105224295,117.11235104379648,0.03703742917261116,96.39453551911652,False,1.0,True,ohlcv_proxy
LONG,2025-06-17 06:10:00,2025-06-17 07:00:00,2025-06-17 07:05:00,UNKNOWN,sell_side,bullish,WIN,2.0,1,11,4073.0,1.0541272199303287,914.8339235615817,0.22460936006913373,205.00000000001614,True,0.8809231524674687,True,ohlcv_proxy
SHORT,2025-06-18 04:30:00,2025-06-18 04:50:00,2025-06-18 04:55:00,UNKNOWN,buy_side,bearish,WIN,2.0,1,5,1648.0,1.3907172995780592,-747.0274167607563,-0.45329333541308026,-254.96654275098035,True,0.7973300970873787,True,ohlcv_proxy
LONG,2025-06-19 16:25:00,2025-06-19 17:10:00,2025-06-19 17:15:00,UNKNOWN,sell_side,bullish,WIN,2.0,1,10,3323.0,1.1105541073457657,296.37151334156715,0.08918793660594859,132.5806451612384,True,0.48570568763165817,True,ohlcv_proxy
SHORT,2025-06-19 21:10:00,2025-06-20 02:15:00,2025-06-20 02:30:00,UNKNOWN,buy_side,bearish,WIN,2.0,3,20,3585.0,0.8989468405215647,433.7227879236466,0.12098264656168664,106.29213483154786,False,0.3595536959553696,True,ohlcv_proxy
LONG,2025-06-20 23:10:00,2025-06-23 01:05:00,2025-06-23 01:10:00,UNKNOWN,sell_side,bullish,LOSS,-1.0,1,12,2695.0,1.0288772830004276,-294.4267755981307,-0.1092492673833509,-349.56250000000125,False,0.4897959183673469,True,ohlcv_proxy
LONG,2025-06-25 07:30:00,2025-06-25 08:20:00,2025-06-25 08:25:00,UNKNOWN,sell_side,bullish,WIN,2.0,1,11,1865.0,0.7720649114091737,305.8925699738943,0.1640174637929728,109.92857142854501,True,0.8991957104557641,True,ohlcv_proxy
SHORT,2025-06-25 10:00:00,2025-06-25 10:20:00,2025-06-25 10:25:00,UNKNOWN,buy_side,bearish,LOSS,-1.0,1,5,1438.0,1.338670638614783,-204.20137503834349,-0.14200373785698434,255.57632398748206,True,0.8212795549374131,True,ohlcv_proxy
LONG,2025-06-25 10:05:00,2025-06-25 10:30:00,2025-06-25 11:15:00,UNKNOWN,sell_side,bullish,LOSS,-1.0,9,6,1732.0,1.3253749617385981,238.93625562366697,0.13795395821227885,-150.6428571428737,True,1.0,True,ohlcv_proxy
SHORT,2025-06-26 15:25:00,2025-06-26 15:50:00,2025-06-26 15:55:00,UNKNOWN,buy_side,bearish,WIN,2.0,1,6,2345.0,1.3331741483603945,-429.87215711903536,-0.18331435271600655,-333.3831775701458,True,0.8443496801705757,True,ohlcv_proxy
LONG,2025-06-27 08:10:00,2025-06-27 08:30:00,2025-06-27 08:35:00,UNKNOWN,sell_side,bullish,WIN,2.0,1,5,1712.0,1.1038751692565607,1005.3948553565501,0.5872633500914428,331.99721448471485,True,0.8002336448598131,True,ohlcv_proxy
SHORT,2025-06-30 19:50:00,2025-06-30 20:55:00,2025-06-30 21:00:00,UNKNOWN,buy_side,bearish,WIN,2.0,1,14,3579.0,0.8539646483927616,-185.78038247653512,-0.05190846115577958,145.22727272733368,True,0.6281084101704387,True,ohlcv_proxy
SHORT,2025-06-30 22:55:00,2025-07-01 01:25:00,2025-07-01 01:30:00,UNKNOWN,buy_side,bearish,WIN,2.0,1,19,3311.0,0.7783079852377707,-185.73450876681136,-0.056096197150954805,11.244094488215467,True,0.46602234974328,True,ohlcv_proxy
LONG,2025-07-02 02:50:00,2025-07-02 03:25:00,2025-07-02 04:00:00,UNKNOWN,sell_side,bullish,WIN,2.0,7,8,2141.0,1.3196499013806706,117.42455284531127,0.05484565756436771,-45.35672514615659,True,0.6043904717421765,True,ohlcv_proxy
SHORT,2025-07-09 08:05:00,2025-07-09 09:00:00,2025-07-09 09:05:00,UNKNOWN,buy_side,bearish,WIN,2.0,1,12,3448.0,1.083867722871872,-86.67475051583028,-0.025137688664683955,86.13333333335805,True,0.6368909512761021,True,ohlcv_proxy
SHORT,2025-07-09 20:10:00,2025-07-09 21:05:00,2025-07-09 21:10:00,UNKNOWN,buy_side,bearish,WIN,2.0,1,12,3278.0,0.8754780676452365,-14.926229031855655,-0.004553456080492878,132.7231833909634,True,0.4917632702867602,True,ohlcv_proxy
SHORT,2025-07-10 11:50:00,2025-07-10 13:50:00,2025-07-10 13:55:00,UNKNOWN,buy_side,bearish,WIN,2.0,1,25,6526.0,1.0092793071450665,-121.13891521975165,-0.01856250616300209,4.0266666666324795,True,0.3579528041679436,True,ohlcv_proxy
SHORT,2025-07-11 01:00:00,2025-07-11 01:55:00,2025-07-11 02:00:00,UNKNOWN,buy_side,bearish,WIN,2.0,1,12,2179.0,0.8355573961592736,-249.62462266038392,-0.11455925776061676,43.278688524623504,True,0.9242771913721891,True,ohlcv_proxy
LONG,2025-07-15 21:20:00,2025-07-15 21:55:00,2025-07-15 22:55:00,UNKNOWN,sell_side,bullish,WIN,2.0,12,8,2152.0,0.8413611910421618,-189.5508088055326,-0.0880812308575895,-240.0,False,0.7462825278810409,True,ohlcv_proxy
SHORT,2025-07-16 04:15:00,2025-07-16 06:20:00,2025-07-16 06:25:00,UNKNOWN,buy_side,bearish,LOSS,-1.0,1,26,7396.0,1.1152730277642062,-350.70521109086894,-0.0474182275677216,226.60162601624887,True,0.44524067063277445,True,ohlcv_proxy
SHORT,2025-07-16 15:05:00,2025-07-16 15:50:00,2025-07-16 16:15:00,UNKNOWN,buy_side,bearish,LOSS,-1.0,5,10,3855.0,1.2872312007479632,-543.3046533944243,-0.14093505924628388,287.482758620704,True,1.0,True,ohlcv_proxy
SHORT,2025-07-17 12:20:00,2025-07-17 13:00:00,2025-07-17 13:05:00,UNKNOWN,buy_side,bearish,WIN,2.0,1,9,2942.0,0.9815893606656926,-735.3378288163303,-0.24994487723192738,-89.1573033708063,True,0.433718558803535,True,ohlcv_proxy
LONG,2025-07-18 04:35:00,2025-07-18 05:45:00,2025-07-18 05:50:00,UNKNOWN,sell_side,bullish,WIN,2.0,1,15,3987.0,1.2208340988425501,-461.5260362552924,-0.11575772165921555,-212.50485436899606,False,0.38399799347880614,True,ohlcv_proxy
SHORT,2025-07-18 12:35:00,2025-07-18 13:10:00,2025-07-18 14:35:00,UNKNOWN,buy_side,bearish,LOSS,-1.0,17,8,2290.0,1.0250304375850463,24.80778821412332,0.010833095290010183,128.6981132074862,False,0.8475982532751092,True,ohlcv_proxy
LONG,2025-07-23 01:30:00,2025-07-23 02:15:00,2025-07-23 02:25:00,UNKNOWN,sell_side,bullish,WIN,2.0,2,10,1663.0,0.6428792330292253,-75.2685257780563,-0.04526068898259549,-274.69014084508945,False,1.0,True,ohlcv_proxy
LONG,2025-09-01 01:05:00,2025-09-01 02:35:00,2025-09-01 02:50:00,UNKNOWN,sell_side,bullish,WIN,2.0,3,19,3716.0,0.6890464605708183,-310.3950084577955,-0.08352933489176412,-99.64912280701157,False,0.30893433799784714,True,ohlcv_proxy
LONG,2025-09-02 14:25:00,2025-09-02 15:15:00,2025-09-02 15:35:00,UNKNOWN,sell_side,bullish,LOSS,-1.0,4,11,4811.0,1.0640415442867759,736.8525370071566,0.1531599536493778,-175.5813366960799,True,0.6225316981916441,True,ohlcv_proxy
LONG,2025-09-04 03:05:00,2025-09-04 04:00:00,2025-09-04 04:15:00,UNKNOWN,sell_side,bullish,LOSS,-1.0,3,12,4547.0,1.172173070180866,-164.16996639699028,-0.03610511686760288,-272.62068965516323,False,1.0,True,ohlcv_proxy
LONG,2025-09-04 12:55:00,2025-09-04 13:20:00,2025-09-04 14:05:00,UNKNOWN,sell_side,bullish,LOSS,-1.0,9,6,2279.0,1.015814434460134,307.0656112924157,0.13473699486284146,-229.3838862560034,True,0.6524791575252303,True,ohlcv_proxy
LONG,2025-09-04 14:05:00,2025-09-04 14:50:00,2025-09-04 14:55:00,UNKNOWN,sell_side,bullish,LOSS,-1.0,1,10,3938.0,1.0722648804661548,962.2746025138783,0.24435617128336168,-389.1409691629624,True,0.42407313357034027,True,ohlcv_proxy
LONG,2025-09-04 16:05:00,2025-09-04 16:35:00,2025-09-04 16:40:00,UNKNOWN,sell_side,bullish,LOSS,-1.0,1,7,3330.0,1.1711331504536822,1622.9997612149612,0.4873873156801685,341.70899470901566,True,0.5741741741741742,True,ohlcv_proxy
SHORT,2025-09-04 16:25:00,2025-09-04 17:10:00,2025-09-04 17:15:00,UNKNOWN,buy_side,bearish,WIN,2.0,1,10,4925.0,1.151992889221557,204.35807576843126,0.04149402553673731,313.2346368715123,False,0.5029441624365483,True,ohlcv_proxy
LONG,2025-09-05 01:45:00,2025-09-05 02:20:00,2025-09-05 02:25:00,UNKNOWN,sell_side,bullish,WIN,2.0,1,8,1582.0,0.8458807425784926,163.06882188905138,0.10307763709800973,-92.1059602648909,True,1.0,True,ohlcv_proxy
LONG,2025-09-05 14:50:00,2025-09-05 15:00:00,2025-09-05 15:05:00,UNKNOWN,sell_side,bullish,WIN,2.0,1,3,1191.0,1.200266053936389,530.0579612168467,0.44505286416191997,-14.105675146739031,True,1.0,True,ohlcv_proxy
SHORT,2025-09-05 22:45:00,2025-09-05 23:10:00,2025-09-05 23:50:00,UNKNOWN,buy_side,bearish,WIN,4.912790697674114,8,6,2302.0,1.0430259533130348,-293.23626766486086,-0.12738326136614286,-260.0,True,0.46090356211989575,True,ohlcv_proxy
LONG,2025-09-09 01:30:00,2025-09-09 02:10:00,2025-09-09 02:15:00,UNKNOWN,sell_side,bullish,LOSS,-1.0,1,9,1882.0,0.8128395829554191,-41.86379400600106,-0.0222443113740707,-196.08749999997434,False,1.0,True,ohlcv_proxy
LONG,2025-09-09 14:55:00,2025-09-09 15:15:00,2025-09-09 15:35:00,UNKNOWN,sell_side,bullish,LOSS,-1.0,4,5,1936.0,1.1634615384615383,438.4766057261097,0.22648585006513933,-150.32423208184878,True,1.0,True,ohlcv_proxy
SHORT,2025-09-10 08:25:00,2025-09-10 08:40:00,2025-09-10 08:45:00,UNKNOWN,buy_side,bearish,WIN,2.0,1,4,1289.0,1.0759599332220366,-285.25704681482,-0.22130104485245927,45.1607142857917,True,1.0,True,ohlcv_proxy
LONG,2025-09-10 08:35:00,2025-09-10 09:30:00,2025-09-10 09:40:00,UNKNOWN,sell_side,bullish,LOSS,-1.0,2,12,3979.0,1.1226412964969301,-171.38948889496987,-0.043073508141485264,-320.23076923074245,False,0.6529278713244534,True,ohlcv_proxy
SHORT,2025-09-10 13:35:00,2025-09-10 14:05:00,2025-09-10 14:30:00,UNKNOWN,buy_side,bearish,WIN,2.0,5,7,2231.0,0.9954222178595968,115.3593941267136,0.05170748279996127,306.9765013054541,False,1.0,True,ohlcv_proxy
SHORT,2025-09-10 15:30:00,2025-09-10 16:00:00,2025-09-10 16:05:00,UNKNOWN,buy_side,bearish,WIN,2.0,1,7,3142.0,1.2962260103302035,543.2691291111832,0.17290551531227985,280.8495145631158,False,0.7266072565245066,True,ohlcv_proxy
SHORT,2025-09-11 15:30:00,2025-09-11 16:20:00,2025-09-11 16:25:00,UNKNOWN,buy_side,bearish,WIN,2.0,1,11,5037.0,1.3185587736382487,736.8951879194774,0.14629644389904256,230.13602550480675,False,0.9070875521143538,True,ohlcv_proxy
SHORT,2025-09-11 21:05:00,2025-09-11 22:05:00,2025-09-11 22:10:00,UNKNOWN,buy_side,bearish,WIN,2.0,1,13,3596.0,0.8630206683370294,-71.7201663249316,-0.01994442890014783,162.30357142852762,True,0.2310901001112347,True,ohlcv_proxy
SHORT,2025-09-11 22:35:00,2025-09-12 01:00:00,2025-09-12 01:05:00,UNKNOWN,buy_side,bearish,LOSS,-1.0,1,18,3293.0,0.7233292916512908,-446.1142903207924,-0.1354735166476746,156.91489361703748,True,0.6817491648952323,True,ohlcv_proxy
LONG,2025-09-11 23:25:00,2025-09-12 01:15:00,2025-09-12 01:20:00,UNKNOWN,sell_side,bullish,WIN,2.0,1,11,1509.0,0.569550021513818,80.81180788351776,0.05355321927337161,-53.09090909092555,True,0.4824387011265739,True,ohlcv_proxy
LONG,2025-09-16 14:00:00,2025-09-16 15:15:00,2025-09-16 15:20:00,UNKNOWN,sell_side,bullish,WIN,2.0,1,16,6631.0,1.1316626617879961,773.4628204956398,0.1166434656153883,294.29692832764783,True,0.6077514703664606,True,ohlcv_proxy
SHORT,2025-09-16 14:45:00,2025-09-16 15:40:00,2025-09-16 16:00:00,UNKNOWN,buy_side,bearish,WIN,2.0,4,12,5473.0,1.2175859184508873,-119.56342966600869,-0.021846049637494737,368.67469879515716,True,0.3606797003471588,True,ohlcv_proxy
SHORT,2025-09-16 17:15:00,2025-09-16 18:20:00,2025-09-16 18:25:00,UNKNOWN,buy_side,bearish,WIN,2.0,1,14,7283.0,1.0850003873405198,-790.5979072047635,-0.10855387988531696,-344.0118577074784,True,0.5028147741315392,True,ohlcv_proxy
LONG,2025-09-16 18:30:00,2025-09-16 19:40:00,2025-09-16 19:45:00,UNKNOWN,sell_side,bullish,WIN,2.0,1,15,6504.0,0.8980200480490432,511.23635712705754,0.07860337594204451,-305.2956521738621,True,0.5285977859778598,True,ohlcv_proxy
LONG,2025-09-17 05:35:00,2025-09-17 06:00:00,2025-09-17 08:00:00,UNKNOWN,sell_side,bullish,WIN,2.0,24,6,2125.0,1.2041570334103995,435.5924334134063,0.2049846745474853,-253.57499999996685,True,0.6710588235294118,True,ohlcv_proxy
SHORT,2025-09-17 08:00:00,2025-09-17 08:25:00,2025-09-17 08:35:00,UNKNOWN,buy_side,bearish,WIN,2.0,2,6,1874.0,1.0587570621468927,-0.1492165352972279,-7.96246186217865e-05,305.05263157887885,True,1.0,True,ohlcv_proxy
SHORT,2025-09-17 13:00:00,2025-09-17 14:10:00,2025-09-17 14:15:00,UNKNOWN,buy_side,bearish,WIN,2.0,1,15,5332.0,1.039011652831365,682.6918513094624,0.12803673130335005,-140.56310679612852,False,0.6483495873968492,True,ohlcv_proxy
LONG,2025-09-22 05:45:00,2025-09-22 07:20:00,2025-09-22 07:45:00,UNKNOWN,sell_side,bullish,WIN,2.0,5,20,6825.0,0.9317151750122864,-624.6848648735263,-0.091528917930187,-271.794701986771,False,0.4123076923076923,True,ohlcv_proxy
SHORT,2025-09-23 04:40:00,2025-09-23 05:10:00,2025-09-23 05:15:00,UNKNOWN,buy_side,bearish,WIN,2.0,1,7,2829.0,1.3424888956379788,-1111.1548464145617,-0.3927730103975121,-132.63955119213077,True,1.0,True,ohlcv_proxy
SHORT,2025-09-23 16:40:00,2025-09-23 17:15:00,2025-09-23 17:20:00,UNKNOWN,buy_side,bearish,WIN,4.306722689075433,1,8,3489.0,1.1796727076007574,-665.0600198674338,-0.19061622810760498,-216.1142020497757,True,0.7572370306678131,True,ohlcv_proxy
LONG,2025-09-25 12:25:00,2025-09-25 12:55:00,2025-09-25 13:50:00,UNKNOWN,sell_side,bullish,WIN,2.0,11,7,2743.0,0.9927471191151773,546.0499737657328,0.1990703513546237,121.470149253763,True,0.8479766678818812,True,ohlcv_proxy
LONG,2025-09-26 02:10:00,2025-09-26 03:05:00,2025-09-26 03:10:00,UNKNOWN,sell_side,bullish,WIN,2.0,1,12,4260.0,1.2053510797229392,469.89514387853865,0.11030402438463348,183.85404339247953,True,0.7014084507042253,True,ohlcv_proxy
SHORT,2025-09-26 04:05:00,2025-09-26 05:00:00,2025-09-26 05:10:00,UNKNOWN,buy_side,bearish,WIN,2.0,2,12,5303.0,1.3040505980484736,-640.580817529406,-0.12079593013943164,355.5555555555077,True,0.7376956439751085,True,ohlcv_proxy
LONG,2025-09-26 08:15:00,2025-09-26 08:40:00,2025-09-26 08:45:00,UNKNOWN,sell_side,bullish,WIN,2.0,1,6,1829.0,0.948100688396782,425.8593747190695,0.23283727431332393,-11.829059829117853,True,1.0,True,ohlcv_proxy
SHORT,2025-09-26 08:35:00,2025-09-26 09:05:00,2025-09-26 09:10:00,UNKNOWN,buy_side,bearish,LOSS,-1.0,1,7,2644.0,1.1822043371339146,613.1638661736653,0.23190766496734694,412.4529914530251,False,0.6985627836611196,True,ohlcv_proxy
LONG,2025-09-26 08:50:00,2025-09-26 09:35:00,2025-09-26 10:00:00,UNKNOWN,sell_side,bullish,LOSS,-1.0,5,10,4155.0,1.264917194349732,610.7675480735143,0.14699579977701907,-112.27077747991905,True,0.6002406738868833,True,ohlcv_proxy
SHORT,2025-09-26 09:10:00,2025-09-26 10:15:00,2025-09-26 10:20:00,UNKNOWN,buy_side,bearish,WIN,2.0,1,14,6019.0,1.2686000927370065,-93.29816120400346,-0.015500608274464773,83.14521452141452,True,0.4389433460707759,True,ohlcv_proxy
SHORT,2025-09-26 18:30:00,2025-09-26 19:30:00,2025-09-26 20:35:00,UNKNOWN,buy_side,bearish,LOSS,-1.0,13,13,5655.0,0.9021527230494836,-663.0496391749543,-0.11725015723695037,-31.301204819306406,True,0.9218390804597701,True,ohlcv_proxy
SHORT,2025-09-29 09:40:00,2025-09-29 11:10:00,2025-09-29 11:20:00,UNKNOWN,buy_side,bearish,WIN,2.0,2,19,8426.0,1.0248040028897867,179.72676638568555,0.02133002212030448,373.649122806916,False,0.6333966294801804,True,ohlcv_proxy
LONG,2025-09-29 22:05:00,2025-09-29 22:50:00,2025-09-29 23:10:00,UNKNOWN,sell_side,bullish,WIN,2.0,4,10,3529.0,0.964154964209606,936.2711213952898,0.2653077703018673,285.5614035086645,True,0.8928875035420799,True,ohlcv_proxy
SHORT,2025-09-30 05:00:00,2025-09-30 05:25:00,2025-09-30 05:45:00,UNKNOWN,buy_side,bearish,LOSS,-1.0,4,6,2257.0,1.2643407726091245,-229.9693427360238,-0.10189160068055995,264.5099150142064,True,1.0,True,ohlcv_proxy
SHORT,2025-09-30 15:45:00,2025-09-30 16:25:00,2025-09-30 16:30:00,UNKNOWN,buy_side,bearish,LOSS,-1.0,1,9,3642.0,1.0591150195421553,510.5959946116179,0.14019659379780833,165.65804066544433,False,1.0,True,ohlcv_proxy
SHORT,2025-09-30 20:15:00,2025-09-30 21:20:00,2025-09-30 21:25:00,UNKNOWN,buy_side,bearish,WIN,2.0,1,14,4576.0,0.8847367444162593,153.71141093785536,0.033590780362293564,-23.833333333360883,False,0.5771416083916084,True,ohlcv_proxy
SHORT,2025-10-01 23:55:00,2025-10-02 01:10:00,2025-10-02 01:15:00,UNKNOWN,buy_side,bearish,WIN,2.0,1,4,1148.0,0.9018350930115636,19.768255952299228,0.017219735150086436,129.690721649493,False,1.0,True,ohlcv_proxy
SHORT,2025-10-02 09:10:00,2025-10-02 10:05:00,2025-10-02 10:15:00,UNKNOWN,buy_side,bearish,LOSS,-1.0,2,12,4002.0,1.275822494261668,-590.5426904343662,-0.14756189166276018,195.2307692307478,True,0.6261869065467266,True,ohlcv_proxy
SHORT,2025-10-07 20:35:00,2025-10-07 21:10:00,2025-10-07 21:30:00,UNKNOWN,buy_side,bearish,WIN,2.0,4,8,3197.0,0.9455894183900431,74.68499866073739,0.023360962984278196,388.8130671506741,False,0.7378792618079449,True,ohlcv_proxy
SHORT,2025-10-08 16:10:00,2025-10-08 16:45:00,2025-10-08 16:50:00,UNKNOWN,buy_side,bearish,LOSS,-1.0,1,8,4152.0,1.1591030909415758,-1521.674008121765,-0.3664918131314463,469.23802163836217,True,0.5334778420038536,True,ohlcv_proxy
SHORT,2025-10-10 01:00:00,2025-10-10 01:20:00,2025-10-10 01:25:00,UNKNOWN,buy_side,bearish,WIN,2.0,1,5,1543.0,0.8200031886060478,469.4705514824136,0.3042582964889265,209.7315436241662,False,0.8224238496435515,True,ohlcv_proxy
LONG,2025-10-13 11:35:00,2025-10-13 12:10:00,2025-10-13 12:55:00,UNKNOWN,sell_side,bullish,WIN,2.0,9,8,3464.0,0.9496863622406457,844.3514545990367,0.24375041991889052,-160.97746478871957,True,0.6385681293302541,True,ohlcv_proxy
LONG,2025-10-13 22:00:00,2025-10-13 23:00:00,2025-10-13 23:05:00,UNKNOWN,sell_side,bullish,WIN,2.0,1,13,5664.0,1.0098560812449187,566.1988184544316,0.09996448065932761,-286.59232613911695,True,0.6716101694915254,True,ohlcv_proxy
SHORT,2025-10-13 23:45:00,2025-10-14 01:45:00,2025-10-14 01:50:00,UNKNOWN,buy_side,bearish,LOSS,-1.0,1,13,3755.0,0.8423135245717772,353.23029134434364,0.09406931860035783,197.15085158152692,False,0.7089214380825566,True,ohlcv_proxy
LONG,2025-10-14 01:30:00,2025-10-14 02:20:00,2025-10-14 02:25:00,UNKNOWN,sell_side,bullish,WIN,2.0,1,11,3608.0,0.98950162905756,389.5767627545797,0.10797582116257752,-141.57021276577552,True,0.5138580931263859,True,ohlcv_proxy
SHORT,2025-10-15 02:50:00,2025-10-15 03:40:00,2025-10-15 03:45:00,UNKNOWN,buy_side,bearish,WIN,2.0,1,11,4683.0,1.17467930226608,294.8015301003925,0.06295142645748292,206.6217228463952,False,0.618193465727098,True,ohlcv_proxy
LONG,2025-10-15 03:25:00,2025-10-15 05:30:00,2025-10-15 05:35:00,UNKNOWN,sell_side,bullish,WIN,2.0,1,26,11819.0,1.120420297438931,618.5160534388096,0.05233235074361703,-410.16628701589775,True,0.3477451561045774,True,ohlcv_proxy
LONG,2025-10-15 15:15:00,2025-10-15 16:00:00,2025-10-15 16:10:00,UNKNOWN,sell_side,bullish,WIN,2.0,2,10,4982.0,1.1412470793054472,1.7529521202532123,0.0003518571096453658,56.584856396877626,True,1.0,True,ohlcv_proxy
SHORT,2025-10-16 01:00:00,2025-10-16 01:15:00,2025-10-16 01:20:00,UNKNOWN,buy_side,bearish,LOSS,-1.0,1,4,1355.0,0.8520726431230506,335.072610893903,0.24728605970029743,345.9999999999567,False,1.0,True,ohlcv_proxy
LONG,2025-10-16 01:10:00,2025-10-16 01:30:00,2025-10-16 03:15:00,UNKNOWN,sell_side,bullish,WIN,2.0,21,5,1677.0,0.8668010544270429,332.5886707552528,0.19832359615697842,-228.97959183666478,True,1.0,True,ohlcv_proxy
SHORT,2025-10-20 11:30:00,2025-10-20 11:55:00,2025-10-20 12:05:00,UNKNOWN,buy_side,bearish,WIN,2.0,2,6,2335.0,0.9684617426504746,307.6991825912078,0.1317769518591896,342.4234234235097,False,0.841541755888651,True,ohlcv_proxy
LONG,2025-10-22 03:10:00,2025-10-22 04:40:00,2025-10-22 04:45:00,UNKNOWN,sell_side,bullish,WIN,2.0,1,19,9908.0,1.2118839977005027,2361.8176062047614,0.2383748088620066,381.92294220665224,True,0.41915623738393215,True,ohlcv_proxy
SHORT,2025-10-22 08:15:00,2025-10-22 09:05:00,2025-10-22 09:30:00,UNKNOWN,buy_side,bearish,LOSS,-1.0,5,11,4419.0,1.09076099029941,454.20413821115653,0.10278437162506371,423.0,False,1.0,True,ohlcv_proxy
SHORT,2025-10-27 05:35:00,2025-10-27 07:20:00,2025-10-27 07:25:00,UNKNOWN,buy_side,bearish,LOSS,-1.0,1,22,8695.0,0.9590567161545079,870.1004736491113,0.1000690596491215,239.91463414631062,False,0.2142610695802185,True,ohlcv_proxy
LONG,2025-10-28 02:20:00,2025-10-28 04:20:00,2025-10-28 04:30:00,UNKNOWN,sell_side,bullish,WIN,2.0,2,25,10696.0,1.125598526703499,479.46902107443657,0.04482694662251651,-135.74193548387663,True,0.1900710545998504,True,ohlcv_proxy
LONG,2025-10-28 14:45:00,2025-10-28 15:20:00,2025-10-28 15:25:00,UNKNOWN,sell_side,bullish,WIN,2.0,1,8,3849.0,1.084640876504802,940.4468971403746,0.24433538507154445,-16.062407132214275,True,0.6315926214601195,True,ohlcv_proxy
LONG,2025-10-31 06:05:00,2025-10-31 07:00:00,2025-10-31 07:05:00,UNKNOWN,sell_side,bullish,LOSS,-1.0,1,12,4358.0,0.8910753426898289,491.2663114896586,0.112727469364309,-368.0,True,0.4924277191372189,True,ohlcv_proxy
LONG,2025-10-31 11:15:00,2025-10-31 12:45:00,2025-10-31 13:00:00,UNKNOWN,sell_side,bullish,WIN,2.0,3,19,7119.0,0.9632480089627121,281.78312257921425,0.03958184050838801,-111.51122625212669,True,0.5351875263379688,True,ohlcv_proxy
LONG,2025-10-31 13:05:00,2025-10-31 14:00:00,2025-10-31 14:10:00,UNKNOWN,sell_side,bullish,WIN,2.0,2,12,4430.0,0.9663037029281402,531.8821595644054,0.12006369290392897,295.47567567557303,True,0.9142212189616253,True,ohlcv_proxy
SHORT,2025-11-04 13:50:00,2025-11-04 15:10:00,2025-11-04 15:15:00,UNKNOWN,buy_side,bearish,WIN,2.0,1,17,6629.0,1.0501485954717986,105.49749499962172,0.015914541408903565,-97.43844492437964,False,0.4490873434907226,True,ohlcv_proxy
LONG,2025-11-04 14:30:00,2025-11-04 15:15:00,2025-11-04 15:25:00,UNKNOWN,sell_side,bullish,LOSS,-1.0,2,10,4141.0,1.1135312466387006,69.45467416680049,0.01677244003062074,-206.86567164179385,True,1.0,True,ohlcv_proxy
SHORT,2025-11-04 18:15:00,2025-11-04 19:10:00,2025-11-04 19:20:00,UNKNOWN,buy_side,bearish,WIN,2.0,2,12,5085.0,0.9530610408888489,-399.12155140823097,-0.07848998061125487,-11.801886792442701,True,0.9162241887905604,True,ohlcv_proxy
LONG,2025-11-05 02:40:00,2025-11-05 03:50:00,2025-11-05 03:55:00,UNKNOWN,sell_side,bullish,WIN,2.0,1,15,6435.0,1.231484671029969,263.9039067402432,0.04101070811814191,-300.42500000000905,True,0.3212121212121212,True,ohlcv_proxy
LONG,2025-11-05 18:10:00,2025-11-05 19:05:00,2025-11-05 19:10:00,UNKNOWN,sell_side,bullish,WIN,2.0,1,12,4794.0,0.9517796731309859,-494.11163259206387,-0.10306875940593739,-105.86642599278886,False,0.5098039215686274,True,ohlcv_proxy
SHORT,2025-11-07 06:50:00,2025-11-07 07:30:00,2025-11-07 07:35:00,UNKNOWN,buy_side,bearish,WIN,2.0,1,9,2589.0,0.9025119742318714,434.8566701920199,0.16796317890769405,-8.230547550397432,False,0.8810351487060641,True,ohlcv_proxy
SHORT,2025-11-07 13:00:00,2025-11-07 13:25:00,2025-11-07 13:30:00,UNKNOWN,buy_side,bearish,WIN,2.0,1,6,2321.0,1.103850397595404,-361.5643929149775,-0.15577957471563011,-209.88621444203253,True,0.7087462300732443,True,ohlcv_proxy
SHORT,2025-11-07 13:00:00,2025-11-07 14:05:00,2025-11-07 14:10:00,UNKNOWN,buy_side,bearish,WIN,2.0,1,14,5537.0,1.0958714325297867,414.9511343807503,0.07494150882802064,172.46127946128388,False,0.2662091385226657,True,ohlcv_proxy
SHORT,2025-11-07 16:10:00,2025-11-07 17:00:00,2025-11-07 17:15:00,UNKNOWN,buy_side,bearish,WIN,2.0,3,11,5132.0,1.1146441479010287,163.24376384885545,0.03180899529400925,149.55828220855335,False,0.5233826968043648,True,ohlcv_proxy
LONG,2025-11-07 17:40:00,2025-11-07 19:15:00,2025-11-07 19:20:00,UNKNOWN,sell_side,bullish,WIN,2.0,1,20,9201.0,1.022378772389884,888.2895077459825,0.09654271359047739,-159.68534482757457,True,0.28551244429953265,True,ohlcv_proxy
SHORT,2025-11-10 12:35:00,2025-11-10 12:50:00,2025-11-10 13:35:00,UNKNOWN,buy_side,bearish,LOSS,-1.0,9,4,1592.0,0.969691063249196,-127.71157213611332,-0.08022083676891541,209.57575757576512,True,1.0,True,ohlcv_proxy
LONG,2025-11-11 04:30:00,2025-11-11 04:45:00,2025-11-11 05:05:00,UNKNOWN,sell_side,bullish,WIN,2.0,4,4,1548.0,1.1027526072832963,225.6563811226464,0.14577285602238138,-185.00000000001887,True,1.0,True,ohlcv_proxy
LONG,2025-11-11 09:50:00,2025-11-11 10:20:00,2025-11-11 10:25:00,UNKNOWN,sell_side,bullish,WIN,2.0,1,7,2688.0,1.0888057162300102,553.8472655693267,0.20604436963144596,137.74054054062412,True,0.5721726190476191,True,ohlcv_proxy
SHORT,2025-11-11 11:25:00,2025-11-11 12:15:00,2025-11-11 12:30:00,UNKNOWN,buy_side,bearish,WIN,2.0,3,11,3680.0,0.936944643884654,-6.684247729684557,-0.0018163716656751515,164.33582089559468,True,0.6932065217391304,True,ohlcv_proxy
SHORT,2025-11-14 05:20:00,2025-11-14 05:55:00,2025-11-14 06:10:00,UNKNOWN,buy_side,bearish,WIN,2.0,3,8,2943.0,0.9368792339428512,-18.76597591750533,-0.006376478395346697,119.81097560967885,True,1.0,True,ohlcv_proxy
LONG,2025-11-14 20:00:00,2025-11-14 20:40:00,2025-11-14 20:50:00,UNKNOWN,sell_side,bullish,WIN,2.0,2,9,3817.0,0.9731783182907551,652.604443752648,0.1709731317140812,-108.27768595048181,True,0.8941577154833639,True,ohlcv_proxy
LONG,2025-11-17 01:00:00,2025-11-17 02:00:00,2025-11-17 05:00:00,UNKNOWN,sell_side,bullish,LOSS,-1.0,36,13,6033.0,1.2275218829733987,-361.01275996847244,-0.05983967511494653,-104.75446960672161,False,0.28874523454334494,True,ohlcv_proxy
SHORT,2025-11-17 12:00:00,2025-11-17 13:40:00,2025-11-17 13:45:00,UNKNOWN,buy_side,bearish,WIN,2.0,1,21,9290.0,0.9785457272627686,-1921.5205286145501,-0.20683751653547364,80.36896551724374,True,0.3806243272335845,True,ohlcv_proxy
SHORT,2025-11-18 02:55:00,2025-11-18 04:15:00,2025-11-18 04:20:00,UNKNOWN,buy_side,bearish,WIN,2.0,1,17,7892.0,1.1749222871979323,683.1211723648644,0.08655868884501576,-4.79761904765104,False,0.591611758743031,True,ohlcv_proxy
SHORT,2025-11-19 09:40:00,2025-11-19 10:25:00,2025-11-19 10:30:00,UNKNOWN,buy_side,bearish,WIN,2.0,1,10,3809.0,1.0486179936130382,-161.46109405240622,-0.04238936572654403,256.48854961833126,True,0.4870044631136781,True,ohlcv_proxy
SHORT,2025-11-19 20:50:00,2025-11-19 22:15:00,2025-11-19 22:25:00,UNKNOWN,buy_side,bearish,WIN,2.0,2,18,7535.0,0.9594130709367232,932.3348097662288,0.12373388318065412,325.7295373665203,False,0.2911745189117452,True,ohlcv_proxy
SHORT,2025-11-20 09:05:00,2025-11-20 09:25:00,2025-11-20 09:40:00,UNKNOWN,buy_side,bearish,WIN,2.0,3,5,1964.0,1.0749274807071314,-370.01649958665143,-0.188399439708071,-27.85894736841493,True,1.0,True,ohlcv_proxy
SHORT,2025-11-20 09:05:00,2025-11-20 09:45:00,2025-11-20 10:00:00,UNKNOWN,buy_side,bearish,WIN,2.0,3,9,3504.0,1.0611429090578723,-348.86312499162455,-0.09956139411861431,147.6402116402096,True,0.7776826484018264,True,ohlcv_proxy
LONG,2025-11-20 10:20:00,2025-11-20 11:30:00,2025-11-20 11:35:00,UNKNOWN,sell_side,bullish,WIN,2.0,1,15,6444.0,1.050726410018099,755.3060073165407,0.11721073980703611,296.9588550984213,True,0.4692737430167598,True,ohlcv_proxy
SHORT,2025-11-21 01:40:00,2025-11-21 02:35:00,2025-11-21 02:40:00,UNKNOWN,buy_side,bearish,LOSS,-1.0,1,12,3776.0,0.9688013136288999,86.14238418080822,0.022813131403815738,326.05217391301585,False,0.6684322033898306,True,ohlcv_proxy
LONG,2025-11-21 07:45:00,2025-11-21 08:10:00,2025-11-21 08:25:00,UNKNOWN,sell_side,bullish,LOSS,-1.0,3,6,2591.0,1.1086863500213948,-776.1418724852141,-0.29955301909888615,-404.7096774193599,False,0.6711694326514859,True,ohlcv_proxy
LONG,2025-11-24 04:50:00,2025-11-24 05:45:00,2025-11-24 06:05:00,UNKNOWN,sell_side,bullish,WIN,2.0,4,12,4615.0,0.9974151494717914,1088.2702207891616,0.23581153213199602,-247.39832869084205,True,0.7432286023835319,True,ohlcv_proxy
SHORT,2025-11-24 06:10:00,2025-11-24 08:00:00,2025-11-24 08:05:00,UNKNOWN,buy_side,bearish,LOSS,-1.0,1,23,8940.0,1.0053167084986372,1019.2566371578755,0.11401080952548943,418.20430107528523,False,0.1779642058165548,True,ohlcv_proxy
SHORT,2025-11-24 12:00:00,2025-11-24 12:55:00,2025-11-24 13:00:00,UNKNOWN,buy_side,bearish,WIN,2.0,1,12,4741.0,0.9619754890025161,-1526.4131032444416,-0.3219601567695511,-318.814285714256,True,0.743092174646699,True,ohlcv_proxy
LONG,2025-11-25 14:40:00,2025-11-25 15:25:00,2025-11-25 15:30:00,UNKNOWN,sell_side,bullish,WIN,2.0,1,10,4421.0,1.1026587519329576,1019.144580659907,0.23052354233429245,247.40769230766216,True,0.4897082108120335,True,ohlcv_proxy
SHORT,2025-11-26 12:00:00,2025-11-26 12:50:00,2025-11-26 13:15:00,UNKNOWN,buy_side,bearish,LOSS,-1.0,5,11,4136.0,0.9845509295627128,57.56617958539732,0.013918321950047708,323.8427299702148,False,0.7243713733075435,True,ohlcv_proxy
LONG,2025-11-27 07:40:00,2025-11-27 08:25:00,2025-11-27 08:30:00,UNKNOWN,sell_side,bullish,WIN,2.0,1,10,3781.0,1.12442752631892,455.07796489213024,0.12035915495692416,402.161194029826,True,0.42025919069029355,True,ohlcv_proxy
SHORT,2025-11-28 03:40:00,2025-11-28 04:35:00,2025-11-28 05:00:00,UNKNOWN,buy_side,bearish,LOSS,-1.0,5,12,4474.0,1.2430263830543886,117.67517326617872,0.02630200564733543,347.057761732936,False,0.9155118462226196,True,ohlcv_proxy
SHORT,2025-12-01 01:00:00,2025-12-01 01:20:00,2025-12-01 02:25:00,UNKNOWN,buy_side,bearish,LOSS,-1.0,13,5,2984.0,1.4048302810602136,589.204483052215,0.1974545854732624,443.32978723403846,False,0.6618632707774799,True,ohlcv_proxy
SHORT,2025-12-01 06:45:00,2025-12-01 08:45:00,2025-12-01 08:50:00,UNKNOWN,buy_side,bearish,WIN,2.0,1,25,11940.0,1.0403415526705586,1902.853121707698,0.15936793314134823,262.9802761340163,False,0.19899497487437187,True,ohlcv_proxy
LONG,2025-12-01 14:50:00,2025-12-01 15:50:00,2025-12-01 15:55:00,UNKNOWN,sell_side,bullish,LOSS,-1.0,1,13,6716.0,1.0705723321771068,-775.7274668854097,-0.11550438756483171,-267.8992042439536,False,0.6217986896962477,True,ohlcv_proxy
LONG,2025-12-01 14:50:00,2025-12-01 15:50:00,2025-12-01 15:55:00,UNKNOWN,sell_side,bullish,LOSS,-1.0,1,13,6716.0,1.0705723321771068,-775.7274668854097,-0.11550438756483171,-267.8992042439536,False,0.6217986896962477,True,ohlcv_proxy
LONG,2025-12-02 03:05:00,2025-12-02 04:00:00,2025-12-02 04:15:00,UNKNOWN,sell_side,bullish,WIN,2.0,3,12,5526.0,1.2742114001106808,417.41014030834276,0.0755356750467504,-170.1279999999242,True,1.0,True,ohlcv_proxy
LONG,2025-12-02 23:50:00,2025-12-03 01:10:00,2025-12-03 01:50:00,UNKNOWN,sell_side,bullish,WIN,2.0,8,5,1477.0,0.8659201500850091,-598.1742216157008,-0.40499270251570807,-238.56687898091275,False,1.0,True,ohlcv_proxy
SHORT,2025-12-05 02:15:00,2025-12-05 03:20:00,2025-12-05 03:30:00,UNKNOWN,buy_side,bearish,WIN,2.0,2,14,5562.0,1.3420001158144652,-867.9609958904002,-0.15605195898784613,413.3793103447467,True,0.6375404530744336,True,ohlcv_proxy
LONG,2025-12-09 02:55:00,2025-12-09 03:05:00,2025-12-09 03:10:00,UNKNOWN,sell_side,bullish,WIN,2.0,1,3,1321.0,1.5622413018283308,151.48392868922747,0.11467367803877931,63.249056603741906,True,1.0,True,ohlcv_proxy
SHORT,2025-12-09 05:20:00,2025-12-09 06:10:00,2025-12-09 06:35:00,UNKNOWN,buy_side,bearish,WIN,2.0,5,11,4071.0,0.9950285236621742,-216.74818386414313,-0.05324200045790792,195.55555555545322,True,0.6949152542372882,True,ohlcv_proxy
LONG,2025-12-09 14:10:00,2025-12-09 15:00:00,2025-12-09 15:05:00,UNKNOWN,sell_side,bullish,WIN,2.0,1,11,4410.0,0.9512839097121558,606.9058749081787,0.13762037979777295,438.13163481967445,True,0.71859410430839,True,ohlcv_proxy
LONG,2025-12-09 16:05:00,2025-12-09 16:55:00,2025-12-09 17:05:00,UNKNOWN,sell_side,bullish,LOSS,-1.0,2,11,5935.0,1.2058498447734993,344.7835120302534,0.05809326234713621,-25.00172117035038,True,0.5634372367312552,True,ohlcv_proxy
LONG,2025-12-10 07:10:00,2025-12-10 08:15:00,2025-12-10 10:10:00,UNKNOWN,sell_side,bullish,LOSS,-1.0,23,14,6108.0,1.1213264991408305,-297.0351120780824,-0.04863050295973845,-385.776340110958,False,0.4340209561231172,True,ohlcv_proxy
SHORT,2025-12-10 21:00:00,2025-12-10 21:45:00,2025-12-10 21:55:00,UNKNOWN,buy_side,bearish,LOSS,-1.0,2,10,62856.0,2.045747464621874,-4787.707980363964,-0.07616946640517953,1279.7636363639522,True,1.0,True,ohlcv_proxy
SHORT,2025-12-11 10:40:00,2025-12-11 11:25:00,2025-12-11 11:30:00,UNKNOWN,buy_side,bearish,WIN,2.0,1,10,21050.0,1.0219835705824094,-4727.168950994144,-0.2245685962467527,-1736.2295081968205,True,0.6078384798099763,True,ohlcv_proxy
LONG,2025-12-11 11:00:00,2025-12-11 12:25:00,2025-12-11 12:30:00,UNKNOWN,sell_side,bullish,LOSS,-1.0,1,18,37864.0,1.053526631986876,-6663.9226308297275,-0.17599626639630592,-484.9370078739902,False,0.3710648637227974,True,ohlcv_proxy
LONG,2025-12-12 16:35:00,2025-12-12 17:00:00,2025-12-12 17:10:00,UNKNOWN,sell_side,bullish,WIN,2.0,2,6,21632.0,1.5096825702569086,-1330.3484762422486,-0.061499097459423474,-2819.981191222294,False,0.8452292899408284,True,ohlcv_proxy
LONG,2025-12-12 22:30:00,2025-12-12 23:50:00,2025-12-15 01:15:00,UNKNOWN,sell_side,bullish,WIN,2.0,3,17,18824.0,0.6487696674676339,6701.471865278744,0.35600679267311647,-550.2718894009536,True,0.6493837654058648,True,ohlcv_proxy
SHORT,2025-12-15 05:00:00,2025-12-15 05:30:00,2025-12-15 06:10:00,UNKNOWN,buy_side,bearish,LOSS,-1.0,8,7,14544.0,1.416282181370592,2361.1471379461946,0.16234510024382526,1169.774590164212,False,0.6168179317931793,True,ohlcv_proxy
SHORT,2025-12-16 02:10:00,2025-12-16 03:10:00,2025-12-16 03:30:00,UNKNOWN,buy_side,bearish,LOSS,-1.0,4,13,20431.0,1.576818886942294,-843.1876106139134,-0.041270011776903405,-1313.1230769234562,True,0.8601145318388723,True,ohlcv_proxy
LONG,2025-12-16 03:00:00,2025-12-16 03:55:00,2025-12-16 04:00:00,UNKNOWN,sell_side,bullish,WIN,2.0,1,12,27809.0,2.109503956694825,-463.24604045490923,-0.016658133714082105,525.1984962405759,False,0.5448955374159444,True,ohlcv_proxy
SHORT,2025-12-17 17:30:00,2025-12-17 17:45:00,2025-12-17 17:50:00,UNKNOWN,buy_side,bearish,WIN,2.0,1,4,15005.0,1.5116255641521599,799.1289101045804,0.053257508170915055,2023.981308411826,False,1.0,True,ohlcv_proxy
SHORT,2025-12-17 19:55:00,2025-12-17 21:15:00,2025-12-17 21:20:00,UNKNOWN,buy_side,bearish,WIN,2.0,1,17,38766.0,0.805089972947681,3555.223752252845,0.09170984244577322,194.24081632652064,False,0.4875922199865862,True,ohlcv_proxy
SHORT,2025-12-18 08:30:00,2025-12-18 09:10:00,2025-12-18 09:25:00,UNKNOWN,buy_side,bearish,LOSS,-1.0,3,9,13116.0,1.0053348050036792,-1988.3081774199154,-0.1515940970890451,-305.6488549618341,True,1.0,True,ohlcv_proxy
SHORT,2025-12-18 15:50:00,2025-12-18 17:00:00,2025-12-18 17:20:00,UNKNOWN,buy_side,bearish,WIN,2.0,4,15,49098.0,1.6963980305778699,-194.63125541980116,-0.003964138160817165,2142.050847457388,True,0.6388447594606705,True,ohlcv_proxy
LONG,2025-12-18 21:50:00,2025-12-18 22:50:00,2025-12-18 22:55:00,UNKNOWN,sell_side,bullish,WIN,2.0,1,13,28148.0,0.8651855931906439,3982.4212723575474,0.14148150036796744,-1537.476744185573,True,0.6343612334801763,True,ohlcv_proxy
SHORT,2025-12-22 19:10:00,2025-12-22 19:35:00,2025-12-22 20:45:00,UNKNOWN,buy_side,bearish,WIN,2.0,14,6,8701.0,0.658269027084279,-2687.295501509545,-0.3088490405136817,1031.052631578736,True,1.0,True,ohlcv_proxy
LONG,2025-12-22 21:15:00,2025-12-22 22:20:00,2025-12-22 22:30:00,UNKNOWN,sell_side,bullish,LOSS,-1.0,2,14,14041.0,0.7952681516656397,3671.432760813763,0.26147943599556744,-688.6142322100645,True,0.5086532298269354,True,ohlcv_proxy
SHORT,2025-12-23 22:55:00,2025-12-23 23:45:00,2025-12-23 23:50:00,UNKNOWN,buy_side,bearish,WIN,2.0,1,11,8414.0,0.5521693021693022,-1781.5433327474402,-0.21173559932819588,-191.11764705904204,True,0.6402424530544331,True,ohlcv_proxy
LONG,2025-12-24 06:15:00,2025-12-24 07:00:00,2025-12-24 07:05:00,UNKNOWN,sell_side,bullish,LOSS,-1.0,1,10,11285.0,0.5435410846739236,301.81752602881807,0.026745017813807538,-1140.3014048533473,True,0.47585290208241027,True,ohlcv_proxy
SHORT,2025-12-24 06:35:00,2025-12-24 08:35:00,2025-12-24 08:40:00,UNKNOWN,buy_side,bearish,WIN,2.0,1,25,38615.0,0.8671487278525072,1952.719396046159,0.05056893424954446,659.0474576269798,False,0.20204583710993138,True,ohlcv_proxy
SHORT,2025-12-24 11:45:00,2025-12-24 12:55:00,2025-12-24 13:05:00,UNKNOWN,buy_side,bearish,WIN,2.0,2,15,19828.0,0.7912147548702723,632.5123253123511,0.031899955886239215,-323.4226804116722,False,0.6970445834173895,True,ohlcv_proxy
SHORT,2025-12-26 21:10:00,2025-12-26 21:40:00,2025-12-26 21:45:00,UNKNOWN,buy_side,bearish,WIN,2.0,1,7,12748.0,0.7392561973885955,1852.762550707368,0.1453375078998563,159.70066518857038,False,0.8673517414496391,True,ohlcv_proxy
SHORT,2025-12-30 09:45:00,2025-12-30 10:55:00,2025-12-30 11:10:00,UNKNOWN,buy_side,bearish,LOSS,-1.0,3,15,30144.0,0.9149850659284621,4581.568656298887,0.15198940606087072,557.798319327811,False,0.48128980891719747,True,ohlcv_proxy
LONG,2025-12-30 18:05:00,2025-12-30 19:20:00,2025-12-30 19:25:00,UNKNOWN,sell_side,bullish,WIN,2.0,1,16,42730.0,0.8516240847980816,1520.1009194411454,0.03557455931292173,1957.6807817590252,True,0.5877135501989235,True,ohlcv_proxy
SHORT,2025-12-31 20:15:00,2025-12-31 20:35:00,2025-12-31 20:40:00,UNKNOWN,buy_side,bearish,WIN,2.0,1,5,9317.0,0.7770253365136024,-217.49646044083147,-0.02334404426755731,960.0979782268737,True,1.0,True,ohlcv_proxy
SHORT,2026-01-02 12:50:00,2026-01-02 13:40:00,2026-01-02 13:45:00,UNKNOWN,buy_side,bearish,WIN,2.0,1,11,12385.0,0.8279717399908012,-963.796881404317,-0.07781969167576237,547.548387097042,True,0.9196608800968914,True,ohlcv_proxy
SHORT,2026-01-05 07:10:00,2026-01-05 07:45:00,2026-01-05 08:00:00,UNKNOWN,buy_side,bearish,LOSS,-1.0,3,8,13740.0,0.8344102529222577,-1794.2284254661754,-0.1305843104414975,1252.2685185184964,True,1.0,True,ohlcv_proxy
LONG,2026-01-05 07:40:00,2026-01-05 08:10:00,2026-01-05 08:25:00,UNKNOWN,sell_side,bullish,WIN,2.0,3,7,17991.0,1.2892227257483384,5706.248183474436,0.3171723741578809,1215.7631224765669,True,1.0,True,ohlcv_proxy
SHORT,2026-01-05 12:35:00,2026-01-05 13:20:00,2026-01-05 13:25:00,UNKNOWN,buy_side,bearish,WIN,2.0,1,10,17263.0,1.0827270446562969,-5261.687910444951,-0.3047956850167961,-774.0497512435682,True,0.5653710247349824,True,ohlcv_proxy
SHORT,2026-01-05 20:55:00,2026-01-05 21:25:00,2026-01-05 21:55:00,UNKNOWN,buy_side,bearish,WIN,2.0,6,7,12448.0,0.8290067103724403,2947.537921477926,0.23678807209816244,169.4079422382033,False,0.5315713367609255,True,ohlcv_proxy
SHORT,2026-01-06 07:00:00,2026-01-06 09:00:00,2026-01-06 09:05:00,UNKNOWN,buy_side,bearish,WIN,2.0,1,25,50543.0,1.1890931761772006,4715.522620952397,0.09329724434545629,-1027.830687830672,False,0.2779415547157866,True,ohlcv_proxy
LONG,2026-01-06 15:25:00,2026-01-06 16:10:00,2026-01-06 16:15:00,UNKNOWN,sell_side,bullish,LOSS,-1.0,1,10,25694.0,1.4839328204772795,4389.632984541357,0.17084272532658817,1251.4327272717965,True,0.4168288316338445,True,ohlcv_proxy
LONG,2026-01-06 15:50:00,2026-01-06 17:30:00,2026-01-06 17:35:00,UNKNOWN,sell_side,bullish,LOSS,-1.0,1,21,65663.0,1.312561192421155,998.2294714480522,0.015202312892314579,-2218.645077720237,True,0.4263283736655346,True,ohlcv_proxy
LONG,2026-01-07 03:55:00,2026-01-07 04:45:00,2026-01-07 04:50:00,UNKNOWN,sell_side,bullish,WIN,2.0,1,11,22838.0,1.2606299064822142,3795.3130375497076,0.16618412459714982,1182.3225806449195,True,0.7870216306156406,True,ohlcv_proxy
LONG,2026-01-07 21:05:00,2026-01-07 21:55:00,2026-01-07 22:15:00,UNKNOWN,sell_side,bullish,WIN,2.0,4,11,18588.0,0.8514482131863621,1624.8092416947802,0.08741173023965892,-887.1733333337129,True,0.5687540348612008,True,ohlcv_proxy
SHORT,2026-01-09 10:05:00,2026-01-09 11:10:00,2026-01-09 11:15:00,UNKNOWN,buy_side,bearish,LOSS,-1.0,1,14,18727.0,0.9729302308183068,1598.3239030679197,0.08534863582356596,1309.8526912181146,False,0.49233726704757835,True,ohlcv_proxy
SHORT,2026-01-09 14:00:00,2026-01-09 15:00:00,2026-01-09 15:20:00,UNKNOWN,buy_side,bearish,WIN,2.0,4,13,20510.0,1.390919620986271,-339.3643951753256,-0.01654628937958682,2431.101644244982,True,0.5851779619697709,True,ohlcv_proxy
LONG,2026-01-12 06:30:00,2026-01-12 07:20:00,2026-01-12 07:30:00,UNKNOWN,sell_side,bullish,WIN,2.0,2,11,13591.0,0.5903340028215802,2298.931274591656,0.16915100247161033,378.1238938051047,True,1.0,True,ohlcv_proxy
LONG,2026-01-12 14:15:00,2026-01-12 16:25:00,2026-01-12 16:30:00,UNKNOWN,sell_side,bullish,WIN,2.0,1,27,68815.0,1.2662730299209564,10315.484099386904,0.14990167985739888,-3034.5722092113037,True,0.1558090532587372,True,ohlcv_proxy
LONG,2026-01-13 03:00:00,2026-01-13 03:15:00,2026-01-13 03:25:00,UNKNOWN,sell_side,bullish,LOSS,-1.0,2,4,12822.0,2.081439443131347,-3435.404941547754,-0.2679305055020866,-1817.8777777777368,False,1.0,True,ohlcv_proxy
SHORT,2026-01-13 03:05:00,2026-01-13 03:40:00,2026-01-13 03:45:00,UNKNOWN,buy_side,bearish,WIN,2.0,1,8,22110.0,1.7715437669863086,-4508.965753721124,-0.20393332219453297,-1420.3156899810874,True,0.7556309362279512,True,ohlcv_proxy
SHORT,2026-01-13 07:25:00,2026-01-13 07:40:00,2026-01-13 08:20:00,UNKNOWN,buy_side,bearish,WIN,2.0,8,4,7179.0,1.038808820975864,2599.244752386028,0.36206223044797714,1448.2743362834617,False,0.7601337233597995,True,ohlcv_proxy
SHORT,2026-01-13 07:25:00,2026-01-13 07:40:00,2026-01-13 08:20:00,UNKNOWN,buy_side,bearish,WIN,2.0,8,4,7179.0,1.038808820975864,2599.244752386028,0.36206223044797714,1448.2743362834617,False,0.7601337233597995,True,ohlcv_proxy
LONG,2026-01-13 08:40:00,2026-01-13 09:35:00,2026-01-13 09:45:00,UNKNOWN,sell_side,bullish,LOSS,-1.0,2,12,15469.0,0.9463106791365075,2820.731798413054,0.18234739145471937,144.71999999996797,True,0.8774322839226841,True,ohlcv_proxy
SHORT,2026-01-13 09:30:00,2026-01-13 09:55:00,2026-01-13 10:05:00,UNKNOWN,buy_side,bearish,LOSS,-1.0,2,6,8669.0,1.0470261992067287,-2340.112838653078,-0.26994034359823255,459.82634730546306,True,0.6848540777482985,True,ohlcv_proxy
LONG,2026-01-13 09:45:00,2026-01-13 10:15:00,2026-01-13 10:25:00,UNKNOWN,sell_side,bullish,WIN,2.0,2,7,10561.0,1.080431313172648,1008.4473607845748,0.09548786675358156,884.0936454847911,True,0.8745383959852286,True,ohlcv_proxy
SHORT,2026-01-13 16:40:00,2026-01-13 17:45:00,2026-01-13 17:50:00,UNKNOWN,buy_side,bearish,WIN,2.0,1,14,54056.0,1.3695686983523423,4486.1468005560055,0.08299072814407292,-888.1683168320374,False,0.5731833653988456,True,ohlcv_proxy
SHORT,2026-01-14 07:30:00,2026-01-14 08:10:00,2026-01-14 08:15:00,UNKNOWN,buy_side,bearish,WIN,2.0,1,9,23531.0,1.4185025638057898,2751.3029939572407,0.11692248497544688,1731.8483647175353,False,0.5840380774297735,True,ohlcv_proxy
LONG,2026-01-14 13:50:00,2026-01-14 14:25:00,2026-01-14 14:35:00,UNKNOWN,sell_side,bullish,LOSS,-1.0,2,8,13809.0,1.1198568814958023,2507.6647520892275,0.18159640467008673,-853.1834319530608,True,0.7671808241002245,True,ohlcv_proxy
SHORT,2026-01-14 14:55:00,2026-01-14 15:20:00,2026-01-14 15:25:00,UNKNOWN,buy_side,bearish,WIN,2.0,1,6,18795.0,1.8302016873495526,-5884.807766683785,-0.3131049623135826,2397.806788512037,True,0.6384676775738228,True,ohlcv_proxy
SHORT,2026-01-15 13:30:00,2026-01-15 13:50:00,2026-01-15 14:10:00,UNKNOWN,buy_side,bearish,WIN,2.0,4,5,5745.0,0.7754187531212461,-1178.7980965705524,-0.2051867879148046,-1040.2189973616355,True,1.0,True,ohlcv_proxy
SHORT,2026-01-16 02:20:00,2026-01-16 03:25:00,2026-01-16 03:30:00,UNKNOWN,buy_side,bearish,WIN,2.0,1,14,28993.0,1.3451256650700656,6101.617329068269,0.21045139616694614,859.1356783913516,False,0.19887559065981444,True,ohlcv_proxy
SHORT,2026-01-16 06:55:00,2026-01-16 07:20:00,2026-01-16 07:30:00,UNKNOWN,buy_side,bearish,LOSS,-1.0,2,6,6335.0,0.6022321089056202,-112.78326227927573,-0.017803198465552603,756.210702341235,True,0.7990528808208366,True,ohlcv_proxy
LONG,2026-01-16 07:10:00,2026-01-16 07:40:00,2026-01-16 07:45:00,UNKNOWN,sell_side,bullish,WIN,2.0,1,7,10998.0,0.9103535959712011,3756.919813941157,0.3416002740444769,1687.6315789476203,True,1.0,True,ohlcv_proxy
LONG,2026-01-20 15:20:00,2026-01-20 17:25:00,2026-01-20 17:30:00,UNKNOWN,sell_side,bullish,WIN,2.0,1,26,92775.0,1.3616645668681144,7057.261486179996,0.07606856896987331,-2477.5068870524865,True,0.21195365130692537,True,ohlcv_proxy
SHORT,2026-01-21 13:15:00,2026-01-21 13:50:00,2026-01-21 13:55:00,UNKNOWN,buy_side,bearish,LOSS,-1.0,1,8,10201.0,0.9213464067399818,455.045789548386,0.044607958979353594,818.7465181054927,False,0.7794333888834428,True,ohlcv_proxy
SHORT,2026-01-21 15:10:00,2026-01-21 16:35:00,2026-01-21 16:40:00,UNKNOWN,buy_side,bearish,WIN,2.0,1,18,54233.0,1.4898750145600235,4859.049934923747,0.08959581684442584,3765.150998538842,False,0.482713477034278,True,ohlcv_proxy
LONG,2026-01-22 15:40:00,2026-01-22 17:00:00,2026-01-22 17:05:00,UNKNOWN,sell_side,bullish,WIN,2.0,1,17,45152.0,1.3831028161973005,9615.932847555043,0.21296803790651672,873.554006968825,True,0.4053641034727144,True,ohlcv_proxy
SHORT,2026-01-23 02:55:00,2026-01-23 03:10:00,2026-01-23 05:15:00,UNKNOWN,buy_side,bearish,WIN,2.0,25,4,13328.0,2.1802002224694106,4530.340464779474,0.33991149945824384,2073.740831295373,False,0.7191626650660264,True,ohlcv_proxy
LONG,2026-01-23 11:25:00,2026-01-23 13:00:00,2026-01-23 13:05:00,UNKNOWN,sell_side,bullish,LOSS,-1.0,1,20,31629.0,0.8816396842386942,8862.58290755664,0.28020433486852697,-1145.0546047269813,True,0.4072528375857599,True,ohlcv_proxy
LONG,2026-01-26 07:10:00,2026-01-26 08:10:00,2026-01-26 08:25:00,UNKNOWN,sell_side,bullish,WIN,2.0,3,13,34739.0,1.1284948940145818,5402.372274553882,0.15551317753976457,-1476.8969072162681,True,0.7099801375975129,True,ohlcv_proxy
LONG,2026-01-26 15:30:00,2026-01-26 16:25:00,2026-01-26 16:30:00,UNKNOWN,sell_side,bullish,WIN,2.0,1,12,34481.0,1.3211354078542439,10598.543235267376,0.3073734298676772,-13.65420560746361,True,1.0,True,ohlcv_proxy
SHORT,2026-01-26 18:00:00,2026-01-26 18:40:00,2026-01-26 19:45:00,UNKNOWN,buy_side,bearish,LOSS,-1.0,13,9,33120.0,1.1363145120949565,-3958.462377222975,-0.1195187915828193,690.8999999999287,True,1.0,True,ohlcv_proxy
LONG,2026-01-26 21:20:00,2026-01-26 22:15:00,2026-01-26 22:30:00,UNKNOWN,sell_side,bullish,WIN,2.0,3,12,55160.0,1.1731577425008084,9708.262100182365,0.17600185098227636,1649.1140350874848,True,1.0,True,ohlcv_proxy
LONG,2026-01-27 04:00:00,2026-01-27 04:50:00,2026-01-27 05:15:00,UNKNOWN,sell_side,bullish,LOSS,-1.0,5,11,24412.0,0.9758047431177626,4403.875104300656,0.18039796429217828,-2023.5144870792353,True,0.7189087334097984,True,ohlcv_proxy
LONG,2026-01-28 08:25:00,2026-01-28 08:55:00,2026-01-28 09:00:00,UNKNOWN,sell_side,bullish,WIN,2.0,1,7,17999.0,1.1330344474198741,2036.2955153926996,0.11313381384480803,1954.2171507604553,True,1.0,True,ohlcv_proxy
LONG,2026-01-28 11:40:00,2026-01-28 12:10:00,2026-01-28 12:30:00,UNKNOWN,sell_side,bullish,LOSS,-1.0,4,7,13205.0,0.8026809116947661,794.2288427581734,0.06014606912216383,-428.32412523039443,True,0.8732298371828853,True,ohlcv_proxy
SHORT,2026-01-28 15:00:00,2026-01-28 16:35:00,2026-01-28 16:40:00,UNKNOWN,buy_side,bearish,LOSS,-1.0,1,20,68787.0,1.266152011132463,3883.9275881859503,0.05646310477540742,4765.360082304365,False,0.46251471935104016,True,ohlcv_proxy
SHORT,2026-01-28 16:55:00,2026-01-28 17:20:00,2026-01-28 18:55:00,UNKNOWN,buy_side,bearish,LOSS,-1.0,19,6,29890.0,1.5638963360142986,4706.184596036752,0.15745013703702748,2276.990773961904,False,0.6231850117096018,True,ohlcv_proxy
SHORT,2026-01-30 23:50:00,2026-02-02 01:05:00,2026-02-02 01:15:00,UNKNOWN,buy_side,bearish,WIN,2.0,2,4,6748.0,0.6690674302575532,1164.5650770451339,0.17257929416792145,-871.9118982743984,False,1.0,True,ohlcv_proxy
SHORT,2026-02-03 10:40:00,2026-02-03 11:35:00,2026-02-03 11:45:00,UNKNOWN,buy_side,bearish,LOSS,-1.0,2,12,32758.0,0.893059663081124,-4981.484423835107,-0.15206924793440096,2645.566284779199,True,0.5000610537883876,True,ohlcv_proxy
LONG,2026-02-03 13:20:00,2026-02-03 14:15:00,2026-02-03 14:25:00,UNKNOWN,sell_side,bullish,LOSS,-1.0,2,12,28755.0,1.0244237149013304,-2218.84978404265,-0.07716396397296643,-2476.027798647481,False,0.8282733437663015,True,ohlcv_proxy
SHORT,2026-02-04 01:00:00,2026-02-04 01:10:00,2026-02-04 02:10:00,UNKNOWN,buy_side,bearish,LOSS,-1.0,12,3,8588.0,0.9045160502096985,-478.9105110767632,-0.05576508047004695,1128.4966887416763,True,1.0,True,ohlcv_proxy
SHORT,2026-02-04 07:40:00,2026-02-04 08:30:00,2026-02-04 08:40:00,UNKNOWN,buy_side,bearish,LOSS,-1.0,2,11,28367.0,1.2404127858673315,-988.7061062138455,-0.03485409476553197,932.7993920972485,True,0.6025311100927133,True,ohlcv_proxy
SHORT,2026-02-04 07:40:00,2026-02-04 08:45:00,2026-02-04 09:00:00,UNKNOWN,buy_side,bearish,WIN,2.0,3,14,36695.0,1.2576876780538897,3731.173606443939,0.10168070871900638,816.0016286644518,False,0.4264068674206295,True,ohlcv_proxy
SHORT,2026-02-04 15:50:00,2026-02-04 16:30:00,2026-02-04 16:35:00,UNKNOWN,buy_side,bearish,WIN,2.0,1,9,30544.0,1.421596689891416,-9677.439848620344,-0.316836034855302,-2265.6075874333,True,0.8078509690937664,True,ohlcv_proxy
SHORT,2026-02-05 13:20:00,2026-02-05 14:35:00,2026-02-05 14:40:00,UNKNOWN,buy_side,bearish,WIN,2.0,1,16,39199.0,0.8715723210029385,-5766.227589581133,-0.1471013951779671,642.5727604378026,True,0.3348299701522998,True,ohlcv_proxy
LONG,2026-02-06 05:40:00,2026-02-06 06:45:00,2026-02-06 07:15:00,UNKNOWN,sell_side,bullish,WIN,2.0,6,14,30163.0,0.5381621805247487,2503.531142231099,0.08300007102181808,691.3415435138991,True,0.6524218413287803,True,ohlcv_proxy
SHORT,2026-02-09 15:05:00,2026-02-09 15:30:00,2026-02-09 15:40:00,UNKNOWN,buy_side,bearish,WIN,2.0,2,6,16285.0,1.429818184372355,49.02235728813321,0.003010276775445699,-526.7600700525009,False,1.0,True,ohlcv_proxy
SHORT,2026-02-09 22:20:00,2026-02-10 01:00:00,2026-02-10 01:05:00,UNKNOWN,buy_side,bearish,WIN,2.0,1,21,26685.0,0.811626099048495,-458.2119461912753,-0.017171142821483052,-1219.2203389830893,True,0.7020423458872026,True,ohlcv_proxy
SHORT,2026-02-10 22:45:00,2026-02-10 23:25:00,2026-02-10 23:40:00,UNKNOWN,buy_side,bearish,WIN,2.0,3,9,14034.0,0.8621960749620324,-4449.705625179697,-0.31706609841668065,1908.011904761407,True,0.6786375944135671,True,ohlcv_proxy
SHORT,2026-02-11 15:25:00,2026-02-11 15:55:00,2026-02-11 16:00:00,UNKNOWN,buy_side,bearish,WIN,2.0,1,7,31219.0,1.6659284833802037,4413.58784294547,0.14137505502884365,-4024.7074468078754,False,0.42076940324802203,True,ohlcv_proxy
LONG,2026-02-12 10:30:00,2026-02-12 12:10:00,2026-02-12 12:25:00,UNKNOWN,sell_side,bullish,LOSS,-1.0,3,21,23382.0,0.8545377996473962,999.7946956389751,0.04275916070648256,-287.6288659793074,True,0.21636301428449234,True,ohlcv_proxy
SHORT,2026-02-12 14:35:00,2026-02-12 15:05:00,2026-02-12 15:15:00,UNKNOWN,buy_side,bearish,LOSS,-1.0,2,7,14423.0,1.658452785322181,889.3710265656737,0.06166338671328251,2345.71784232351,False,0.37717534493517296,True,ohlcv_proxy
LONG,2026-02-12 14:40:00,2026-02-12 15:20:00,2026-02-12 15:45:00,UNKNOWN,sell_side,bullish,WIN,2.0,5,9,20276.0,1.7526753453313275,5129.689260684139,0.25299315746124185,-140.17021276619835,True,1.0,True,ohlcv_proxy
LONG,2026-02-12 16:55:00,2026-02-12 17:50:00,2026-02-12 17:55:00,UNKNOWN,sell_side,bullish,LOSS,-1.0,1,12,33760.0,1.2424627850009422,6119.33842412565,0.1812600244113048,-1511.5132075471024,True,0.5493483412322275,True,ohlcv_proxy
SHORT,2026-02-13 07:20:00,2026-02-13 07:35:00,2026-02-13 07:40:00,UNKNOWN,buy_side,bearish,WIN,2.0,1,4,8630.0,1.3235384332249556,-1784.004266468327,-0.2067212359754724,1265.1289009495963,True,1.0,True,ohlcv_proxy
SHORT,2026-02-13 12:10:00,2026-02-13 12:50:00,2026-02-13 12:55:00,UNKNOWN,buy_side,bearish,WIN,2.0,1,9,10649.0,0.7271612373690816,-3616.101483461765,-0.33957193008374165,-897.9343749999855,True,1.0,True,ohlcv_proxy
SHORT,2026-02-16 19:15:00,2026-02-16 20:05:00,2026-02-16 20:10:00,UNKNOWN,buy_side,bearish,LOSS,-1.0,1,11,8691.0,0.6287929432805758,-1077.19431133862,-0.12394365565971927,331.25000000013665,True,0.8827522724657691,True,ohlcv_proxy
LONG,2026-02-16 21:10:00,2026-02-17 01:05:00,2026-02-17 01:10:00,UNKNOWN,sell_side,bullish,LOSS,-1.0,1,6,5773.0,0.9356503361404465,-552.189329812792,-0.09565032562147792,162.40776699005778,False,1.0,True,ohlcv_proxy
LONG,2026-02-17 11:45:00,2026-02-17 12:25:00,2026-02-17 12:30:00,UNKNOWN,sell_side,bullish,LOSS,-1.0,1,9,12357.0,0.9384697406734016,-539.4279585240583,-0.04365363425783429,-1181.0,False,0.6997653152059561,True,ohlcv_proxy
LONG,2026-02-18 18:20:00,2026-02-18 18:55:00,2026-02-18 20:25:00,UNKNOWN,sell_side,bullish,LOSS,-1.0,18,8,18060.0,0.913656894011753,-1603.1817561380412,-0.08876975393898345,-1340.0107991355321,False,0.6153377630121816,True,ohlcv_proxy
LONG,2026-02-23 14:25:00,2026-02-23 15:15:00,2026-02-23 15:20:00,UNKNOWN,sell_side,bullish,LOSS,-1.0,1,11,18796.0,1.1366508832084565,1242.4612705613054,0.066102429802155,909.1836734694552,True,0.3102787827197276,True,ohlcv_proxy
SHORT,2026-02-24 13:40:00,2026-02-24 14:05:00,2026-02-24 14:10:00,UNKNOWN,buy_side,bearish,WIN,2.0,1,6,7547.0,1.039325533227569,-1336.7206980490905,-0.17711947767975228,128.70796460191036,True,0.876772227375116,True,ohlcv_proxy
LONG,2026-02-26 13:50:00,2026-02-26 15:10:00,2026-02-26 15:15:00,UNKNOWN,sell_side,bullish,WIN,2.0,1,17,32432.0,1.1984952292262552,5893.624695569093,0.18172251774695033,2232.349922239734,True,0.38492846571287614,True,ohlcv_proxy
SHORT,2026-02-27 11:45:00,2026-02-27 12:15:00,2026-02-27 12:25:00,UNKNOWN,buy_side,bearish,WIN,2.0,2,7,11365.0,1.092313725188668,1285.279240264168,0.11309100222298003,912.0588235296245,False,0.3239771227452706,True,ohlcv_proxy
LONG,2026-03-02 23:45:00,2026-03-03 01:20:00,2026-03-03 01:25:00,UNKNOWN,sell_side,bullish,WIN,2.0,1,8,7618.0,0.5083546871663464,498.88724335747884,0.06548795528452071,632.0689655171268,True,0.5542137043843528,True,ohlcv_proxy
SHORT,2026-03-06 01:40:00,2026-03-06 02:05:00,2026-03-06 02:15:00,UNKNOWN,buy_side,bearish,WIN,2.0,2,6,8158.0,0.7191872602121417,1774.365494279964,0.2175000605883751,996.3521126761384,False,0.7326550625153224,True,ohlcv_proxy
LONG,2026-03-09 07:00:00,2026-03-09 08:50:00,2026-03-09 08:55:00,UNKNOWN,sell_side,bullish,WIN,2.0,1,23,64945.0,1.2967007954509153,-8287.621596736462,-0.12760984828295424,-1021.5615720524864,False,0.2973900993148048,True,ohlcv_proxy
SHORT,2026-03-09 10:00:00,2026-03-09 10:30:00,2026-03-09 10:45:00,UNKNOWN,buy_side,bearish,WIN,2.0,3,7,16664.0,1.0363287196887532,200.30204135783424,0.012020045688780259,2113.127001067028,False,1.0,True,ohlcv_proxy
LONG,2026-03-09 10:25:00,2026-03-09 11:40:00,2026-03-09 12:05:00,UNKNOWN,sell_side,bullish,WIN,2.0,5,16,37070.0,0.9455783562292366,-2852.776826079644,-0.0769564830342499,-2975.5380592681067,False,0.5695980577286215,True,ohlcv_proxy
SHORT,2026-03-09 16:40:00,2026-03-09 17:10:00,2026-03-09 17:20:00,UNKNOWN,buy_side,bearish,LOSS,-1.0,2,7,24130.0,1.2063660933636366,-903.5332455497155,-0.037444394759623516,3091.116968698253,True,0.8638624119353502,True,ohlcv_proxy
LONG,2026-03-10 02:30:00,2026-03-10 03:30:00,2026-03-10 03:35:00,UNKNOWN,sell_side,bullish,WIN,2.0,1,13,28792.0,1.3801076974845343,4100.146637536987,0.14240575984776976,2645.786960514163,True,0.5829397054737427,True,ohlcv_proxy
LONG,2026-03-10 09:20:00,2026-03-10 10:00:00,2026-03-10 10:05:00,UNKNOWN,sell_side,bullish,LOSS,-1.0,1,9,14989.0,1.228475654233565,1429.6910630152497,0.09538268483656347,-2215.161290322876,True,0.5566748949229435,True,ohlcv_proxy
LONG,2026-03-11 07:30:00,2026-03-11 08:35:00,2026-03-11 08:40:00,UNKNOWN,sell_side,bullish,LOSS,-1.0,1,14,21676.0,1.3023499497709652,2406.5313527805647,0.11102285259183266,100.55401662046029,True,0.6832441409854216,True,ohlcv_proxy
LONG,2026-03-11 13:55:00,2026-03-11 14:25:00,2026-03-11 14:30:00,UNKNOWN,sell_side,bullish,WIN,2.0,1,7,12759.0,1.2354872132544472,4296.762963818656,0.33676330149844474,613.8487394956323,True,0.709303236930794,True,ohlcv_proxy
SHORT,2026-03-11 14:15:00,2026-03-11 14:55:00,2026-03-11 15:00:00,UNKNOWN,buy_side,bearish,WIN,2.0,1,9,21969.0,1.5036713975951115,-2391.628288699232,-0.10886377571574637,-2133.2685714286245,True,0.7588875233283263,True,ohlcv_proxy
LONG,2026-03-12 14:05:00,2026-03-12 15:15:00,2026-03-12 15:20:00,UNKNOWN,sell_side,bullish,LOSS,-1.0,1,15,30164.0,1.4560585435552853,-443.03499944613213,-0.01468754142176542,-2465.479653679681,False,0.6448415329531892,True,ohlcv_proxy
SHORT,2026-03-13 12:15:00,2026-03-13 12:35:00,2026-03-13 12:45:00,UNKNOWN,buy_side,bearish,LOSS,-1.0,2,5,5880.0,0.7757767662774588,-1508.1141623672843,-0.2564820004025994,966.0870337479435,True,1.0,True,ohlcv_proxy
SHORT,2026-03-13 14:45:00,2026-03-13 15:40:00,2026-03-13 15:45:00,UNKNOWN,buy_side,bearish,LOSS,-1.0,1,12,28544.0,1.4135171539497662,4213.259184113289,0.1476057729860317,2441.658431794025,False,0.7119534753363229,True,ohlcv_proxy
SHORT,2026-03-16 00:05:00,2026-03-16 00:30:00,2026-03-16 01:00:00,UNKNOWN,buy_side,bearish,WIN,2.0,6,6,4839.0,0.5180897808155819,909.0144473621624,0.1878517146852991,323.183355006488,False,0.7015912378590617,True,ohlcv_proxy
SHORT,2026-03-16 00:45:00,2026-03-16 01:05:00,2026-03-16 01:15:00,UNKNOWN,buy_side,bearish,WIN,2.0,2,5,5160.0,0.7456647398843931,278.4900921773278,0.05397094809638136,8.39166666684946,False,1.0,True,ohlcv_proxy
LONG,2026-03-17 13:55:00,2026-03-17 14:50:00,2026-03-17 15:00:00,UNKNOWN,sell_side,bullish,WIN,2.0,2,12,12054.0,1.0222045833842146,2715.3698352600713,0.22526711757591433,348.18367346936316,True,0.4556163928986229,True,ohlcv_proxy
LONG,2026-03-17 13:55:00,2026-03-17 14:50:00,2026-03-17 15:00:00,UNKNOWN,sell_side,bullish,WIN,2.0,2,12,12054.0,1.0222045833842146,2715.3698352600713,0.22526711757591433,348.18367346936316,True,0.4556163928986229,True,ohlcv_proxy
SHORT,2026-03-17 15:40:00,2026-03-17 16:35:00,2026-03-17 17:25:00,UNKNOWN,buy_side,bearish,WIN,2.0,10,12,24986.0,1.5912136172120581,-3128.1475281260864,-0.1251960108911425,-361.6780821916386,True,0.7265268550388218,True,ohlcv_proxy
LONG,2026-03-20 01:40:00,2026-03-20 02:20:00,2026-03-20 02:25:00,UNKNOWN,sell_side,bullish,WIN,2.0,1,9,11709.0,0.9751307919471135,2822.5287603712422,0.24105634643191068,-733.9533898305125,True,0.5495772482705611,True,ohlcv_proxy
LONG,2026-03-23 14:00:00,2026-03-23 15:25:00,2026-03-23 15:30:00,UNKNOWN,sell_side,bullish,WIN,2.0,1,18,57764.0,1.0839687322197151,-1322.2174191645681,-0.02288999063715408,-1622.0695035460349,False,0.38070424485838933,True,ohlcv_proxy
LONG,2026-03-24 00:00:00,2026-03-24 00:30:00,2026-03-24 00:35:00,UNKNOWN,sell_side,bullish,WIN,2.0,1,7,5371.0,0.3797053130465643,461.704421284564,0.08596246905316775,-295.48894062864804,True,0.8624092347793707,True,ohlcv_proxy
LONG,2026-03-24 07:05:00,2026-03-24 07:55:00,2026-03-24 08:00:00,UNKNOWN,sell_side,bullish,WIN,2.0,1,11,28092.0,1.1590352100472823,-1944.0909620379389,-0.06920443407510818,-930.1710863986608,False,0.8369642602876264,True,ohlcv_proxy
SHORT,2026-03-24 12:55:00,2026-03-24 13:10:00,2026-03-24 13:15:00,UNKNOWN,buy_side,bearish,WIN,2.0,1,4,10914.0,1.2559957281875178,4332.761829359366,0.39699118832319646,1631.6309523809477,False,0.7544438336082097,True,ohlcv_proxy
LONG,2026-03-26 20:20:00,2026-03-26 21:05:00,2026-03-26 21:50:00,UNKNOWN,sell_side,bullish,LOSS,-1.0,9,10,19983.0,0.8082953111348413,1316.4789386384055,0.06587994488507258,-1529.1111111113278,True,0.5415603262773357,True,ohlcv_proxy
LONG,2026-03-26 21:50:00,2026-03-26 22:25:00,2026-03-26 22:35:00,UNKNOWN,sell_side,bullish,WIN,2.0,2,8,21884.0,1.1541609707525358,1321.2837756028493,0.06037670332676153,1624.1012658229988,True,0.5515902028879547,True,ohlcv_proxy
LONG,2026-03-27 02:50:00,2026-03-27 03:25:00,2026-03-27 03:30:00,UNKNOWN,sell_side,bullish,WIN,2.0,1,8,13912.0,1.4033926755653112,3996.8195076957454,0.2872929490868132,1488.1159420288136,True,0.6042265669925244,True,ohlcv_proxy
LONG,2026-03-31 02:10:00,2026-03-31 03:05:00,2026-03-31 03:15:00,UNKNOWN,sell_side,bullish,LOSS,-1.0,2,12,14901.0,0.8812362500887092,3841.977688339304,0.2578335473014767,-1751.9080459772026,True,0.6291524058788001,True,ohlcv_proxy
SHORT,2026-03-31 14:20:00,2026-03-31 15:15:00,2026-03-31 16:50:00,UNKNOWN,buy_side,bearish,LOSS,-1.0,19,12,29422.0,1.2976370673808038,5505.64390077108,0.18712677250938345,2953.7672064775015,False,1.0,True,ohlcv_proxy
LONG,2026-04-06 16:30:00,2026-04-06 17:20:00,2026-04-06 18:05:00,UNKNOWN,sell_side,bullish,LOSS,-1.0,9,11,26621.0,1.5594976989192888,6607.76255468915,0.2482161659850926,1848.742338252216,True,1.0,True,ohlcv_proxy
SHORT,2026-04-06 21:10:00,2026-04-06 21:40:00,2026-04-07 01:05:00,UNKNOWN,buy_side,bearish,LOSS,-1.0,17,7,10199.0,0.875243290001682,-3245.226272175579,-0.3181906336087439,-344.77245509003865,True,1.0,True,ohlcv_proxy
SHORT,2026-04-07 03:45:00,2026-04-07 04:10:00,2026-04-07 04:30:00,UNKNOWN,buy_side,bearish,LOSS,-1.0,4,6,12567.0,2.064319646764306,1617.6653926833942,0.12872327466248065,940.3931116388999,False,1.0,True,ohlcv_proxy
LONG,2026-04-08 13:15:00,2026-04-08 13:55:00,2026-04-08 14:50:00,UNKNOWN,sell_side,bullish,WIN,2.0,11,9,12391.0,0.9324982916866096,237.57614282310897,0.019173282448802273,-1648.4428086071316,True,0.7812121701234768,True,ohlcv_proxy
SHORT,2026-04-09 07:40:00,2026-04-09 08:15:00,2026-04-09 08:25:00,UNKNOWN,buy_side,bearish,LOSS,-1.0,2,8,8100.0,0.8402489626556017,-229.5024225758716,-0.028333632416774272,1351.3972027970376,True,1.0,True,ohlcv_proxy
LONG,2026-04-09 08:10:00,2026-04-09 08:30:00,2026-04-09 08:50:00,UNKNOWN,sell_side,bullish,LOSS,-1.0,4,5,6459.0,1.106315194491547,1153.3047316373745,0.17855778474026546,-666.7610062894041,True,1.0,True,ohlcv_proxy
SHORT,2026-04-09 08:25:00,2026-04-09 09:00:00,2026-04-09 09:05:00,UNKNOWN,buy_side,bearish,LOSS,-1.0,1,8,11484.0,1.2464399833287023,1563.173179973569,0.13611748345294053,1399.0758377425282,False,0.7365029606408917,True,ohlcv_proxy
LONG,2026-04-09 09:50:00,2026-04-09 10:40:00,2026-04-09 13:45:00,UNKNOWN,sell_side,bullish,WIN,2.0,37,11,19399.0,1.374184124663343,1335.8304118072047,0.06886078724713669,-1417.9711815565333,True,1.0,True,ohlcv_proxy
SHORT,2026-04-09 20:40:00,2026-04-09 21:15:00,2026-04-09 21:30:00,UNKNOWN,buy_side,bearish,WIN,2.0,3,8,13699.0,0.8592981593367992,-2301.090977554297,-0.16797510603360077,75.87755102073584,True,0.5930359880283232,True,ohlcv_proxy
LONG,2026-04-10 11:40:00,2026-04-10 13:05:00,2026-04-10 13:15:00,UNKNOWN,sell_side,bullish,WIN,2.0,2,18,27091.0,1.0692200704419912,-471.0874890240375,-0.01738907714827941,429.9661016948239,False,0.43202539588793326,True,ohlcv_proxy
SHORT,2026-04-10 12:15:00,2026-04-10 13:15:00,2026-04-10 13:20:00,UNKNOWN,buy_side,bearish,LOSS,-1.0,1,13,18810.0,1.0345510345510347,-254.8270372188781,-0.013547423562938761,1202.4358974357451,True,0.8797448165869218,True,ohlcv_proxy
LONG,2026-04-10 14:10:00,2026-04-10 14:25:00,2026-04-10 14:30:00,UNKNOWN,sell_side,bullish,WIN,2.0,1,4,4707.0,0.8890525838621941,2877.036195900968,0.6112250256853554,776.2877697845208,True,1.0,True,ohlcv_proxy
SHORT,2026-04-10 20:10:00,2026-04-10 21:10:00,2026-04-10 21:15:00,UNKNOWN,buy_side,bearish,LOSS,-1.0,1,13,18258.0,0.7543244132068332,-538.0993881391914,-0.0294719787566651,1266.4015645371715,True,0.910066820024099,True,ohlcv_proxy
LONG,2026-04-10 21:00:00,2026-04-10 21:20:00,2026-04-10 21:30:00,UNKNOWN,sell_side,bullish,WIN,2.0,2,5,7488.0,0.8168341132964623,882.6702755137885,0.1178779748282303,-1296.13846153839,True,1.0,True,ohlcv_proxy
LONG,2026-04-13 13:25:00,2026-04-13 14:25:00,2026-04-13 14:35:00,UNKNOWN,sell_side,bullish,LOSS,-1.0,2,13,17000.0,0.9696090308244414,3494.189857100553,0.2055405798294443,951.1963636361775,True,0.4153529411764706,True,ohlcv_proxy
SHORT,2026-04-15 08:15:00,2026-04-15 08:55:00,2026-04-15 09:05:00,UNKNOWN,buy_side,bearish,WIN,2.0,2,9,15974.0,1.2420669910627782,1124.6454711676843,0.07040474966618782,-1459.0891089109514,False,0.6467384499812194,True,ohlcv_proxy
LONG,2026-04-16 13:15:00,2026-04-16 15:10:00,2026-04-16 15:15:00,UNKNOWN,sell_side,bullish,WIN,2.0,1,24,34343.0,1.0325864723144274,4649.75105951699,0.13539152256695658,1775.4829931976215,True,0.4205514952100865,True,ohlcv_proxy
LONG,2026-04-16 17:40:00,2026-04-16 19:30:00,2026-04-16 19:35:00,UNKNOWN,sell_side,bullish,WIN,2.0,1,23,51382.0,0.9805728933484325,-626.3909721646269,-0.012190863963345663,-348.891530460617,False,0.3207932739091511,True,ohlcv_proxy
LONG,2026-04-17 01:00:00,2026-04-17 01:10:00,2026-04-17 01:20:00,UNKNOWN,sell_side,bullish,LOSS,-1.0,2,3,2655.0,0.5334217346754264,127.45481030800511,0.04800557827043507,-375.88461538458137,True,1.0,True,ohlcv_proxy
SHORT,2026-04-22 12:40:00,2026-04-22 13:15:00,2026-04-22 13:20:00,UNKNOWN,buy_side,bearish,WIN,2.0,1,8,10754.0,1.1075636483480267,-1541.362251414641,-0.1433292032187689,998.199999999923,True,0.6169797284731263,True,ohlcv_proxy
SHORT,2026-04-22 15:25:00,2026-04-22 16:00:00,2026-04-22 16:05:00,UNKNOWN,buy_side,bearish,WIN,2.0,1,8,14470.0,1.3825615703300567,-3167.539217175282,-0.2189038850846774,-1535.0762711864322,True,0.79426399447132,True,ohlcv_proxy
LONG,2026-04-22 19:15:00,2026-04-22 21:20:00,2026-04-22 21:25:00,UNKNOWN,sell_side,bullish,WIN,2.0,1,26,37204.0,0.7964084982206893,2011.7264400289932,0.054072853457396874,1146.010309277955,True,0.47145468229222665,True,ohlcv_proxy
LONG,2026-04-23 03:00:00,2026-04-23 04:25:00,2026-04-23 05:55:00,UNKNOWN,sell_side,bullish,LOSS,-1.0,18,18,40585.0,1.6903486237309369,-4215.73813159611,-0.10387429177272663,-1323.6707616707959,False,0.4685721325612911,True,ohlcv_proxy
LONG,2026-04-24 02:10:00,2026-04-24 02:55:00,2026-04-24 03:00:00,UNKNOWN,sell_side,bullish,WIN,2.0,1,10,9399.0,0.5991050712628438,-253.57396368500304,-0.02697882367113555,141.44322344334182,False,0.5828279604213215,True,ohlcv_proxy
LONG,2026-04-24 04:05:00,2026-04-24 04:15:00,2026-04-24 04:30:00,UNKNOWN,sell_side,bullish,LOSS,-1.0,3,3,6234.0,1.5715041972320956,2216.966497549569,0.3556250397095876,-1608.0786885244274,True,1.0,True,ohlcv_proxy
SHORT,2026-04-24 04:00:00,2026-04-24 04:35:00,2026-04-24 05:20:00,UNKNOWN,buy_side,bearish,WIN,2.0,9,8,16291.0,1.516581765643386,-1095.402423077121,-0.06723972887343448,741.5070422533322,True,1.0,True,ohlcv_proxy
LONG,2026-04-24 13:30:00,2026-04-24 15:40:00,2026-04-24 15:45:00,UNKNOWN,sell_side,bullish,LOSS,-1.0,1,27,51263.0,1.1787459208488313,-791.5679802308514,-0.01544131206193261,-1654.6969696968958,False,0.2643427033142813,True,ohlcv_proxy
SHORT,2026-04-27 15:15:00,2026-04-27 15:45:00,2026-04-27 16:00:00,UNKNOWN,buy_side,bearish,WIN,2.0,3,7,11838.0,1.4076434635782062,-749.9105801822516,-0.0633477428773654,1436.7109634550266,True,1.0,True,ohlcv_proxy
LONG,2026-04-30 15:30:00,2026-04-30 16:30:00,2026-04-30 16:35:00,UNKNOWN,sell_side,bullish,LOSS,-1.0,1,13,33281.0,1.0519970590485148,-5274.789389275291,-0.15849251492669364,-3287.251199999607,False,0.5102611099426099,True,ohlcv_proxy
SHORT,2026-05-01 02:30:00,2026-05-01 03:05:00,2026-05-01 03:10:00,UNKNOWN,buy_side,bearish,WIN,2.0,1,8,8078.0,0.8834671986280994,-344.6975792542403,-0.0426711536586086,-646.3250883389862,True,0.8011884129735083,True,ohlcv_proxy
LONG,2026-05-05 03:25:00,2026-05-05 03:55:00,2026-05-05 04:05:00,UNKNOWN,sell_side,bullish,WIN,2.0,2,7,7674.0,1.123404703836323,4100.615725359379,0.5343518015844904,751.865102639129,True,1.0,True,ohlcv_proxy
SHORT,2026-05-05 08:30:00,2026-05-05 09:30:00,2026-05-05 09:35:00,UNKNOWN,buy_side,bearish,LOSS,-1.0,1,13,17194.0,1.299127165463799,-2393.252941984646,-0.1391911679646764,996.7680608365754,True,0.6643015005234384,True,ohlcv_proxy
LONG,2026-05-05 09:20:00,2026-05-05 10:10:00,2026-05-05 10:15:00,UNKNOWN,sell_side,bullish,WIN,2.0,1,11,14786.0,1.2509835441431534,3699.107146516317,0.25017632534264284,649.23024830708,True,0.6368862437440822,True,ohlcv_proxy
SHORT,2026-05-05 10:00:00,2026-05-05 11:00:00,2026-05-05 11:55:00,UNKNOWN,buy_side,bearish,LOSS,-1.0,11,13,18602.0,1.1772493804283715,257.2070672167465,0.013826850189052066,1556.4143167025718,False,0.8349639823674874,True,ohlcv_proxy
LONG,2026-05-05 13:50:00,2026-05-05 14:45:00,2026-05-05 15:00:00,UNKNOWN,sell_side,bullish,LOSS,-1.0,3,12,17793.0,1.1078857706446696,2043.203584335558,0.11483187682434429,-321.616926503561,True,0.527679424492778,True,ohlcv_proxy
LONG,2026-05-06 20:35:00,2026-05-06 21:40:00,2026-05-06 21:45:00,UNKNOWN,sell_side,bullish,WIN,2.0,1,14,14788.0,0.6597744595720835,-449.4289631155043,-0.030391463559338944,-327.154340836104,False,0.5806735190695158,True,ohlcv_proxy
LONG,2026-05-06 22:55:00,2026-05-07 01:20:00,2026-05-07 04:10:00,UNKNOWN,sell_side,bullish,WIN,2.0,34,6,4421.0,0.6104667219000276,-408.96570297293374,-0.09250524835397732,-245.40892193310515,False,1.0,True,ohlcv_proxy
SHORT,2026-05-07 04:40:00,2026-05-07 05:35:00,2026-05-07 05:55:00,UNKNOWN,buy_side,bearish,LOSS,-1.0,4,12,19135.0,1.2148465871286576,-8179.6687174272165,-0.4274715817834971,-290.5749128917424,True,0.4556049124640711,True,ohlcv_proxy
LONG,2026-05-11 03:50:00,2026-05-11 04:20:00,2026-05-11 04:25:00,UNKNOWN,sell_side,bullish,WIN,2.0,1,7,18249.0,1.9375984778666349,7050.5374612434025,0.386351989766201,1316.6510851419243,True,0.8755548249219135,True,ohlcv_proxy
SHORT,2026-05-11 08:30:00,2026-05-11 09:15:00,2026-05-11 09:20:00,UNKNOWN,buy_side,bearish,WIN,2.0,1,10,20162.0,1.427944134394742,2464.859787292995,0.12225274215320876,1479.2736842108657,False,0.3712925305029263,True,ohlcv_proxy
SHORT,2026-05-12 02:50:00,2026-05-12 03:35:00,2026-05-12 03:50:00,UNKNOWN,buy_side,bearish,WIN,2.0,3,10,16259.0,1.4189094844137256,-425.83131356100785,-0.026190498404637913,-629.9914712152454,True,0.9007319023310166,True,ohlcv_proxy
SHORT,2026-05-12 13:05:00,2026-05-12 14:25:00,2026-05-12 14:30:00,UNKNOWN,buy_side,bearish,WIN,2.0,1,17,24912.0,1.0503539126020545,1594.3534794387488,0.06399941712583289,1264.8353413653726,False,0.3192437379576108,True,ohlcv_proxy
SHORT,2026-05-12 15:45:00,2026-05-12 16:20:00,2026-05-12 16:55:00,UNKNOWN,buy_side,bearish,WIN,2.0,7,8,19033.0,1.4323622198942794,-1349.18030596276,-0.07088637135305838,214.7702297702035,True,0.8201019282299165,True,ohlcv_proxy
LONG,2026-05-13 08:30:00,2026-05-13 09:55:00,2026-05-13 10:00:00,UNKNOWN,sell_side,bullish,WIN,2.0,1,18,30050.0,1.1936027658218897,394.82536372786126,0.013138947212241639,128.99580712814986,True,0.4068219633943428,True,ohlcv_proxy
LONG,2026-05-13 12:20:00,2026-05-13 13:15:00,2026-05-13 13:20:00,UNKNOWN,sell_side,bullish,WIN,2.0,1,12,18137.0,1.0431908745387115,283.5985778139493,0.01563646566763794,-1094.086956521785,True,0.32276561724651265,True,ohlcv_proxy
LONG,2026-05-13 22:50:00,2026-05-14 01:10:00,2026-05-14 01:15:00,UNKNOWN,sell_side,bullish,WIN,2.0,1,5,5757.0,0.8118169639709513,780.7421047113967,0.13561613769522263,324.2109375000781,True,0.8070175438596491,True,ohlcv_proxy
SHORT,2026-05-14 10:25:00,2026-05-14 11:00:00,2026-05-14 16:30:00,UNKNOWN,buy_side,bearish,WIN,2.0,66,8,13384.0,1.121358767778865,-1624.6942669701702,-0.12139078503961225,478.20206659005,True,1.0,True,ohlcv_proxy
SHORT,2026-05-15 12:05:00,2026-05-15 12:20:00,2026-05-15 12:35:00,UNKNOWN,buy_side,bearish,WIN,2.0,3,4,9711.0,1.023123798927885,-285.17068405574173,-0.02936573824073131,1840.0241423124135,True,0.7243332303573268,True,ohlcv_proxy
SHORT,2026-05-15 12:05:00,2026-05-15 12:55:00,2026-05-15 13:05:00,UNKNOWN,buy_side,bearish,LOSS,-1.0,2,11,24242.0,0.9690946668212401,12.436891255139926,0.0005130307423125124,1563.2372881355886,False,0.804182823199406,True,ohlcv_proxy
LONG,2026-05-15 12:15:00,2026-05-15 13:25:00,2026-05-15 13:50:00,UNKNOWN,sell_side,bullish,WIN,2.0,5,15,31856.0,0.9693251907096192,1141.03613494011,0.03581856274925006,-1577.4045801524412,True,0.810365394274234,True,ohlcv_proxy
SHORT,2026-05-15 16:25:00,2026-05-15 16:55:00,2026-05-15 17:00:00,UNKNOWN,buy_side,bearish,WIN,2.0,1,7,25529.0,1.5374044128185889,-7664.044747190988,-0.3002093598335614,-1715.148955495204,True,0.5355478083747894,True,ohlcv_proxy
LONG,2026-05-15 16:35:00,2026-05-15 18:35:00,2026-05-15 19:05:00,UNKNOWN,sell_side,bullish,LOSS,-1.0,6,25,77652.0,1.147798323799388,-4157.848005618958,-0.053544635110737114,-1830.024793388844,False,0.399397311080204,True,ohlcv_proxy
LONG,2026-05-18 06:30:00,2026-05-18 07:20:00,2026-05-18 07:40:00,UNKNOWN,sell_side,bullish,WIN,2.0,4,11,19302.0,0.7714985986560527,-3888.368010046327,-0.2014489695392357,-1495.1965065502422,False,0.4301108693399648,True,ohlcv_proxy
SHORT,2026-05-18 11:45:00,2026-05-18 12:15:00,2026-05-18 12:30:00,UNKNOWN,buy_side,bearish,WIN,2.0,3,7,10646.0,0.8241698691051649,-665.483750101188,-0.06251021511376931,-573.990353697764,True,0.7508923539357505,True,ohlcv_proxy
SHORT,2026-05-19 03:00:00,2026-05-19 03:40:00,2026-05-19 03:45:00,UNKNOWN,buy_side,bearish,WIN,2.0,1,9,16504.0,1.3635860396021608,-3109.8059785945534,-0.18842741023961182,-141.09215017052793,True,0.6309379544352884,True,ohlcv_proxy
LONG,2026-05-19 10:25:00,2026-05-19 11:05:00,2026-05-19 11:20:00,UNKNOWN,sell_side,bullish,LOSS,-1.0,3,9,14494.0,1.0071320570119848,-2269.6361688714724,-0.15659142878925572,-1457.5109649121878,False,0.7635573340692701,True,ohlcv_proxy
SHORT,2026-05-19 10:55:00,2026-05-19 11:30:00,2026-05-19 11:45:00,UNKNOWN,buy_side,bearish,LOSS,-1.0,3,8,12960.0,0.9970089730807578,-2453.443351131301,-0.1893089005502547,1541.3465211458042,True,0.600462962962963,True,ohlcv_proxy
LONG,2026-05-20 09:35:00,2026-05-20 10:50:00,2026-05-20 10:55:00,UNKNOWN,sell_side,bullish,WIN,2.0,1,16,27559.0,1.070195904216321,6883.308986415661,0.24976628275393378,1330.0,True,0.3944990747124351,True,ohlcv_proxy
SHORT,2026-05-20 16:10:00,2026-05-20 17:15:00,2026-05-20 17:20:00,UNKNOWN,buy_side,bearish,LOSS,-1.0,1,14,36097.0,1.4838099184288887,-6016.1652577317145,-0.16666662763475398,2733.212703101727,True,0.34592902457267916,True,ohlcv_proxy
SHORT,2026-05-22 08:35:00,2026-05-22 09:20:00,2026-05-22 10:35:00,UNKNOWN,buy_side,bearish,WIN,2.0,15,10,17918.0,1.4877858412076324,2454.4823692152177,0.13698417062257046,617.1586538462639,False,0.5550842727983034,True,ohlcv_proxy
LONG,2026-05-22 10:30:00,2026-05-22 11:20:00,2026-05-22 11:25:00,UNKNOWN,sell_side,bullish,LOSS,-1.0,1,11,15064.0,1.0359273695531979,365.01107366598535,0.024230687311868386,-342.19924811986675,True,0.5904142326075411,True,ohlcv_proxy
LONG,2026-05-22 12:15:00,2026-05-22 13:30:00,2026-05-22 13:35:00,UNKNOWN,sell_side,bullish,LOSS,-1.0,1,16,20101.0,0.9331455374650901,-960.3918079885152,-0.04777830993425776,-1432.586924220052,False,0.4216208148848316,True,ohlcv_proxy
SHORT,2026-05-22 15:10:00,2026-05-22 15:40:00,2026-05-22 16:40:00,UNKNOWN,buy_side,bearish,WIN,2.0,12,7,16571.0,1.6159388067153466,265.6251377409071,0.016029517696029637,820.8547008550049,False,0.8690483374570032,True,ohlcv_proxy
SHORT,2026-05-22 19:25:00,2026-05-22 20:00:00,2026-05-22 20:20:00,UNKNOWN,buy_side,bearish,WIN,2.0,4,8,11426.0,0.698561059592284,-370.4623215853235,-0.03242274825707365,1111.0387243738178,True,0.7608962016453702,True,ohlcv_proxy
LONG,2026-05-26 10:15:00,2026-05-26 11:00:00,2026-05-26 11:10:00,UNKNOWN,sell_side,bullish,LOSS,-1.0,2,10,14800.0,1.2504013112316454,2028.980436328242,0.1370932727248812,-1103.7101449279444,True,0.40513513513513516,True,ohlcv_proxy
LONG,2026-05-26 14:55:00,2026-05-26 17:10:00,2026-05-26 17:20:00,UNKNOWN,sell_side,bullish,WIN,2.0,2,28,52607.0,1.1025041537499434,-1697.4977091287474,-0.03226752540781165,-323.68671679179124,False,0.3637348641815728,True,ohlcv_proxy
SHORT,2026-05-26 16:20:00,2026-05-26 17:30:00,2026-05-26 17:50:00,UNKNOWN,buy_side,bearish,WIN,2.0,4,15,31309.0,1.1951550964628999,-3817.769176271686,-0.12193839395291085,-1234.4603174605563,True,0.5410265418889137,True,ohlcv_proxy
SHORT,2026-05-26 22:40:00,2026-05-27 01:35:00,2026-05-27 01:55:00,UNKNOWN,buy_side,bearish,LOSS,-1.0,4,12,14065.0,0.9508106734159689,-1459.1296107341177,-0.10374188487267101,762.0603015076213,True,1.0,True,ohlcv_proxy
LONG,2026-05-27 05:40:00,2026-05-27 06:05:00,2026-05-27 06:10:00,UNKNOWN,sell_side,bullish,WIN,2.0,1,6,5553.0,0.8543024350619381,2020.573585203841,0.3638706258245707,847.0191780822072,True,1.0,True,ohlcv_proxy
LONG,2026-05-27 10:45:00,2026-05-27 11:30:00,2026-05-27 11:35:00,UNKNOWN,sell_side,bullish,WIN,2.0,1,10,12509.0,0.9269908553304382,3044.017674524397,0.2433462046945717,423.0235988199652,True,0.4991606043648573,True,ohlcv_proxy
LONG,2026-05-27 14:55:00,2026-05-27 15:55:00,2026-05-27 16:05:00,UNKNOWN,sell_side,bullish,LOSS,-1.0,2,13,28385.0,1.3574688764930485,-2775.393361642222,-0.09777676102315384,-1220.3454545452087,False,0.4390699313017439,True,ohlcv_proxy
LONG,2026-05-27 22:10:00,2026-05-28 02:05:00,2026-05-28 02:45:00,UNKNOWN,sell_side,bullish,LOSS,-1.0,8,24,16997.0,0.8230960848577827,-1084.0248289069432,-0.06377742124533407,-511.82785299786923,False,0.6041066070483027,True,ohlcv_proxy
LONG,2026-05-29 11:50:00,2026-05-29 12:55:00,2026-05-29 13:30:00,UNKNOWN,sell_side,bullish,WIN,2.0,7,14,18746.0,0.9562236663572092,5298.447624695372,0.2826441707401777,-236.72506738515534,True,0.5768697322095381,True,ohlcv_proxy
LONG,2026-06-02 02:45:00,2026-06-02 03:40:00,2026-06-02 04:00:00,UNKNOWN,sell_side,bullish,LOSS,-1.0,4,12,14274.0,1.517490368177991,3357.2025196456507,0.23519703794631153,-102.93039443151451,True,0.7489141095698473,True,ohlcv_proxy
LONG,2026-06-02 21:40:00,2026-06-02 22:05:00,2026-06-02 22:15:00,UNKNOWN,sell_side,bullish,LOSS,-1.0,2,6,5841.0,0.7998521074685729,-109.24577762359331,-0.018703266157095243,-75.97894736779062,False,0.6024653312788906,True,ohlcv_proxy
SHORT,2026-06-02 21:25:00,2026-06-02 21:45:00,2026-06-03 01:00:00,UNKNOWN,buy_side,bearish,LOSS,-1.0,15,5,5703.0,0.8998816568047336,-695.0780140807601,-0.1218793642084447,994.7339593115717,True,1.0,True,ohlcv_proxy
LONG,2026-06-03 01:00:00,2026-06-03 01:25:00,2026-06-03 01:30:00,UNKNOWN,sell_side,bullish,WIN,2.0,1,6,4040.0,0.6490585437953859,-245.6157859026116,-0.06079598660955733,541.4291187738727,False,0.4772277227722772,True,ohlcv_proxy
LONG,2026-06-04 17:50:00,2026-06-04 18:40:00,2026-06-04 18:45:00,UNKNOWN,sell_side,bullish,LOSS,-1.0,1,11,19403.0,0.915679003140199,5061.6064266868125,0.2608672074775453,-587.2691680259559,True,0.7230840591661083,True,ohlcv_proxy
SHORT,2026-06-05 04:00:00,2026-06-05 04:40:00,2026-06-05 04:45:00,UNKNOWN,buy_side,bearish,WIN,2.0,1,9,18300.0,1.627760521737274,-4114.756598755641,-0.22485008736369622,-1526.7164179109432,True,0.779672131147541,True,ohlcv_proxy
LONG,2026-06-05 14:20:00,2026-06-05 15:00:00,2026-06-05 15:10:00,UNKNOWN,sell_side,bullish,WIN,2.0,2,9,12416.0,1.0970969697291013,545.3535018799503,0.04392344570553723,-1097.599999999964,True,0.8952158505154639,True,ohlcv_proxy
LONG,2026-06-08 01:00:00,2026-06-08 01:15:00,2026-06-08 03:20:00,UNKNOWN,sell_side,bullish,WIN,2.0,25,4,10726.0,1.1647352143998888,3659.578313354721,0.34118761079197474,-64.03692307673236,True,1.0,True,ohlcv_proxy
SHORT,2026-06-08 10:20:00,2026-06-08 11:15:00,2026-06-08 11:25:00,UNKNOWN,buy_side,bearish,WIN,2.0,2,12,23573.0,1.0225904293899422,-4380.859604451318,-0.1858422604017867,1538.0907297830836,True,0.5102871929750138,True,ohlcv_proxy
LONG,2026-06-08 15:15:00,2026-06-08 15:45:00,2026-06-08 15:50:00,UNKNOWN,sell_side,bullish,LOSS,-1.0,1,7,14924.0,1.1393149147651365,-1258.950532970427,-0.08435744659410527,-2107.9103942654774,False,0.8825381935138032,True,ohlcv_proxy
SHORT,2026-06-08 16:30:00,2026-06-08 17:45:00,2026-06-08 17:50:00,UNKNOWN,buy_side,bearish,WIN,2.0,1,16,48043.0,1.27730453462651,-10954.369807921306,-0.2280117771146953,-2831.6478873239585,True,0.5320858397685407,True,ohlcv_proxy
SHORT,2026-06-08 16:30:00,2026-06-08 17:45:00,2026-06-08 17:50:00,UNKNOWN,buy_side,bearish,WIN,2.0,1,16,48043.0,1.27730453462651,-10954.369807921306,-0.2280117771146953,-2831.6478873239585,True,0.5320858397685407,True,ohlcv_proxy
LONG,2026-06-09 10:35:00,2026-06-09 11:45:00,2026-06-09 12:20:00,UNKNOWN,sell_side,bullish,WIN,2.0,7,15,23711.0,1.0452235167576955,-1597.67460935304,-0.0673811568197478,-1061.3959646910275,False,0.6146936021255958,True,ohlcv_proxy
SHORT,2026-06-11 19:10:00,2026-06-11 20:20:00,2026-06-11 20:25:00,UNKNOWN,buy_side,bearish,LOSS,-1.0,1,15,42718.0,0.8872964440013295,-7428.052342348594,-0.17388577045621503,1784.829457364136,True,0.5971487429186759,True,ohlcv_proxy
SHORT,2026-06-12 15:15:00,2026-06-12 16:20:00,2026-06-12 16:30:00,UNKNOWN,buy_side,bearish,WIN,2.0,2,14,28126.0,1.1051577696606962,99.14098655192356,0.0035248875258452523,-412.2715789477402,False,0.1896821446348574,True,ohlcv_proxy
SHORT,2026-06-12 16:35:00,2026-06-12 17:15:00,2026-06-12 17:20:00,UNKNOWN,buy_side,bearish,WIN,2.0,1,9,28772.0,1.517313681874609,913.1564657329145,0.03173767780247861,-2543.0,False,0.35975948839149174,True,ohlcv_proxy
LONG,2026-06-22 16:05:00,2026-06-22 17:00:00,2026-06-22 17:05:00,UNKNOWN,sell_side,bullish,WIN,2.0,1,12,34338.0,1.4655119432949564,5965.662054405024,0.17373353294906588,1481.5330261134213,True,0.852495777272992,True,ohlcv_proxy
SHORT,2026-06-23 02:35:00,2026-06-23 03:00:00,2026-06-23 03:05:00,UNKNOWN,buy_side,bearish,WIN,2.0,1,6,5895.0,0.9247755125091771,-1314.0268719951964,-0.22290532179731914,-78.95940959416112,True,0.8488549618320611,True,ohlcv_proxy
LONG,2026-06-23 16:00:00,2026-06-23 17:35:00,2026-06-23 17:40:00,UNKNOWN,sell_side,bullish,WIN,2.0,1,20,59352.0,1.302252920371069,2385.56340341967,0.04019347963707491,-1809.1171171170845,True,0.29945073460035043,True,ohlcv_proxy
LONG,2026-06-25 22:45:00,2026-06-26 01:40:00,2026-06-26 02:45:00,UNKNOWN,sell_side,bullish,LOSS,-1.0,13,12,16785.0,0.7660354005564196,1439.4871282723097,0.08576032935789751,-1438.197044334851,True,1.0,True,ohlcv_proxy
SHORT,2026-06-26 10:25:00,2026-06-26 11:05:00,2026-06-26 11:15:00,UNKNOWN,buy_side,bearish,LOSS,-1.0,2,9,14135.0,0.8884237784565877,-570.8655047410921,-0.040386664643869266,1110.4425385935178,True,0.7665369649805448,True,ohlcv_proxy
LONG,2026-06-26 13:20:00,2026-06-26 14:00:00,2026-06-26 14:15:00,UNKNOWN,sell_side,bullish,LOSS,-1.0,3,9,13233.0,0.8999579706774066,1982.3393685635901,0.14980271809594123,-526.589242053771,True,0.8827174488022368,True,ohlcv_proxy
SHORT,2026-06-26 13:50:00,2026-06-26 15:10:00,2026-06-26 15:15:00,UNKNOWN,buy_side,bearish,WIN,2.0,1,17,26395.0,0.9860079881776167,-1961.439889275789,-0.07431103956339416,-136.32500000008577,True,0.6239439287743891,True,ohlcv_proxy
LONG,2026-06-26 13:20:00,2026-06-26 13:35:00,2026-06-26 15:20:00,UNKNOWN,sell_side,bullish,LOSS,-1.0,21,4,6023.0,0.8872802055343422,989.8930931589166,0.16435216555851181,-1511.9471624265484,True,1.0,True,ohlcv_proxy
LONG,2026-06-26 15:20:00,2026-06-26 16:05:00,2026-06-26 16:20:00,UNKNOWN,sell_side,bullish,WIN,2.0,3,10,22287.0,1.290623335109217,-1141.1107574061316,-0.05120073394382966,-1983.3057851239716,False,0.8503611971104231,True,ohlcv_proxy
LONG,2026-06-26 18:05:00,2026-06-26 18:50:00,2026-06-26 19:00:00,UNKNOWN,sell_side,bullish,WIN,2.0,2,10,22230.0,0.9102821342287376,4793.456720649941,0.21563008190058217,-1427.4649050370642,True,0.7045434098065677,True,ohlcv_proxy
LONG,2026-06-29 03:20:00,2026-06-29 04:00:00,2026-06-29 04:05:00,UNKNOWN,sell_side,bullish,WIN,2.0,1,9,24247.0,1.203190113664671,4002.884560365248,0.16508782778757158,172.0564448187847,True,0.7182331834866169,True,ohlcv_proxy
LONG,2026-07-01 10:05:00,2026-07-01 11:00:00,2026-07-01 11:15:00,UNKNOWN,sell_side,bullish,WIN,2.0,3,12,19494.0,1.1243926410941458,-99.98902864409138,-0.005129220716327659,-1012.6083916084604,False,0.7261208576998051,True,ohlcv_proxy
SHORT,2026-07-01 17:30:00,2026-07-01 18:25:00,2026-07-01 18:35:00,UNKNOWN,buy_side,bearish,WIN,2.0,2,12,35055.0,1.0484484577892945,-7255.57731620151,-0.2069769595265015,1440.1428571429187,True,0.8174582798459563,True,ohlcv_proxy
LONG,2026-07-02 08:30:00,2026-07-02 09:30:00,2026-07-02 09:40:00,UNKNOWN,sell_side,bullish,LOSS,-1.0,2,13,25881.0,1.2809953761219413,-1451.4455681061518,-0.0560815103012307,644.2666666665145,False,0.3827518256636142,True,ohlcv_proxy
LONG,2026-07-03 01:00:00,2026-07-03 01:15:00,2026-07-03 01:35:00,UNKNOWN,sell_side,bullish,WIN,2.0,4,4,1825.0,0.23990682413318049,931.6125277173493,0.5104726179273147,262.45945945928986,True,0.6197260273972602,True,ohlcv_proxy
SHORT,2026-07-03 08:30:00,2026-07-03 08:50:00,2026-07-03 08:55:00,UNKNOWN,buy_side,bearish,WIN,2.0,1,5,7635.0,1.3207743006902277,-1819.7408706236806,-0.2383419607889562,-605.7704918031388,True,1.0,True,ohlcv_proxy
LONG,2026-07-06 15:40:00,2026-07-06 16:35:00,2026-07-06 16:45:00,UNKNOWN,sell_side,bullish,LOSS,-1.0,2,12,29333.0,1.4044013160666613,802.0948378975008,0.027344452933470865,2625.155844155819,True,0.6691439675450858,True,ohlcv_proxy
SHORT,2026-07-06 16:20:00,2026-07-06 17:10:00,2026-07-06 17:15:00,UNKNOWN,buy_side,bearish,WIN,2.0,1,11,30565.0,1.4241091688122653,3870.6580171659425,0.1266369382354308,53.186813186520794,False,1.0,True,ohlcv_proxy
LONG,2026-07-06 17:40:00,2026-07-06 19:00:00,2026-07-06 19:30:00,UNKNOWN,sell_side,bullish,WIN,2.0,6,17,30590.0,0.8424133503927316,5123.454649718025,0.16748789309310316,-963.2245681380846,True,0.49365805818895064,True,ohlcv_proxy
LONG,2026-07-07 01:00:00,2026-07-07 01:35:00,2026-07-07 01:50:00,UNKNOWN,sell_side,bullish,LOSS,-1.0,3,8,3891.0,0.40188309756742463,1297.3145466740004,0.33341417287946556,80.89655172434937,True,1.0,True,ohlcv_proxy
LONG,2026-07-07 11:50:00,2026-07-07 12:45:00,2026-07-07 13:00:00,UNKNOWN,sell_side,bullish,WIN,2.0,3,12,16706.0,0.9546111156824562,302.88490608821303,0.018130306841147675,-1428.248322147745,True,0.9353525679396624,True,ohlcv_proxy
SHORT,2026-07-07 11:10:00,2026-07-07 13:05:00,2026-07-07 13:25:00,UNKNOWN,buy_side,bearish,LOSS,-1.0,4,24,34188.0,0.9987940149486054,2024.1760054484475,0.059207207366574456,580.9609756090429,False,0.2952205452205452,True,ohlcv_proxy
LONG,2026-07-09 04:30:00,2026-07-09 05:30:00,2026-07-09 05:45:00,UNKNOWN,sell_side,bullish,LOSS,-1.0,3,13,25899.0,1.2414354423851053,2458.7672801155168,0.09493676513052693,-1874.5934959350798,True,0.7550870689988031,True,ohlcv_proxy
SHORT,2026-07-10 03:55:00,2026-07-10 05:05:00,2026-07-10 05:10:00,UNKNOWN,buy_side,bearish,LOSS,-1.0,1,15,29124.0,1.8805571160141796,3303.212693134683,0.11341892230238576,1269.7767548905917,False,0.5781829419035847,True,ohlcv_proxy
LONG,2026-07-10 08:30:00,2026-07-10 09:20:00,2026-07-10 09:25:00,UNKNOWN,sell_side,bullish,LOSS,-1.0,1,11,17793.0,1.4530330523575343,3095.515283892706,0.17397376967867734,-401.99999999974904,True,0.7102231214522565,True,ohlcv_proxy
LONG,2026-07-10 17:30:00,2026-07-10 17:50:00,2026-07-13 01:00:00,UNKNOWN,sell_side,bullish,LOSS,-1.0,62,5,19022.0,1.7742582384270273,5104.024648749858,0.26832218740142244,-1959.620689655172,True,1.0,True,ohlcv_proxy
SHORT,2026-07-13 21:45:00,2026-07-13 22:40:00,2026-07-13 22:50:00,UNKNOWN,buy_side,bearish,LOSS,-1.0,2,12,24481.0,0.8668148122969371,3225.9589627748755,0.1317739864701146,1839.4663573087914,False,1.0,True,ohlcv_proxy
SHORT,2026-07-14 12:10:00,2026-07-14 12:35:00,2026-07-14 12:45:00,UNKNOWN,buy_side,bearish,LOSS,-1.0,2,6,10125.0,0.9593846293790578,-2145.4550700233503,-0.21189679703934325,1032.374545454701,True,1.0,True,ohlcv_proxy
LONG,2026-07-16 05:35:00,2026-07-16 08:05:00,2026-07-16 08:15:00,UNKNOWN,sell_side,bullish,WIN,2.0,2,31,33016.0,0.7712036626100768,577.3360620660587,0.0174865538546783,-105.64583333325822,True,0.5375575478555852,True,ohlcv_proxy
LONG,2026-07-16 08:20:00,2026-07-16 09:10:00,2026-07-16 09:35:00,UNKNOWN,sell_side,bullish,LOSS,-1.0,5,11,21250.0,1.4646525912978268,-148.21377519803355,-0.006974765891672167,-840.582524271952,False,1.0,True,ohlcv_proxy
LONG,2026-07-16 14:15:00,2026-07-16 14:55:00,2026-07-16 15:15:00,UNKNOWN,sell_side,bullish,LOSS,-1.0,4,9,15539.0,1.4069293465958992,2835.5177504280946,0.1824774921441595,-708.1900452488226,True,1.0,True,ohlcv_proxy
LONG,2026-07-17 16:30:00,2026-07-17 17:25:00,2026-07-17 17:30:00,UNKNOWN,sell_side,bullish,LOSS,-1.0,1,12,46338.0,1.6109451657043687,-3652.2629820887814,-0.07881788126567356,-3213.2222222223763,False,0.7473348008114291,True,ohlcv_proxy
SHORT,2026-07-21 13:35:00,2026-07-21 15:20:00,2026-07-21 15:25:00,UNKNOWN,buy_side,bearish,WIN,2.0,1,22,25150.0,1.019078445133465,-1083.6868826317495,-0.043088941655337956,1501.025125628175,True,0.2529224652087475,True,ohlcv_proxy
LONG,2026-07-22 08:15:00,2026-07-22 09:05:00,2026-07-22 09:20:00,UNKNOWN,sell_side,bullish,LOSS,-1.0,3,11,20357.0,1.1700299447659883,1690.0208893483923,0.08301915259362344,-1587.0954907165328,True,0.6687134646558923,True,ohlcv_proxy
SHORT,2026-07-23 04:00:00,2026-07-23 04:40:00,2026-07-23 04:55:00,UNKNOWN,buy_side,bearish,WIN,2.0,3,9,25876.0,1.7364718135379842,-6930.58087098613,-0.26783818484256183,-2890.5798045596975,True,1.0,True,ohlcv_proxy
SHORT,2026-07-23 13:50:00,2026-07-23 14:50:00,2026-07-23 14:55:00,UNKNOWN,buy_side,bearish,WIN,2.0,1,13,29954.0,1.1347381245340429,-1545.285275980801,-0.05158861173735732,-549.2167741935987,True,0.48711357414702544,True,ohlcv_proxy
LONG,2026-07-24 16:05:00,2026-07-24 17:15:00,2026-07-24 17:20:00,UNKNOWN,sell_side,bullish,WIN,2.0,1,15,38665.0,1.6632038989474047,4.821087752279709,0.00012468867845027051,-54.24269662930328,True,0.42451829820250875,True,ohlcv_proxy
SHORT,2026-07-27 08:05:00,2026-07-27 08:50:00,2026-07-27 08:55:00,UNKNOWN,buy_side,bearish,LOSS,-1.0,1,10,16988.0,1.0614846288427893,427.3087859947191,0.025153566399500768,1417.835497835329,False,0.8676124323051566,True,ohlcv_proxy
LONG,2026-07-27 08:45:00,2026-07-27 09:30:00,2026-07-27 09:35:00,UNKNOWN,sell_side,bullish,WIN,2.0,1,10,20045.0,1.2724398852296677,6769.979218929388,0.33773904808827077,491.71428571415254,True,0.7985033674232975,True,ohlcv_proxy
SHORT,2026-07-27 10:00:00,2026-07-27 11:55:00,2026-07-27 12:00:00,UNKNOWN,buy_side,bearish,WIN,2.0,1,24,46341.0,1.0779182716462905,530.2725357348099,0.011442837567916314,-214.32989690714066,False,0.3211411061479036,True,ohlcv_proxy
LONG,2026-07-28 05:40:00,2026-07-28 07:10:00,2026-07-28 07:15:00,UNKNOWN,sell_side,bullish,WIN,2.0,1,19,28475.0,0.790879074242367,1075.17412771419,0.037758529507083055,-744.6198830409539,True,0.40119402985074626,True,ohlcv_proxy
SHORT,2026-07-28 11:00:00,2026-07-28 11:55:00,2026-07-28 12:25:00,UNKNOWN,buy_side,bearish,WIN,2.0,6,12,24354.0,1.1917904750719361,-14.730736544612228,-0.0006048590188310843,1126.7158774374993,True,0.6436314363143631,True,ohlcv_proxy
SHORT,2026-07-28 22:30:00,2026-07-29 01:25:00,2026-07-29 01:30:00,UNKNOWN,buy_side,bearish,WIN,2.0,1,12,11398.0,0.6263490849302542,138.1459366914023,0.012120190971346053,519.1914893617604,False,1.0,True,ohlcv_proxy
LONG,2026-07-30 18:10:00,2026-07-30 20:25:00,2026-07-30 20:30:00,UNKNOWN,sell_side,bullish,WIN,2.0,1,28,75196.0,0.8407123179850452,6374.878621479729,0.08477683150007619,-906.850368809217,True,0.17107292941113889,True,ohlcv_proxy
LONG,2026-07-31 08:50:00,2026-07-31 09:30:00,2026-07-31 10:25:00,UNKNOWN,sell_side,bullish,LOSS,-1.0,11,9,10992.0,1.2123618556018794,2861.364195412847,0.2603133365550261,-1181.8098958332398,True,0.5529475982532751,True,ohlcv_proxy
LONG,2026-08-03 13:50:00,2026-08-03 14:45:00,2026-08-03 14:50:00,UNKNOWN,sell_side,bullish,WIN,2.0,1,12,18091.0,1.0211488616146016,7681.483285789656,0.42460247005636265,1409.0,True,1.0,True,ohlcv_proxy
SHORT,2026-08-03 14:50:00,2026-08-03 15:55:00,2026-08-03 16:00:00,UNKNOWN,buy_side,bearish,LOSS,-1.0,1,14,27146.0,1.223652656821911,-2188.960470870861,-0.08063657521811174,499.53602305484947,True,0.4431223753039122,True,ohlcv_proxy
SHORT,2026-08-04 03:05:00,2026-08-04 04:35:00,2026-08-04 04:40:00,UNKNOWN,buy_side,bearish,LOSS,-1.0,1,19,28844.0,1.5420063617652562,-5649.700367903384,-0.19587090444818278,101.6590257878729,True,0.3325128276244626,True,ohlcv_proxy
SHORT,2026-08-05 01:35:00,2026-08-05 02:30:00,2026-08-05 03:00:00,UNKNOWN,buy_side,bearish,LOSS,-1.0,6,12,9491.0,0.751593304951599,-1465.8910118444965,-0.15445063869397285,124.85576923074109,True,0.5126962385417764,True,ohlcv_proxy
LONG,2026-08-06 08:30:00,2026-08-06 08:45:00,2026-08-06 09:35:00,UNKNOWN,sell_side,bullish,LOSS,-1.0,10,4,9370.0,1.3402409859138813,2809.5094354562134,0.2998409216068531,-1845.648648648766,True,1.0,True,ohlcv_proxy
SHORT,2026-08-06 15:30:00,2026-08-06 15:55:00,2026-08-06 16:05:00,UNKNOWN,buy_side,bearish,WIN,2.0,2,6,12948.0,1.1509824419175219,-4877.824046938604,-0.3767241309035066,-1475.8067978536214,True,1.0,True,ohlcv_proxy
SHORT,2026-08-06 22:10:00,2026-08-06 22:25:00,2026-08-06 22:30:00,UNKNOWN,buy_side,bearish,WIN,2.0,1,4,6615.0,0.7863915623692319,-4496.066905591259,-0.6796775367484896,-1012.6251896812241,True,1.0,True,ohlcv_proxy
SHORT,2026-08-07 02:30:00,2026-08-07 03:20:00,2026-08-07 03:25:00,UNKNOWN,buy_side,bearish,WIN,2.0,1,11,11490.0,0.9739351557533376,-1779.168652632934,-0.15484496541626927,-1078.6745362563288,True,1.0,True,ohlcv_proxy
LONG,2026-08-07 07:40:00,2026-08-07 08:20:00,2026-08-07 08:25:00,UNKNOWN,sell_side,bullish,LOSS,-1.0,1,9,10755.0,0.9910268530958186,762.8119123850802,0.07092625870619063,-807.879032257801,True,0.7670850767085077,True,ohlcv_proxy
LONG,2026-08-07 07:40:00,2026-08-07 08:40:00,2026-08-07 08:45:00,UNKNOWN,sell_side,bullish,WIN,2.0,1,13,19458.0,1.1952543647239637,214.5771515484248,0.011027708477152062,-952.7155963303371,True,0.8430465618254702,True,ohlcv_proxy
SHORT,2026-08-10 16:30:00,2026-08-10 17:10:00,2026-08-10 17:20:00,UNKNOWN,buy_side,bearish,LOSS,-1.0,2,9,19586.0,1.9205236971797148,-2379.3957480309273,-0.12148451690140545,827.1179039302415,True,0.5995609108546921,True,ohlcv_proxy
LONG,2026-08-11 04:00:00,2026-08-11 04:35:00,2026-08-11 04:45:00,UNKNOWN,sell_side,bullish,WIN,2.0,2,8,15220.0,1.8966582924592255,2750.763038176443,0.18073344534667823,791.4705882350577,True,0.6464520367936926,True,ohlcv_proxy
LONG,2026-08-11 04:00:00,2026-08-11 05:05:00,2026-08-11 05:10:00,UNKNOWN,sell_side,bullish,WIN,2.0,1,14,23992.0,1.772416727736933,1992.257566769933,0.08303841141922028,-735.7017082786808,True,0.6033261087029009,True,ohlcv_proxy
LONG,2026-08-12 01:00:00,2026-08-12 01:20:00,2026-08-12 01:25:00,UNKNOWN,sell_side,bullish,WIN,2.0,1,5,1662.0,0.433489827856025,789.696778874292,0.4751484830771914,138.9748953975872,True,0.7045728038507821,True,ohlcv_proxy
LONG,2026-08-12 01:00:00,2026-08-12 01:55:00,2026-08-12 02:00:00,UNKNOWN,sell_side,bullish,LOSS,-1.0,1,12,6610.0,0.729754555169886,147.98774637219367,0.0223884638989703,-502.56476683938575,True,0.22874432677760967,True,ohlcv_proxy
SHORT,2026-08-12 08:05:00,2026-08-12 09:45:00,2026-08-12 09:55:00,UNKNOWN,buy_side,bearish,LOSS,-1.0,2,21,28138.0,1.1386582948695225,-1313.0424751004211,-0.04666438535434008,1352.8012820510598,True,0.15644324401165682,True,ohlcv_proxy
LONG,2026-08-12 15:00:00,2026-08-12 15:35:00,2026-08-13 01:00:00,UNKNOWN,sell_side,bullish,LOSS,-1.0,89,8,19471.0,1.6166555961474594,7944.9912916256335,0.4080422829657251,3264.3733699382374,True,1.0,True,ohlcv_proxy
SHORT,2026-08-13 14:10:00,2026-08-13 14:30:00,2026-08-13 14:40:00,UNKNOWN,buy_side,bearish,WIN,2.0,2,5,7748.0,0.992976880094325,-1075.3731552756444,-0.13879364420181264,548.6538461542941,True,1.0,True,ohlcv_proxy
LONG,2026-08-14 01:00:00,2026-08-14 02:00:00,2026-08-14 02:05:00,UNKNOWN,sell_side,bullish,WIN,2.0,1,13,11377.0,0.48802395980161617,-161.25912211098967,-0.014174133964225162,-887.7466666665853,False,0.12375846005098005,True,ohlcv_proxy
LONG,2026-08-17 01:00:00,2026-08-17 02:15:00,2026-08-17 02:20:00,UNKNOWN,sell_side,bullish,LOSS,-1.0,1,16,13986.0,0.6781524926686217,4269.092381459304,0.30524041051475076,75.89999999992608,True,0.5083655083655083,True,ohlcv_proxy
LONG,2026-08-17 08:10:00,2026-08-17 08:35:00,2026-08-17 08:40:00,UNKNOWN,sell_side,bullish,WIN,2.0,1,6,8471.0,0.9644197314971673,954.4464101552567,0.11267222407688073,879.0134529147185,True,0.5929642309054421,True,ohlcv_proxy
LONG,2026-08-17 12:45:00,2026-08-17 13:30:00,2026-08-17 14:05:00,UNKNOWN,sell_side,bullish,WIN,2.0,7,10,14096.0,0.9617641439917032,-731.3262034172376,-0.05188182487352707,-2580.0923787527045,False,1.0,True,ohlcv_proxy
LONG,2026-08-18 08:30:00,2026-08-18 09:25:00,2026-08-18 10:25:00,UNKNOWN,sell_side,bullish,WIN,2.0,12,12,22044.0,1.2368871113265731,6402.045018859364,0.2904212039039813,1033.7142857138433,True,1.0,True,ohlcv_proxy
SHORT,2026-08-20 01:00:00,2026-08-20 01:40:00,2026-08-20 01:45:00,UNKNOWN,buy_side,bearish,WIN,2.0,1,9,7118.0,0.4153173811315911,-644.0425265192375,-0.09048082699062061,-210.73170731731858,True,1.0,True,ohlcv_proxy
LONG,2026-08-20 06:10:00,2026-08-20 07:00:00,2026-08-20 07:20:00,UNKNOWN,sell_side,bullish,LOSS,-1.0,4,11,16297.0,0.6713850793245365,5849.118786739711,0.35890769999016453,-1008.9067599066184,True,0.6952813401239492,True,ohlcv_proxy
SHORT,2026-08-24 02:55:00,2026-08-24 03:35:00,2026-08-24 05:05:00,UNKNOWN,buy_side,bearish,LOSS,-1.0,18,9,16722.0,1.6327463179725121,-4055.0033615643633,-0.24249511790242576,-1724.299605782091,True,1.0,True,ohlcv_proxy
LONG,2026-08-24 08:30:00,2026-08-24 09:25:00,2026-08-24 09:30:00,UNKNOWN,sell_side,bullish,WIN,2.0,1,12,23411.0,1.286544887013101,2018.784799300187,0.08623231811115231,-1138.7473002157867,True,0.5619580539062834,True,ohlcv_proxy
LONG,2026-08-24 13:45:00,2026-08-24 15:30:00,2026-08-24 15:35:00,UNKNOWN,sell_side,bullish,WIN,2.0,1,22,36843.0,1.1863209400151724,3981.560602338952,0.10806830611890866,308.45838359475783,True,0.392937600086855,True,ohlcv_proxy
LONG,2026-08-24 15:30:00,2026-08-24 16:35:00,2026-08-24 16:40:00,UNKNOWN,sell_side,bullish,LOSS,-1.0,1,14,32926.0,1.3899864910503208,5731.180591851895,0.1740624610293353,-3336.9827586204965,True,0.6011358804592115,True,ohlcv_proxy
SHORT,2026-08-25 14:45:00,2026-08-25 15:25:00,2026-08-25 15:35:00,UNKNOWN,buy_side,bearish,WIN,2.0,2,9,13619.0,1.036851273243314,-696.3524153603557,-0.05113095053677625,1683.8490153175321,True,1.0,True,ohlcv_proxy
LONG,2026-08-25 20:05:00,2026-08-25 21:00:00,2026-08-25 21:10:00,UNKNOWN,sell_side,bullish,WIN,2.0,2,12,19314.0,0.7896983494593057,1537.7930100873527,0.07962063840154048,-1289.9708737861265,True,0.6275240757999379,True,ohlcv_proxy
LONG,2026-08-26 01:00:00,2026-08-26 02:20:00,2026-08-26 02:40:00,UNKNOWN,sell_side,bullish,LOSS,-1.0,4,17,5584.0,0.33136673348596146,1598.542393328259,0.2862719185759776,-475.3515358360827,True,0.31715616045845274,True,ohlcv_proxy
SHORT,2026-08-26 15:00:00,2026-08-26 15:55:00,2026-08-26 16:00:00,UNKNOWN,buy_side,bearish,WIN,2.0,1,12,22694.0,1.5837059864560827,346.53706145923934,0.015269985963657326,-1334.0211640213174,False,0.8773684674363268,True,ohlcv_proxy
SHORT,2026-08-28 08:25:00,2026-08-28 09:05:00,2026-08-28 09:15:00,UNKNOWN,buy_side,bearish,LOSS,-1.0,2,9,12098.0,1.2915527029941218,-691.8971718533649,-0.05719103751474333,1233.6933744221174,True,0.484212266490329,True,ohlcv_proxy
SHORT,2026-08-28 15:20:00,2026-08-28 15:45:00,2026-08-28 16:05:00,UNKNOWN,buy_side,bearish,LOSS,-1.0,4,6,9950.0,1.3673592788038698,-278.7649215602287,-0.028016575031178763,932.5433526007982,True,0.64,True,ohlcv_proxy
LONG,2026-08-28 15:35:00,2026-08-28 16:30:00,2026-08-28 16:35:00,UNKNOWN,sell_side,bullish,WIN,2.0,1,12,27301.0,1.5631154899643647,8293.26578173675,0.3037715022063936,2845.5718475079884,True,0.9391597377385443,True,ohlcv_proxy
LONG,2026-08-31 21:25:00,2026-08-31 22:10:00,2026-08-31 22:20:00,UNKNOWN,sell_side,bullish,WIN,2.0,2,10,16843.0,0.8569582383588408,327.304652394545,0.019432681374728075,-228.42553191423735,True,0.8815531674879772,True,ohlcv_proxy
LONG,2026-09-01 07:40:00,2026-09-01 09:25:00,2026-09-01 09:30:00,UNKNOWN,sell_side,bullish,WIN,2.0,1,22,28502.0,1.0468884984044335,-630.1559603438782,-0.022109183928983166,-663.6932409015394,False,0.4007087221949337,True,ohlcv_proxy
SHORT,2026-09-01 14:45:00,2026-09-01 15:25:00,2026-09-01 15:30:00,UNKNOWN,buy_side,bearish,WIN,2.0,1,9,19098.0,1.1617212307018505,-7117.624154698199,-0.3726895043825636,-1802.567307692545,True,0.38459524557545294,True,ohlcv_proxy
SHORT,2026-09-02 09:10:00,2026-09-02 09:50:00,2026-09-02 10:05:00,UNKNOWN,buy_side,bearish,LOSS,-1.0,3,9,16922.0,1.3301137694521867,1046.6411177524578,0.061850911106988406,333.1294964028857,False,1.0,True,ohlcv_proxy
LONG,2026-09-02 13:50:00,2026-09-02 14:05:00,2026-09-02 14:10:00,UNKNOWN,sell_side,bullish,WIN,2.0,1,4,6602.0,1.0299789074298267,4002.995291151685,0.6063307014770803,782.1352941177975,True,1.0,True,ohlcv_proxy
LONG,2026-09-03 09:20:00,2026-09-03 10:05:00,2026-09-03 10:20:00,UNKNOWN,sell_side,bullish,WIN,2.0,3,10,14152.0,1.303947222938857,-1769.8673669950313,-0.12506128935804348,-1120.0744010087528,False,1.0,True,ohlcv_proxy
SHORT,2026-09-04 03:45:00,2026-09-04 04:35:00,2026-09-04 04:40:00,UNKNOWN,buy_side,bearish,WIN,2.0,1,11,18305.0,1.9691519253690881,-7832.369561234562,-0.42788142918517136,391.7123287672666,True,0.7331330237639989,True,ohlcv_proxy
LONG,2026-09-09 06:55:00,2026-09-09 07:30:00,2026-09-09 08:00:00,UNKNOWN,sell_side,bullish,WIN,2.0,6,8,4218.0,0.5865371779468697,445.4160217394556,0.10559886717388704,-126.96551724143617,True,1.0,True,ohlcv_proxy
LONG,2026-09-09 22:35:00,2026-09-10 01:25:00,2026-09-10 01:30:00,UNKNOWN,sell_side,bullish,WIN,2.0,1,11,8336.0,0.635305809511906,1570.2607999703937,0.18837101727092054,170.52631578951258,True,0.8390115163147792,True,ohlcv_proxy
LONG,2026-09-10 03:00:00,2026-09-10 03:45:00,2026-09-10 03:50:00,UNKNOWN,sell_side,bullish,WIN,2.0,1,10,9837.0,1.2631619497662951,1640.9015768800164,0.1668091467805242,332.9629629629435,True,1.0,True,ohlcv_proxy
LONG,2026-09-10 07:40:00,2026-09-10 09:20:00,2026-09-10 09:25:00,UNKNOWN,sell_side,bullish,WIN,2.0,1,21,22350.0,1.176136273937136,1388.9267235839616,0.06214437241986405,1458.8252788104983,True,0.24062639821029083,True,ohlcv_proxy
LONG,2026-09-10 15:35:00,2026-09-10 16:30:00,2026-09-10 16:35:00,UNKNOWN,sell_side,bullish,WIN,2.0,1,12,35717.0,1.5384701532396734,3808.4833345373445,0.10662942953040133,1395.7646687698807,True,0.8154660245821318,True,ohlcv_proxy
LONG,2026-09-11 15:30:00,2026-09-11 15:40:00,2026-09-11 15:55:00,UNKNOWN,sell_side,bullish,WIN,2.0,3,3,12025.0,2.4907928696005204,3468.7228955736837,0.288459284455192,-1209.6501128671136,True,1.0,True,ohlcv_proxy
LONG,2026-09-14 04:00:00,2026-09-14 04:50:00,2026-09-14 04:55:00,UNKNOWN,sell_side,bullish,WIN,2.0,1,11,20499.0,1.8114834210251904,-697.3257561925166,-0.034017549938656355,575.6963562752903,False,0.5657349138982389,True,ohlcv_proxy
SHORT,2026-09-15 16:50:00,2026-09-15 18:55:00,2026-09-15 19:00:00,UNKNOWN,buy_side,bearish,WIN,2.0,1,26,62683.0,1.0544825813467122,1050.0739848839366,0.01675213351122213,-1360.10309278345,False,0.350780913485315,True,ohlcv_proxy
SHORT,2026-09-15 21:40:00,2026-09-15 22:15:00,2026-09-15 22:40:00,UNKNOWN,buy_side,bearish,WIN,2.0,5,8,13741.0,0.9739532536460341,-2530.0008480927645,-0.1841205769662153,-738.5964912279759,True,1.0,True,ohlcv_proxy
SHORT,2026-09-16 07:20:00,2026-09-16 08:15:00,2026-09-16 08:20:00,UNKNOWN,buy_side,bearish,LOSS,-1.0,1,12,7849.0,0.6196905100268435,356.27128856776153,0.04539065977420838,684.9078341011164,False,0.4734361065103835,True,ohlcv_proxy
SHORT,2026-09-17 07:45:00,2026-09-17 08:30:00,2026-09-17 08:45:00,UNKNOWN,buy_side,bearish,LOSS,-1.0,3,10,7284.0,0.7897989720902999,-581.3827534093307,-0.0798164131533952,1030.281690140877,True,0.8053267435475013,True,ohlcv_proxy
