timestamp,open,high,low,close,volume
2026-01-01 00:00:00,1.085,1.0851253664542375,1.084939592433955,1.0850501363630607,
2026-01-01 00:05:00,1.0850501363630607,1.085147833400519,1.084845144257206,1.0848814267709948,
2026-01-01 00:10:00,1.0848814267709948,1.085123872395649,1.084838620873646,1.0850040987312983,
2026-01-01 00:15:00,1.0850040987312983,1.0852771882240018,1.0849546657533558,1.0851577295948427,
2026-01-01 00:20:00,1.0851577295948427,1.085185264669416,1.0847663760457305,1.0848407413435055,
2026-01-01 00:25:00,1.0848407413435055,1.08493984806149,1.08460742274184,1.0846294057442394,
2026-01-01 00:30:00,1.0846294057442394,1.0847092344558396,1.0844383798448325,1.084650747187977,
2026-01-01 00:35:00,1.084650747187977,1.0848357523020322,1.0845575513567944,1.0845998387934763,
2026-01-01 00:40:00,1.0845998387934763,1.0847956231916984,1.084508680918676,1.0845976477157009,
2026-01-01 00:45:00,1.0845976477157009,1.0846715841570442,1.0842811024475585,1.0844594174083069,
2026-01-01 00:50:00,1.0844594174083069,1.0846545532288128,1.0844202351736725,1.0846030198573076,
2026-01-01 00:55:00,1.0846030198573076,1.0847896196735771,1.084495971091992,1.0847301089264063,
2026-01-01 01:00:00,1.0847301089264063,1.0848473905790024,1.0845580478788488,1.084741395173039,
2026-01-01 01:05:00,1.084741395173039,1.0851027789306853,1.0846211419007128,1.084925367922845,
2026-01-01 01:10:00,1.084925367922845,1.085112001521906,1.084867506075669,1.0850019950032173,
2026-01-01 01:15:00,1.0850019950032173,1.085031965574326,1.0847103046258209,1.0848626963414751,
2026-01-01 01:20:00,1.0848626963414751,1.0849504264665275,1.084720054950159,1.0849232470580392,
2026-01-01 01:25:00,1.0849232470580392,1.0849841774282514,1.084682560096652,1.0847677535598306,
2026-01-01 01:30:00,1.0847677535598306,1.085082941446935,1.084739420430746,1.0849112426169654,
2026-01-01 01:35:00,1.0849112426169654,1.0850431091173216,1.084882244677582,1.0849036603217634,
2026-01-01 01:40:00,1.0849036603217634,1.085024992735445,1.0847055487785917,1.0848741194975544,
2026-01-01 01:45:00,1.0848741194975544,1.0849515340242193,1.084685978787041,1.0847638591121218,
2026-01-01 01:50:00,1.0847638591121218,1.085150641706332,1.0847190605303727,1.0849633451334235,
2026-01-01 01:55:00,1.0849633451334235,1.0850429572175166,1.0848253998498454,1.0849387390705547,
2026-01-01 02:00:00,1.0849387390705547,1.0851090290648322,1.0846838273341262,1.084869577327357,
2026-01-01 02:05:00,1.084869577327357,1.0850508399605925,1.0847912918449465,1.0848128184005603,
2026-01-01 02:10:00,1.0848128184005603,1.085006982985145,1.0847827125632388,1.084899982682766,
2026-01-01 02:15:00,1.084899982682766,1.085140969400017,1.0848049145949008,1.0849599973315105,
2026-01-01 02:20:00,1.0849599973315105,1.0850975362722166,1.0848183234682949,1.0850277116804865,
2026-01-01 02:25:00,1.0850277116804865,1.0852368924209754,1.0849220135979083,1.0850983744042624,
2026-01-01 02:30:00,1.0850983744042624,1.0854833913491009,1.0849168156853386,1.0854475578743663,
2026-01-01 02:35:00,1.0854475578743663,1.0855528660329032,1.0853539960340823,1.0853819312540791,
2026-01-01 02:40:00,1.0853819312540791,1.0854410509784675,1.0852178549004403,1.0852990802569764,
2026-01-01 02:45:00,1.0852990802569764,1.085330377647004,1.085083910286497,1.0851671529065872,
2026-01-01 02:50:00,1.0851671529065872,1.085288636859607,1.0850859300059097,1.085267966268153,
2026-01-01 02:55:00,1.085267966268153,1.08553076555729,1.0851601828039708,1.0854523101763305,
2026-01-01 03:00:00,1.0854523101763305,1.0855784256833472,1.085271996504089,1.085434300372224,
2026-01-01 03:05:00,1.085434300372224,1.0855362418348011,1.085220842570526,1.0852980614414784,
2026-01-01 03:10:00,1.0852980614414784,1.085372379915212,1.085010384165953,1.0851643911431468,
2026-01-01 03:15:00,1.0851643911431468,1.0854692549704446,1.0851180273583163,1.0852708389649048,
2026-01-01 03:20:00,1.0852708389649048,1.085581497724842,1.0851499084908909,1.0853923832176458,
2026-01-01 03:25:00,1.0853923832176458,1.085523977481727,1.085304867373026,1.085481359886496,
2026-01-01 03:30:00,1.085481359886496,1.0855760792232962,1.0852564902798134,1.0853735482242266,
2026-01-01 03:35:00,1.0853735482242266,1.0855486813001385,1.0853341532691596,1.0854118888520194,
2026-01-01 03:40:00,1.0854118888520194,1.0855834579020884,1.0852202655396024,1.085431429558533,
2026-01-01 03:45:00,1.085431429558533,1.0855535255854951,1.0852483110175086,1.0854675785976116,
2026-01-01 03:50:00,1.0854675785976116,1.0857643475552845,1.0852988272628392,1.0856100168289922,
2026-01-01 03:55:00,1.0856100168289922,1.085689317900387,1.0854293159207824,1.0856469708980632,
2026-01-01 04:00:00,1.0856469708980632,1.0858378047471955,1.0856005670814306,1.085758078474649,
2026-01-01 04:05:00,1.085758078474649,1.0859185855648423,1.0856474085555057,1.0857696275932065,
2026-01-01 04:10:00,1.0857696275932065,1.0859498819842832,1.08569240394463,1.0858172590820363,
2026-01-01 04:15:00,1.0858172590820363,1.086091324296861,1.0856375296126015,1.085920626458186,
2026-01-01 04:20:00,1.085920626458186,1.0859490607222662,1.0856297431206792,1.085683841903529,
2026-01-01 04:25:00,1.085683841903529,1.0857352324127372,1.085572736522602,1.0856323266865275,
2026-01-01 04:30:00,1.0856323266865275,1.0856610557113364,1.0854126658006702,1.085556274402814,
2026-01-01 04:35:00,1.085556274402814,1.0856108549631789,1.0854167894964857,1.0854527914351215,
2026-01-01 04:40:00,1.0854527914351215,1.0854735623410354,1.0852567108831397,1.0854085369749846,
2026-01-01 04:45:00,1.0854085369749846,1.0857632582560686,1.0853402740630882,1.0856525004017663,
2026-01-01 04:50:00,1.0856525004017663,1.0857675969929683,1.0853730851902446,1.0855120535559926,
2026-01-01 04:55:00,1.0855120535559926,1.0858086900354942,1.0853349067544475,1.085670269514841,
2026-01-01 05:00:00,1.085670269514841,1.0857595537553373,1.0852670605013053,1.0853967905484876,
2026-01-01 05:05:00,1.0853967905484876,1.085417367932811,1.0852845290466382,1.0853428121186297,
2026-01-01 05:10:00,1.0853428121186297,1.0855111519650482,1.0853139623240329,1.0853698515572547,
2026-01-01 05:15:00,1.0853698515572547,1.0854956110888596,1.0853418210423496,1.085465838693065,
2026-01-01 05:20:00,1.085465838693065,1.0857581001622814,1.0854298525543025,1.0855821894847342,
2026-01-01 05:25:00,1.0855821894847342,1.0857360042896795,1.0854578222604896,1.0857119265718922,
2026-01-01 05:30:00,1.0857119265718922,1.0858274120940783,1.0855729994257033,1.085655678639431,
2026-01-01 05:35:00,1.085655678639431,1.08583676385826,1.0855171715572804,1.0855809308132116,
2026-01-01 05:40:00,1.0855809308132116,1.0858442411261762,1.085521455632808,1.085721193002534,
2026-01-01 05:45:00,1.085721193002534,1.085850708016912,1.08549983614498,1.0856905808207225,
2026-01-01 05:50:00,1.0856905808207225,1.0858332707734233,1.085442006360352,1.085483393344013,
2026-01-01 05:55:00,1.085483393344013,1.085525426936604,1.0852245604151176,1.0852994270090568,
2026-01-01 06:00:00,1.0852994270090568,1.0854409138872028,1.0850454318424785,1.0851502977496417,
2026-01-01 06:05:00,1.0851502977496417,1.085410231381065,1.0851302168349484,1.0852317675023029,
2026-01-01 06:10:00,1.0852317675023029,1.0854508548674784,1.085045995928557,1.085255495117568,
2026-01-01 06:15:00,1.085255495117568,1.085468195936406,1.085217657371231,1.0853684465765214,
2026-01-01 06:20:00,1.0853684465765214,1.0854504574498234,1.0851565877657177,1.0852994324738412,
2026-01-01 06:25:00,1.0852994324738412,1.085481380629807,1.085166236687952,1.0853257848989997,
2026-01-01 06:30:00,1.0853257848989997,1.0855458951712764,1.0851601534050808,1.0854281777994192,
2026-01-01 06:35:00,1.0854281777994192,1.0854944926372212,1.085241105847846,1.085378355639347,
2026-01-01 06:40:00,1.085378355639347,1.0855042554262777,1.0852198659042482,1.085453267006983,
2026-01-01 06:45:00,1.085453267006983,1.0855039084610896,1.085250216829175,1.0853460415787572,
2026-01-01 06:50:00,1.0853460415787572,1.0854486934453464,1.0851795131644213,1.0852874799734409,
2026-01-01 06:55:00,1.0852874799734409,1.0853381023664517,1.085079580883486,1.0852258800618757,
2026-01-01 07:00:00,1.0852258800618757,1.0852494294717976,1.0849094598059923,1.0850317766157824,
2026-01-01 07:05:00,1.0850317766157824,1.0851409551381015,1.0849196996767343,1.085111579158607,
2026-01-01 07:10:00,1.085111579158607,1.0852989583765185,1.0849787207657675,1.0850357212788573,
2026-01-01 07:15:00,1.0850357212788573,1.0850714303259532,1.0849692617919122,1.0850382972845445,
2026-01-01 07:20:00,1.0850382972845445,1.085150259468931,1.0849537677811538,1.0851170869446265,
2026-01-01 07:25:00,1.0851170869446265,1.0852915266853105,1.0850954157552504,1.085190312765114,
2026-01-01 07:30:00,1.085190312765114,1.085363289291852,1.0850951873441896,1.0852991712410318,
2026-01-01 07:35:00,1.0852991712410318,1.0854924561344228,1.085263182743317,1.0852836810689546,
2026-01-01 07:40:00,1.0852836810689546,1.0854676585200642,1.0850936132731273,1.0852153160515932,
2026-01-01 07:45:00,1.0852153160515932,1.085308169836354,1.0850561568385526,1.0852028820169677,
2026-01-01 07:50:00,1.0852028820169677,1.0853036536904626,1.0848076074548896,1.0849287942085803,
2026-01-01 07:55:00,1.0849287942085803,1.085016314666134,1.084549026419732,1.0846938600149088,
2026-01-01 08:00:00,1.0846938600149088,1.0847206759159045,1.084459212609631,1.0844792149799711,
2026-01-01 08:05:00,1.0844792149799711,1.084551927411037,1.0842868456976054,1.0843175452527964,
2026-01-01 08:10:00,1.0843175452527964,1.0844251929495812,1.0841718220134389,1.084383111725051,
2026-01-01 08:15:00,1.084383111725051,1.0844215383844538,1.0840718588887936,1.0842363809154258,
2026-01-01 08:20:00,1.0842363809154258,1.0843573359985543,1.0840262358247097,1.0841754221074695,
2026-01-01 08:25:00,1.0841754221074695,1.084425051273342,1.0840360799038098,1.0843872735989537,
2026-01-01 08:30:00,1.0843872735989537,1.0844258012372363,1.0841825392151905,1.0843298680946765,
2026-01-01 08:35:00,1.0843298680946765,1.0845568659477365,1.0841767419080333,1.0844503734790687,
2026-01-01 08:40:00,1.0844503734790687,1.0845499843047908,1.0841486690060833,1.0842990569557895,
2026-01-01 08:45:00,1.0842990569557895,1.0843438312171134,1.084113344715046,1.08426618624103,
2026-01-01 08:50:00,1.08426618624103,1.0842869870654954,1.0840789042398036,1.0841122277871382,
2026-01-01 08:55:00,1.0841122277871382,1.0841669631866564,1.0840262498529285,1.0840576387321974,
2026-01-01 09:00:00,1.0840576387321974,1.084257291415451,1.083972637142416,1.084194830809698,
2026-01-01 09:05:00,1.084194830809698,1.0843588755295477,1.0837995289659317,1.0839144963745502,
2026-01-01 09:10:00,1.0839144963745502,1.0841704512844232,1.0837572249448442,1.0839856723813284,
2026-01-01 09:15:00,1.0839856723813284,1.084117940372426,1.083905424973946,1.084024870380878,
2026-01-01 09:20:00,1.084024870380878,1.0841177751916482,1.0838592845770236,1.0839288056508176,
2026-01-01 09:25:00,1.0839288056508176,1.0840770522818943,1.0835335987351418,1.0836942594306032,
2026-01-01 09:30:00,1.0836942594306032,1.0838393722600033,1.0836293787973414,1.0837065262971763,
2026-01-01 09:35:00,1.0837065262971763,1.0837596715307811,1.0834532478720529,1.0836209993198795,
2026-01-01 09:40:00,1.0836209993198795,1.0836987457757306,1.08356911528093,1.0836593617337174,
2026-01-01 09:45:00,1.0836593617337174,1.0837622257537598,1.0835746564996005,1.083663455613442,
2026-01-01 09:50:00,1.083663455613442,1.0840460663495983,1.0835712620037452,1.083924397244229,
2026-01-01 09:55:00,1.083924397244229,1.0839693646127977,1.0838121114945625,1.0838860233750778,
2026-01-01 10:00:00,1.0838860233750778,1.0839588126038913,1.0836995705692885,1.083720174813788,
2026-01-01 10:05:00,1.083720174813788,1.0838249295131548,1.0836577831473804,1.0837498597737971,
2026-01-01 10:10:00,1.0837498597737971,1.08385319913933,1.0836690821331991,1.0837861654631458,
2026-01-01 10:15:00,1.0837861654631458,1.0841106273243537,1.083709712982131,1.084007690296421,
2026-01-01 10:20:00,1.084007690296421,1.0842815823707423,1.0838462903070551,1.0841440309255648,
2026-01-01 10:25:00,1.0841440309255648,1.0843142997034247,1.0841155047283082,1.084202609524374,
2026-01-01 10:30:00,1.084202609524374,1.0844974175673994,1.084112598758436,1.0844411553861948,
2026-01-01 10:35:00,1.0844411553861948,1.0844796844146634,1.0842215904306556,1.08424834321266,
2026-01-01 10:40:00,1.08424834321266,1.0844162798959818,1.083957326284303,1.0841448428462062,
2026-01-01 10:45:00,1.0841448428462062,1.0842511176890954,1.0838324762363505,1.083994713935016,
2026-01-01 10:50:00,1.083994713935016,1.0840258989881602,1.0837350859010515,1.0839318749889146,
2026-01-01 10:55:00,1.0839318749889146,1.0839983368588515,1.0835247759575075,1.083708604853213,
2026-01-01 11:00:00,1.083708604853213,1.0839771255398536,1.083631758554232,1.0838123994597444,
2026-01-01 11:05:00,1.0838123994597444,1.0839677101982037,1.0836323297787271,1.0837768147929467,
2026-01-01 11:10:00,1.0837768147929467,1.0839544617868682,1.0834630993357703,1.0835382790715165,
2026-01-01 11:15:00,1.0835382790715165,1.0836666548801968,1.0831938924948896,1.083373770508717,
2026-01-01 11:20:00,1.083373770508717,1.0835213843892335,1.0832798349921229,1.083425261321049,
2026-01-01 11:25:00,1.083425261321049,1.0836588130881286,1.0833376015635066,1.0835620187885688,
2026-01-01 11:30:00,1.0835620187885688,1.0839420666092832,1.0833774864146068,1.0838871466012745,
2026-01-01 11:35:00,1.0838871466012745,1.0844986808531667,1.083716533349503,1.0843615370400934,
2026-01-01 11:40:00,1.0843615370400934,1.084554799173355,1.0841675826004875,1.0844294867972584,
2026-01-01 11:45:00,1.0844294867972584,1.0844773623913155,1.0842371103742172,1.0842690782296207,
2026-01-01 11:50:00,1.0842690782296207,1.0844484975552289,1.083859117856267,1.083922918854314,
2026-01-01 11:55:00,1.083922918854314,1.084053312776678,1.083848764459698,1.0839669885000822,
2026-01-01 12:00:00,1.0839669885000822,1.083995941477876,1.0837389749087931,1.083835358279765,
2026-01-01 12:05:00,1.083835358279765,1.0839143768455055,1.08366321202635,1.0837683754346206,
2026-01-01 12:10:00,1.0837683754346206,1.0839449496432687,1.0835969511270052,1.0836694161640572,
2026-01-01 12:15:00,1.0836694161640572,1.0838544683495124,1.0834847915362942,1.0836470726124603,
2026-01-01 12:20:00,1.0836470726124603,1.083929172044939,1.083586888666453,1.0838209003298325,
2026-01-01 12:25:00,1.0838209003298325,1.0840391156210951,1.0836755272134386,1.0838469744318822,
2026-01-01 12:30:00,1.0838469744318822,1.0840245179575403,1.08364840796942,1.0838217262662266,
2026-01-01 12:35:00,1.0838217262662266,1.0839902677953046,1.0835252458815368,1.0836539115645856,
2026-01-01 12:40:00,1.0836539115645856,1.0838286593762283,1.0832985223282392,1.0833822709349,
2026-01-01 12:45:00,1.0833822709349,1.0834710085090904,1.0832499664403743,1.0833037868639697,
2026-01-01 12:50:00,1.0833037868639697,1.0834599512733056,1.0832514068057428,1.0832955891207354,
2026-01-01 12:55:00,1.0832955891207354,1.0837073686294658,1.0831416376676886,1.083583447608912,
2026-01-01 13:00:00,1.083583447608912,1.0837547072358276,1.0834790038493471,1.0836051641155142,
2026-01-01 13:05:00,1.0836051641155142,1.0838174545127772,1.0835768265963042,1.0837654530134126,
2026-01-01 13:10:00,1.0837654530134126,1.0839171039175322,1.083487738885794,1.0836848299970436,
2026-01-01 13:15:00,1.0836848299970436,1.0838771966351983,1.0833519384496528,1.083492773022591,
2026-01-01 13:20:00,1.083492773022591,1.0835672524206197,1.0831645186290584,1.0833364714883151,
2026-01-01 13:25:00,1.0833364714883151,1.083533980526627,1.0831202959698962,1.0832191699307332,
2026-01-01 13:30:00,1.0832191699307332,1.08365371449269,1.0830271909789877,1.083565606810025,
2026-01-01 13:35:00,1.083565606810025,1.0836215570394887,1.0833767382931645,1.083432652796931,
2026-01-01 13:40:00,1.083432652796931,1.0836096816599856,1.083379328294802,1.0835694701386216,
2026-01-01 13:45:00,1.0835694701386216,1.0837307632830135,1.083243003887181,1.0834232641394397,
2026-01-01 13:50:00,1.0834232641394397,1.0836950782581636,1.083242755067919,1.0835752096860958,
2026-01-01 13:55:00,1.0835752096860958,1.0837136054430232,1.083465386178706,1.083638321810164,
2026-01-01 14:00:00,1.083638321810164,1.0837678428767268,1.0835707615475911,1.0836134030915547,
2026-01-01 14:05:00,1.0836134030915547,1.083693181305366,1.0835323803299086,1.0836073192923852,
2026-01-01 14:10:00,1.0836073192923852,1.0837080236887042,1.0833456889377229,1.0835014363585689,
2026-01-01 14:15:00,1.0835014363585689,1.0837497580944664,1.0833291578151287,1.0835744785518309,
2026-01-01 14:20:00,1.0835744785518309,1.0837147485176657,1.0834184936979565,1.0835010715525504,
2026-01-01 14:25:00,1.0835010715525504,1.083658303883697,1.0832714176758282,1.0833024397385551,
2026-01-01 14:30:00,1.0833024397385551,1.0834274685778198,1.0829555114514586,1.0830953422541418,
2026-01-01 14:35:00,1.0830953422541418,1.083322375203187,1.082942232786683,1.0831239235543877,
2026-01-01 14:40:00,1.0831239235543877,1.0834445021707149,1.0830276009127322,1.0833810483587825,
2026-01-01 14:45:00,1.0833810483587825,1.083474802565661,1.0832560907886912,1.0834075901567315,
2026-01-01 14:50:00,1.0834075901567315,1.0834442507657047,1.08319112510357,1.0833888519731243,
2026-01-01 14:55:00,1.0833888519731243,1.0835555673250128,1.0833247522252396,1.08343584381464,
2026-01-01 15:00:00,1.08343584381464,1.0837790564570602,1.0833127078297562,1.0836486517945068,
2026-01-01 15:05:00,1.0836486517945068,1.0838355273394404,1.0835186789200657,1.0836848542563189,
2026-01-01 15:10:00,1.0836848542563189,1.0837652345229896,1.083499761486382,1.0836186007816664,
2026-01-01 15:15:00,1.0836186007816664,1.0838211830796896,1.0834421574612365,1.0837989768553538,
2026-01-01 15:20:00,1.0837989768553538,1.0840030252163697,1.0836700754996078,1.0838692238996936,
2026-01-01 15:25:00,1.0838692238996936,1.0843192437074352,1.0837578036956632,1.0841194785187815,
2026-01-01 15:30:00,1.0841194785187815,1.0842228370901106,1.0840773358139826,1.0841498182064284,
2026-01-01 15:35:00,1.0841498182064284,1.0842029264078727,1.083804674629994,1.083951252285867,
2026-01-01 15:40:00,1.083951252285867,1.0840219703382756,1.083685584968482,1.083729364293551,
2026-01-01 15:45:00,1.083729364293551,1.084094888172492,1.0837045817127455,1.083998313387032,
2026-01-01 15:50:00,1.083998313387032,1.0843443236985115,1.0838903777776807,1.0842791593713,
2026-01-01 15:55:00,1.0842791593713,1.0843616121758664,1.0841274643992878,1.0842505045482744,
2026-01-01 16:00:00,1.0842505045482744,1.0843853817612188,1.083988898045516,1.0841887277765632,
2026-01-01 16:05:00,1.0841887277765632,1.084509073294488,1.0840405089535612,1.0844269682568564,
2026-01-01 16:10:00,1.0844269682568564,1.084518258866917,1.0840747025445423,1.0842474488021834,
2026-01-01 16:15:00,1.0842474488021834,1.0842746544294872,1.0840201349474468,1.0841024847944722,
2026-01-01 16:20:00,1.0841024847944722,1.0843928764227273,1.0839908801516078,1.084207646772435,
2026-01-01 16:25:00,1.084207646772435,1.0843008862452197,1.083948647241488,1.0841440156598072,
2026-01-01 16:30:00,1.0841440156598072,1.0842230814926934,1.0840485948662957,1.084143724805681,
2026-01-01 16:35:00,1.084143724805681,1.0841792919610054,1.0839523755748175,1.0841176878512822,
2026-01-01 16:40:00,1.0841176878512822,1.0843072798872542,1.084003009810088,1.084173126908483,
2026-01-01 16:45:00,1.084173126908483,1.0845780748662024,1.0841128137752076,1.084402586375155,
2026-01-01 16:50:00,1.084402586375155,1.0844452708361654,1.084278111020457,1.084417863260156,
2026-01-01 16:55:00,1.084417863260156,1.0845693044341216,1.0843586120950492,1.0845231553899957,
2026-01-01 17:00:00,1.0845231553899957,1.0845695055591953,1.0841696850369564,1.084190229895134,
2026-01-01 17:05:00,1.084190229895134,1.084318639369097,1.084120387730279,1.0841828490130645,
2026-01-01 17:10:00,1.0841828490130645,1.0843686705035536,1.083991501448912,1.084046267338736,
2026-01-01 17:15:00,1.084046267338736,1.084145065644808,1.0837618741041204,1.0838486399160163,
2026-01-01 17:20:00,1.0838486399160163,1.0839305250766913,1.0835264760915944,1.08370642353428,
2026-01-01 17:25:00,1.08370642353428,1.0838642748576874,1.083562839410422,1.0836526529636696,
2026-01-01 17:30:00,1.0836526529636696,1.0839557455559747,1.0834805191907213,1.0838020831248587,
2026-01-01 17:35:00,1.0838020831248587,1.0838664992299285,1.0834670039455665,1.08358701428919,
2026-01-01 17:40:00,1.08358701428919,1.083641483625116,1.08356564364243,1.0835925348799007,
2026-01-01 17:45:00,1.0835925348799007,1.0836769406857354,1.0834604105287062,1.0835143831370289,
2026-01-01 17:50:00,1.0835143831370289,1.0836739917476297,1.08327404035175,1.0834616703998874,
2026-01-01 17:55:00,1.0834616703998874,1.0837703033296753,1.0833329191795718,1.0836251919194906,
2026-01-01 18:00:00,1.0836251919194906,1.083853058289815,1.0834378734849477,1.0837132046226707,
2026-01-01 18:05:00,1.0837132046226707,1.0841004689353566,1.083637383019016,1.0839311717945272,
2026-01-01 18:10:00,1.0839311717945272,1.0840010552507486,1.0837576117824022,1.083906593010493,
2026-01-01 18:15:00,1.083906593010493,1.0839877360810777,1.0836350257665637,1.083793990295345,
2026-01-01 18:20:00,1.083793990295345,1.0838216113964547,1.083562514330728,1.0837581402592205,
2026-01-01 18:25:00,1.0837581402592205,1.0839744782954823,1.08373486849225,1.083798104055838,
2026-01-01 18:30:00,1.083798104055838,1.0839521891824824,1.0836067013571158,1.0838273518301964,
2026-01-01 18:35:00,1.0838273518301964,1.0839010138427354,1.083561128335805,1.0836516145749742,
2026-01-01 18:40:00,1.0836516145749742,1.0836993603934528,1.08348077594194,1.083666865417792,
2026-01-01 18:45:00,1.083666865417792,1.0838547201373745,1.083548817092512,1.083704506426805,
2026-01-01 18:50:00,1.083704506426805,1.084269128207871,1.083582869509059,1.084114355454352,
2026-01-01 18:55:00,1.084114355454352,1.0845600599155865,1.0840296674344785,1.0844201477582058,
2026-01-01 19:00:00,1.0844201477582058,1.0844768283329762,1.0841127825720305,1.0842819076382986,
2026-01-01 19:05:00,1.0842819076382986,1.08446628652883,1.0841681876337674,1.0842357100765183,
2026-01-01 19:10:00,1.0842357100765183,1.084391278519942,1.083889667335645,1.0839982707851572,
2026-01-01 19:15:00,1.0839982707851572,1.0841366669234025,1.0837819367745032,1.0839027681842814,
2026-01-01 19:20:00,1.0839027681842814,1.0840917940528425,1.0837491143874645,1.0839546241466265,
2026-01-01 19:25:00,1.0839546241466265,1.0843340319322603,1.083849729785959,1.084151247546244,
2026-01-01 19:30:00,1.084151247546244,1.0843383428302016,1.0838907795511763,1.0840332304729674,
2026-01-01 19:35:00,1.0840332304729674,1.0841604452082092,1.0838200572457222,1.0839274101830647,
2026-01-01 19:40:00,1.0839274101830647,1.084022410677038,1.0834402046616964,1.083578882376349,
2026-01-01 19:45:00,1.083578882376349,1.0836643544926696,1.083411639446085,1.0835529852718029,
2026-01-01 19:50:00,1.0835529852718029,1.083720419463197,1.0832331638934554,1.083380863374351,
2026-01-01 19:55:00,1.083380863374351,1.083516892335521,1.0831271767937074,1.0832953707566022,
2026-01-01 20:00:00,1.0832953707566022,1.083329278642048,1.0830361067589889,1.0831534368199616,
2026-01-01 20:05:00,1.0831534368199616,1.0831990303023042,1.0830838733064938,1.0831386633759903,
2026-01-01 20:10:00,1.0831386633759903,1.0833206968371092,1.0827113275586722,1.0828536629101635,
2026-01-01 20:15:00,1.0828536629101635,1.0830328725768223,1.0825820598819915,1.0826159411370204,
2026-01-01 20:20:00,1.0826159411370204,1.0831536412123974,1.0825565292329775,1.0829623113716318,
2026-01-01 20:25:00,1.0829623113716318,1.083059324545751,1.0825911500650949,1.0827537384202544,
2026-01-01 20:30:00,1.0827537384202544,1.0829148693836297,1.08247784943159,1.0825761620575696,
2026-01-01 20:35:00,1.0825761620575696,1.0830441149182162,1.0824665141073924,1.0828750344132996,
2026-01-01 20:40:00,1.0828750344132996,1.0834243780634172,1.0826773029679726,1.0833475526203664,
2026-01-01 20:45:00,1.0833475526203664,1.0833937134083873,1.0830953978030489,1.0831577288505017,
2026-01-01 20:50:00,1.0831577288505017,1.0833571935955968,1.0830749218015332,1.0830984412964495,
2026-01-01 20:55:00,1.0830984412964495,1.0831799144944652,1.0830583942267364,1.08315447503779,
2026-01-01 21:00:00,1.08315447503779,1.083563440627617,1.083090464703051,1.0834359201622483,
2026-01-01 21:05:00,1.0834359201622483,1.0835729583716012,1.0831254286045289,1.08327609420892,
2026-01-01 21:10:00,1.08327609420892,1.0834188162904743,1.0830771330505429,1.0832367810163,
2026-01-01 21:15:00,1.0832367810163,1.0834296491539173,1.0831149930045774,1.0833636361600028,
2026-01-01 21:20:00,1.0833636361600028,1.0835847159083685,1.0832977278082372,1.0834348316443947,
2026-01-01 21:25:00,1.0834348316443947,1.0834937835657854,1.0832603304264905,1.0833742439675054,
2026-01-01 21:30:00,1.0833742439675054,1.0835434708535407,1.0833303464491375,1.083353038809206,
2026-01-01 21:35:00,1.083353038809206,1.0834124798105411,1.0829874546089953,1.083130178778689,
2026-01-01 21:40:00,1.083130178778689,1.0832755858639225,1.0829614514803276,1.083092025040301,
2026-01-01 21:45:00,1.083092025040301,1.0832530394677515,1.0830253657274709,1.0830492891045596,
2026-01-01 21:50:00,1.0830492891045596,1.083141559255145,1.0828822270105056,1.0830875490200618,
2026-01-01 21:55:00,1.0830875490200618,1.0831503865878356,1.0828404573006096,1.0829978740769388,
2026-01-01 22:00:00,1.0829978740769388,1.0832352582790028,1.0829223938027366,1.0830750196060306,
2026-01-01 22:05:00,1.0830750196060306,1.083275580618547,1.0829406518089169,1.0832401008036527,
2026-01-01 22:10:00,1.0832401008036527,1.083320234794402,1.083111832070229,1.083265897822958,
2026-01-01 22:15:00,1.083265897822958,1.0834255934138928,1.083220125372697,1.0833235978507787,
2026-01-01 22:20:00,1.0833235978507787,1.0835202099649988,1.083268811176578,1.0833327772178247,
2026-01-01 22:25:00,1.0833327772178247,1.083454470608507,1.0831898001133036,1.0833333325982262,
2026-01-01 22:30:00,1.0833333325982262,1.0834231146109037,1.0830285880748487,1.0832166273711774,
2026-01-01 22:35:00,1.0832166273711774,1.083464701643039,1.0830928961934516,1.083268595003039,
2026-01-01 22:40:00,1.083268595003039,1.0833720630381587,1.083131122251194,1.0832533286173949,
2026-01-01 22:45:00,1.0832533286173949,1.0836921108396351,1.083116925912348,1.0835940385443714,
2026-01-01 22:50:00,1.0835940385443714,1.0839444383245005,1.0834947344503394,1.0838503423474608,
2026-01-01 22:55:00,1.0838503423474608,1.083989808520261,1.0838205913796306,1.0839136161071918,
2026-01-01 23:00:00,1.0839136161071918,1.0839922411729446,1.0836987311945572,1.0837901018869676,
2026-01-01 23:05:00,1.0837901018869676,1.083933912557755,1.0834277702995894,1.0836098156974103,
2026-01-01 23:10:00,1.0836098156974103,1.0838313354334996,1.08344492527334,1.0838039850259782,
2026-01-01 23:15:00,1.0838039850259782,1.0839899701004392,1.0836170487836343,1.083847243089823,
2026-01-01 23:20:00,1.083847243089823,1.0839820649889609,1.083799733404499,1.083925848179298,
2026-01-01 23:25:00,1.083925848179298,1.0840150056198747,1.0835317044381212,1.083642776834388,
2026-01-01 23:30:00,1.083642776834388,1.0838404580345418,1.0835175257665215,1.0837940810194808,
2026-01-01 23:35:00,1.0837940810194808,1.0839879953702765,1.083736294427682,1.0838685001823434,
2026-01-01 23:40:00,1.0838685001823434,1.0840197832624348,1.083632348291793,1.0836885229348612,
2026-01-01 23:45:00,1.0836885229348612,1.0837723609385512,1.083451653620283,1.083612419548159,
2026-01-01 23:50:00,1.083612419548159,1.083705242293408,1.0834714862030892,1.083655827309451,
2026-01-01 23:55:00,1.083655827309451,1.0837256685728385,1.083519333552824,1.0836648975680907,
2026-01-02 00:00:00,1.0836648975680907,1.0838321578934254,1.0835498903264489,1.083617948068886,
2026-01-02 00:05:00,1.083617948068886,1.0836861248411966,1.083490450242076,1.0836016687384409,
2026-01-02 00:10:00,1.0836016687384409,1.0837611152051827,1.083537102235176,1.083561254826804,
2026-01-02 00:15:00,1.083561254826804,1.0836662094209784,1.083517864537336,1.083586593527753,
2026-01-02 00:20:00,1.083586593527753,1.0838803070442966,1.0834733083724564,1.0838263351845148,
2026-01-02 00:25:00,1.0838263351845148,1.0839772507252476,1.0833339443921095,1.0834096854017234,
2026-01-02 00:30:00,1.0834096854017234,1.083514023507029,1.0831779163343664,1.0833717368906075,
2026-01-02 00:35:00,1.0833717368906075,1.0834265931612004,1.0832668696404195,1.083400963255971,
2026-01-02 00:40:00,1.083400963255971,1.0836423977100125,1.0833659217078266,1.0834496080745302,
2026-01-02 00:45:00,1.0834496080745302,1.0834962036946432,1.0833664972265682,1.083389708849074,
2026-01-02 00:50:00,1.083389708849074,1.0834733221048356,1.0829542594491308,1.0831048058664234,
2026-01-02 00:55:00,1.0831048058664234,1.0832478998135011,1.0830539346535744,1.083158636779202,
2026-01-02 01:00:00,1.083158636779202,1.08354796138794,1.0831048305527813,1.0834398640060734,
2026-01-02 01:05:00,1.0834398640060734,1.0836012439300935,1.083094871987177,1.083191157287252,
2026-01-02 01:10:00,1.083191157287252,1.0833531579268645,1.0831236263812043,1.083332061676523,
2026-01-02 01:15:00,1.083332061676523,1.0835199066457637,1.0831482354709103,1.083279219345265,
2026-01-02 01:20:00,1.083279219345265,1.0834154974481014,1.083162371666137,1.0832697963174371,
2026-01-02 01:25:00,1.0832697963174371,1.083460913115684,1.0830592042948848,1.0830992654031506,
2026-01-02 01:30:00,1.0830992654031506,1.0832663955198856,1.0828842175509268,1.0830454709035504,
2026-01-02 01:35:00,1.0830454709035504,1.0834442451169797,1.0829488163097558,1.0832572342377245,
2026-01-02 01:40:00,1.0832572342377245,1.0834806349762067,1.0831272840601984,1.0833524548770384,
2026-01-02 01:45:00,1.0833524548770384,1.0837188544929652,1.0833317452571825,1.083634538876047,
2026-01-02 01:50:00,1.083634538876047,1.083926204850128,1.0835017868700287,1.0838264803187676,
2026-01-02 01:55:00,1.0838264803187676,1.0840368545000083,1.083755567344502,1.0838984086841392,
2026-01-02 02:00:00,1.0838984086841392,1.084279372777193,1.0837894219503614,1.0841825250424353,
2026-01-02 02:05:00,1.0841825250424353,1.084406162927859,1.0841089353337474,1.0842544618268348,
2026-01-02 02:10:00,1.0842544618268348,1.0844262075084528,1.0840551348927991,1.0843896748655584,
2026-01-02 02:15:00,1.0843896748655584,1.0845590724623757,1.084280426720755,1.084341978337403,
2026-01-02 02:20:00,1.084341978337403,1.084410098286339,1.084157663609135,1.0843533443312037,
2026-01-02 02:25:00,1.0843533443312037,1.084543254900918,1.0840552203126583,1.0842404543063875,
2026-01-02 02:30:00,1.0842404543063875,1.0844499487369543,1.0841446741888596,1.0844019504929658,
2026-01-02 02:35:00,1.0844019504929658,1.0844452000482645,1.0841361257621938,1.084210846322988,
2026-01-02 02:40:00,1.084210846322988,1.0845047685670672,1.084122259924546,1.0843386308671614,
2026-01-02 02:45:00,1.0843386308671614,1.084505997196148,1.0841100828827732,1.0843081639185037,
2026-01-02 02:50:00,1.0843081639185037,1.0846521985164472,1.084176780597583,1.0844992218208689,
2026-01-02 02:55:00,1.0844992218208689,1.084814814019308,1.084381161378061,1.084621918535805,
2026-01-02 03:00:00,1.084621918535805,1.0849874054877393,1.084595453317164,1.084918708354576,
2026-01-02 03:05:00,1.084918708354576,1.0852069788349243,1.0847460966091045,1.0850381820619062,
2026-01-02 03:10:00,1.0850381820619062,1.085121549357314,1.0847478110801303,1.0847828960621757,
2026-01-02 03:15:00,1.0847828960621757,1.084899627814778,1.084744089028432,1.0847725440544984,
2026-01-02 03:20:00,1.0847725440544984,1.084872752059845,1.0845129244684857,1.084582398923987,
2026-01-02 03:25:00,1.084582398923987,1.0846034519280678,1.0843929849224647,1.084498626871375,
2026-01-02 03:30:00,1.084498626871375,1.0848684390787071,1.0843174748585742,1.0847450358838704,
2026-01-02 03:35:00,1.0847450358838704,1.0850038685738927,1.0845828217000355,1.0848493175140952,
2026-01-02 03:40:00,1.0848493175140952,1.0849007369431387,1.0846805569280114,1.0847361307140224,
2026-01-02 03:45:00,1.0847361307140224,1.0849238287691632,1.0844847688463208,1.0845717431614377,
2026-01-02 03:50:00,1.0845717431614377,1.0846930905600616,1.0844112999138062,1.0845776186429663,
2026-01-02 03:55:00,1.0845776186429663,1.0846297029235334,1.0842653841632997,1.0843802608038442,
2026-01-02 04:00:00,1.0843802608038442,1.0845165313666092,1.0842202341943372,1.0842716427439016,
2026-01-02 04:05:00,1.0842716427439016,1.0843774776336033,1.0841803528074196,1.0843229315460703,
2026-01-02 04:10:00,1.0843229315460703,1.0845428357874205,1.0841902631012588,1.084511399784727,
2026-01-02 04:15:00,1.084511399784727,1.0847543346687938,1.0843162191632616,1.0846109779251585,
2026-01-02 04:20:00,1.0846109779251585,1.0846509030041531,1.0840996842639496,1.084238810433824,
2026-01-02 04:25:00,1.084238810433824,1.0843279737818563,1.084215895304622,1.0842888546411484,
2026-01-02 04:30:00,1.0842888546411484,1.0844543024763291,1.0841419531513543,1.0843011126349569,
2026-01-02 04:35:00,1.0843011126349569,1.0843989105655163,1.0842359569696145,1.0843689741635392,
2026-01-02 04:40:00,1.0843689741635392,1.0847981919454166,1.0841937855589807,1.084632433493188,
2026-01-02 04:45:00,1.084632433493188,1.0847957402697446,1.0842082491237508,1.0842973493072314,
2026-01-02 04:50:00,1.0842973493072314,1.0843428001242854,1.0841458251816287,1.0842017558884245,
2026-01-02 04:55:00,1.0842017558884245,1.08441171006396,1.0840975253948526,1.0842984015474502,
2026-01-02 05:00:00,1.0842984015474502,1.0843357941358245,1.083975800401978,1.0840417360373549,
2026-01-02 05:05:00,1.0840417360373549,1.0844161661220693,1.083979288169425,1.0842823033025075,
2026-01-02 05:10:00,1.0842823033025075,1.0843740849147134,1.0841591161783686,1.0843427575123787,
2026-01-02 05:15:00,1.0843427575123787,1.08467101313228,1.0841846351836255,1.084481006578142,
2026-01-02 05:20:00,1.084481006578142,1.0845383981105086,1.08421838432842,1.0843886761157686,
2026-01-02 05:25:00,1.0843886761157686,1.0846645129129564,1.084297095539084,1.0845215918748856,
2026-01-02 05:30:00,1.0845215918748856,1.0847390576796754,1.0844895671974382,1.0846959652232877,
2026-01-02 05:35:00,1.0846959652232877,1.0847921258901685,1.0845888497235636,1.0847343985294695,
2026-01-02 05:40:00,1.0847343985294695,1.0848742519298784,1.0846363178636047,1.0847730809930791,
2026-01-02 05:45:00,1.0847730809930791,1.084940770759407,1.0847176247823938,1.0848176134539655,
2026-01-02 05:50:00,1.0848176134539655,1.085017408837236,1.0844963729842014,1.0846776790664074,
2026-01-02 05:55:00,1.0846776790664074,1.0847023457874638,1.08445887181345,1.0846542184989938,
2026-01-02 06:00:00,1.0846542184989938,1.0846742750945295,1.084600631472612,1.084629945966458,
2026-01-02 06:05:00,1.084629945966458,1.0847759322533903,1.0844667116180835,1.0846928661763418,
2026-01-02 06:10:00,1.0846928661763418,1.084942004283782,1.0845566371959123,1.0848560961375775,
2026-01-02 06:15:00,1.0848560961375775,1.0850351868400754,1.0846173397294927,1.0846843982559626,
2026-01-02 06:20:00,1.0846843982559626,1.084868663114548,1.0845302733758062,1.084664601477097,
2026-01-02 06:25:00,1.084664601477097,1.085084697567377,1.084621445702594,1.0849062030716323,
2026-01-02 06:30:00,1.0849062030716323,1.0849519752467198,1.0847532505188673,1.0847857436903607,
2026-01-02 06:35:00,1.0847857436903607,1.084879922560693,1.0844536714691064,1.084652499502616,
2026-01-02 06:40:00,1.084652499502616,1.0848402164615871,1.0845179529280933,1.084685957132374,
2026-01-02 06:45:00,1.084685957132374,1.0849001621509031,1.0846203770599578,1.084823892158702,
2026-01-02 06:50:00,1.084823892158702,1.0849656767071485,1.0847228860466391,1.0848262938620163,
2026-01-02 06:55:00,1.0848262938620163,1.0851057973634943,1.0846352779892028,1.0850431116481198,
2026-01-02 07:00:00,1.0850431116481198,1.0852613274286045,1.0849441411358105,1.0851831119621715,
2026-01-02 07:05:00,1.0851831119621715,1.0854955699491675,1.0850010319464112,1.0853206926122847,
2026-01-02 07:10:00,1.0853206926122847,1.0854765398092008,1.0851443069566489,1.0854114481827049,
2026-01-02 07:15:00,1.0854114481827049,1.085984604777961,1.0853295000458083,1.085791026442322,
2026-01-02 07:20:00,1.085791026442322,1.0858661531632907,1.0856128738065651,1.0857581554272993,
2026-01-02 07:25:00,1.0857581554272993,1.0857823904870674,1.08529355633893,1.085432446069611,
2026-01-02 07:30:00,1.085432446069611,1.0857600989690672,1.0852736279328994,1.0856942168063828,
2026-01-02 07:35:00,1.0856942168063828,1.0857450336959866,1.085534356681657,1.0856202239312251,
2026-01-02 07:40:00,1.0856202239312251,1.085749563325138,1.0855908213614955,1.0856383344712188,
2026-01-02 07:45:00,1.0856383344712188,1.085892441999227,1.0855875474078185,1.085852153107288,
2026-01-02 07:50:00,1.085852153107288,1.085984841905192,1.0854607750517933,1.0855917547155745,
2026-01-02 07:55:00,1.0855917547155745,1.0857692365482747,1.0852289818235268,1.0853884998571683,
2026-01-02 08:00:00,1.0853884998571683,1.0854737532558931,1.0849722836749351,1.0851283724291516,
2026-01-02 08:05:00,1.0851283724291516,1.085178701118627,1.0848745989690505,1.0849996616543711,
2026-01-02 08:10:00,1.0849996616543711,1.0851637618839516,1.0849644051881424,1.0850717573847104,
2026-01-02 08:15:00,1.0850717573847104,1.0853190945590725,1.085048645431817,1.0851576205312117,
2026-01-02 08:20:00,1.0851576205312117,1.085329602000455,1.0849968350148935,1.0852031342191206,
2026-01-02 08:25:00,1.0852031342191206,1.0852413399975196,1.0848548426183138,1.084973730376468,
2026-01-02 08:30:00,1.084973730376468,1.0850904240642467,1.0844374893960531,1.084598377574545,
2026-01-02 08:35:00,1.084598377574545,1.0847120180545802,1.0845490756514786,1.084607762685918,
2026-01-02 08:40:00,1.084607762685918,1.084686642892002,1.0844382177043017,1.0845315538750402,
2026-01-02 08:45:00,1.0845315538750402,1.0846466604152307,1.084346103403366,1.0846068315079411,
2026-01-02 08:50:00,1.0846068315079411,1.084918181584294,1.0845559438695167,1.0847215814358822,
2026-01-02 08:55:00,1.0847215814358822,1.0847963048585678,1.084690506593196,1.0847446170609871,
2026-01-02 09:00:00,1.0847446170609871,1.0849235428079174,1.0846069929319064,1.084868849087575,
2026-01-02 09:05:00,1.084868849087575,1.084952896708529,1.0847418325462632,1.0849066918239505,
2026-01-02 09:10:00,1.0849066918239505,1.0851161331088297,1.084715326332896,1.084993498361864,
2026-01-02 09:15:00,1.084993498361864,1.0850933588852707,1.0846961976602565,1.0848793619760462,
2026-01-02 09:20:00,1.0848793619760462,1.084944282268811,1.0846957788173324,1.084850676287572,
2026-01-02 09:25:00,1.084850676287572,1.0849805363128064,1.084827227984754,1.0848832401038626,
2026-01-02 09:30:00,1.0848832401038626,1.085158551401746,1.0847767704495497,1.085017317468555,
2026-01-02 09:35:00,1.085017317468555,1.0850880235642246,1.0847724810905164,1.084953779439093,
2026-01-02 09:40:00,1.084953779439093,1.0852238858711372,1.0848557222432325,1.0850391416314518,
2026-01-02 09:45:00,1.0850391416314518,1.0851142839541437,1.0848032319384444,1.0849964181679748,
2026-01-02 09:50:00,1.0849964181679748,1.0850520903935228,1.0848403830643003,1.0849778309008165,
2026-01-02 09:55:00,1.0849778309008165,1.0853052055347652,1.0849381286178588,1.085113383322328,
2026-01-02 10:00:00,1.085113383322328,1.0852792842321497,1.0846779007580791,1.0847895697316128,
2026-01-02 10:05:00,1.0847895697316128,1.0848713345040846,1.0844339614992566,1.0845791725836729,
2026-01-02 10:10:00,1.0845791725836729,1.0847506303168788,1.0843068430292435,1.0843386094442466,
2026-01-02 10:15:00,1.0843386094442466,1.0844519960090944,1.0838776164234976,1.0839596533392704,
2026-01-02 10:20:00,1.0839596533392704,1.0840420687889574,1.0837008445894525,1.0838499191808022,
2026-01-02 10:25:00,1.0838499191808022,1.0841434391823304,1.0838016463355868,1.0839723090962132,
2026-01-02 10:30:00,1.0839723090962132,1.0841276988082489,1.0838438299014592,1.0839265310831478,
2026-01-02 10:35:00,1.0839265310831478,1.0840328494989664,1.0837823472251038,1.0839592320272906,
2026-01-02 10:40:00,1.0839592320272906,1.0842660908008606,1.083799634664955,1.0841368886681142,
2026-01-02 10:45:00,1.0841368886681142,1.0844398516126614,1.0840235565452256,1.084353361372428,
2026-01-02 10:50:00,1.084353361372428,1.0843735507274888,1.084150423754159,1.084342658109145,
2026-01-02 10:55:00,1.084342658109145,1.0847565122145664,1.0841560985545613,1.0845633853811143,
2026-01-02 11:00:00,1.0845633853811143,1.08469784858777,1.0844581667114108,1.0845789153540768,
2026-01-02 11:05:00,1.0845789153540768,1.0847066332223767,1.0843943830689189,1.0844432324627389,
2026-01-02 11:10:00,1.0844432324627389,1.0845712129193608,1.0841879622490227,1.084347089930522,
2026-01-02 11:15:00,1.084347089930522,1.0844662053934693,1.084043081279276,1.084106846402847,
2026-01-02 11:20:00,1.084106846402847,1.0841790550149062,1.0837912653694093,1.0839629732052092,
2026-01-02 11:25:00,1.0839629732052092,1.0841578569076926,1.0837796192142934,1.0839053051957013,
2026-01-02 11:30:00,1.0839053051957013,1.08416840691246,1.0838143684545496,1.0840365065982072,
2026-01-02 11:35:00,1.0840365065982072,1.084457657313196,1.0839163575936623,1.0843168914682964,
2026-01-02 11:40:00,1.0843168914682964,1.0844187541646135,1.0839767428243752,1.0840926484026976,
2026-01-02 11:45:00,1.0840926484026976,1.084228886620801,1.0839061964904355,1.0841570715687123,
2026-01-02 11:50:00,1.0841570715687123,1.084188654385504,1.0839298244584767,1.0839884098074335,
2026-01-02 11:55:00,1.0839884098074335,1.0841491809450845,1.0838013412859744,1.084066139509702,
2026-01-02 12:00:00,1.084066139509702,1.0841178370469704,1.0840197243644505,1.0840453657519131,
2026-01-02 12:05:00,1.0840453657519131,1.0841845416401996,1.083589774167116,1.083748230757792,
2026-01-02 12:10:00,1.083748230757792,1.0840779099470088,1.083562690494264,1.0838996892477444,
2026-01-02 12:15:00,1.0838996892477444,1.0839741851222289,1.0837109422046132,1.0838018715989908,
2026-01-02 12:20:00,1.0838018715989908,1.0838817904715654,1.0836824685268172,1.0837156206204763,
2026-01-02 12:25:00,1.0837156206204763,1.0838562862311656,1.083377440077253,1.0835422802329218,
2026-01-02 12:30:00,1.0835422802329218,1.0835891490910852,1.0832647699561149,1.0834364856301393,
2026-01-02 12:35:00,1.0834364856301393,1.0836938671690577,1.0833559593003013,1.0835065684322556,
2026-01-02 12:40:00,1.0835065684322556,1.0835920608528402,1.083363006692449,1.0834763534838725,
2026-01-02 12:45:00,1.0834763534838725,1.0835685270919968,1.0833106490516304,1.08353031119173,
2026-01-02 12:50:00,1.08353031119173,1.0836411206988998,1.083475743455825,1.083589677578014,
2026-01-02 12:55:00,1.083589677578014,1.0839927933378628,1.0834564619418636,1.0838048990441815,
2026-01-02 13:00:00,1.0838048990441815,1.083869380516088,1.083652201836405,1.083749715355118,
2026-01-02 13:05:00,1.083749715355118,1.0838889237398075,1.0834588072294031,1.0835102020648089,
2026-01-02 13:10:00,1.0835102020648089,1.0837323194875763,1.0833405428275036,1.0836842097473396,
2026-01-02 13:15:00,1.0836842097473396,1.0837391480519625,1.0835524260777971,1.0836308686275933,
2026-01-02 13:20:00,1.0836308686275933,1.083990859575723,1.0834426719267751,1.083812596696321,
2026-01-02 13:25:00,1.083812596696321,1.0839221127473415,1.0836901885997534,1.083875466767723,
2026-01-02 13:30:00,1.083875466767723,1.0838988418733355,1.0837420765952113,1.0838546883918605,
2026-01-02 13:35:00,1.0838546883918605,1.0840221571632844,1.083758493321901,1.0839119351891695,
2026-01-02 13:40:00,1.0839119351891695,1.0844050234206466,1.0838198144289957,1.0842297325942594,
2026-01-02 13:45:00,1.0842297325942594,1.0846467944968912,1.0840624986647889,1.0845681161087164,
2026-01-02 13:50:00,1.0845681161087164,1.084623014951058,1.084426165955809,1.0845799457423415,
2026-01-02 13:55:00,1.0845799457423415,1.0848033508336603,1.0844206815187396,1.0846065492843384,
2026-01-02 14:00:00,1.0846065492843384,1.0849240133311655,1.0845107541356085,1.0847822003778576,
2026-01-02 14:05:00,1.0847822003778576,1.0849553246916082,1.0845780890215522,1.0846451477219987,
2026-01-02 14:10:00,1.0846451477219987,1.0848552657890402,1.0846095119826635,1.084699880900021,
2026-01-02 14:15:00,1.084699880900021,1.084845564509339,1.084536417163744,1.084696215241941,
2026-01-02 14:20:00,1.084696215241941,1.0848370546076067,1.0846014654844478,1.0847478330755231,
2026-01-02 14:25:00,1.0847478330755231,1.0848262142742997,1.0845011243592024,1.0846127846057798,
2026-01-02 14:30:00,1.0846127846057798,1.0847618371530408,1.0842502660452749,1.0843547478276103,
2026-01-02 14:35:00,1.0843547478276103,1.0845037561690822,1.0839205600245694,1.084018164838716,
2026-01-02 14:40:00,1.084018164838716,1.0842092707478448,1.0836939303573252,1.0838370322811974,
2026-01-02 14:45:00,1.0838370322811974,1.0839593910484102,1.0836334351979642,1.0837630073388007,
2026-01-02 14:50:00,1.0837630073388007,1.0838360391378423,1.0835209180315557,1.0837158877153117,
2026-01-02 14:55:00,1.0837158877153117,1.0841395019017048,1.0836708850119348,1.0840313867178253,
2026-01-02 15:00:00,1.0840313867178253,1.0843422519580057,1.0839081532414434,1.084211783470995,
2026-01-02 15:05:00,1.084211783470995,1.084308594834919,1.0840244869802054,1.0840558702096177,
2026-01-02 15:10:00,1.0840558702096177,1.0842753580110056,1.08389044489425,1.0841129540488008,
2026-01-02 15:15:00,1.0841129540488008,1.0842381844269997,1.083916364234965,1.0840473002749502,
2026-01-02 15:20:00,1.0840473002749502,1.084068998705923,1.0839044954972503,1.084001603684129,
2026-01-02 15:25:00,1.084001603684129,1.0841548512940398,1.083837201266293,1.084032280114158,
2026-01-02 15:30:00,1.084032280114158,1.0842675557594192,1.0839303796446296,1.0841335070779496,
2026-01-02 15:35:00,1.0841335070779496,1.0843182541032277,1.0840178788003556,1.084078880297512,
2026-01-02 15:40:00,1.084078880297512,1.0843469009754096,1.0839738301605122,1.08425243107415,
2026-01-02 15:45:00,1.08425243107415,1.084375835252819,1.084034516894933,1.0840672666183278,
2026-01-02 15:50:00,1.0840672666183278,1.0841743389897318,1.0838856516185926,1.084068839448603,
2026-01-02 15:55:00,1.084068839448603,1.0846075707295004,1.0839172669411512,1.084491872572376,
2026-01-02 16:00:00,1.084491872572376,1.0845608194016465,1.084335015730857,1.0845287046689258,
2026-01-02 16:05:00,1.0845287046689258,1.0849439375148235,1.0843512958742023,1.0847624264546676,
2026-01-02 16:10:00,1.0847624264546676,1.0849617348144307,1.0845999433886808,1.084777860593261,
2026-01-02 16:15:00,1.084777860593261,1.0849915599960642,1.0846801271270154,1.0848729092662923,
2026-01-02 16:20:00,1.0848729092662923,1.0849930892591224,1.0848228568029454,1.08486421135522,
2026-01-02 16:25:00,1.08486421135522,1.08489457144169,1.0847498181046842,1.0848370237650808,
2026-01-02 16:30:00,1.0848370237650808,1.0849646548574423,1.0845225965822485,1.0847107318308369,
2026-01-02 16:35:00,1.0847107318308369,1.0848785366783678,1.084519895542415,1.0847812893561894,
2026-01-02 16:40:00,1.0847812893561894,1.0849289172096317,1.084485064029178,1.0846432807849724,
2026-01-02 16:45:00,1.0846432807849724,1.0847805994348525,1.0845864832800196,1.084752116949865,
2026-01-02 16:50:00,1.084752116949865,1.0850772236781894,1.0846971159753416,1.084929263895298,
2026-01-02 16:55:00,1.084929263895298,1.0850610980154334,1.0847509050233397,1.0849894571271437,
2026-01-02 17:00:00,1.0849894571271437,1.0851267640866251,1.084897869204005,1.084943414070147,
2026-01-02 17:05:00,1.084943414070147,1.0851507208147575,1.0848182693242272,1.0850178381392013,
2026-01-02 17:10:00,1.0850178381392013,1.0850786696064352,1.0848800591176155,1.0849681444204258,
2026-01-02 17:15:00,1.0849681444204258,1.0852202349109032,1.0848937824389928,1.0851209534887645,
2026-01-02 17:20:00,1.0851209534887645,1.085291367475394,1.0846815135094448,1.0848234422740666,
2026-01-02 17:25:00,1.0848234422740666,1.0849524487699136,1.084576652388342,1.0847693748221394,
2026-01-02 17:30:00,1.0847693748221394,1.0848017477164955,1.0842860555519636,1.0844460296248468,
2026-01-02 17:35:00,1.0844460296248468,1.0845457532144849,1.0840958928099715,1.0842034020767295,
2026-01-02 17:40:00,1.0842034020767295,1.084501891452459,1.0841040740052532,1.084425772589879,
2026-01-02 17:45:00,1.084425772589879,1.084707435124584,1.0842423930359808,1.08457193890238,
2026-01-02 17:50:00,1.08457193890238,1.0847025604118132,1.0843313789573634,1.0844554382350886,
2026-01-02 17:55:00,1.0844554382350886,1.0844773098933604,1.0841022031499328,1.0842115981740847,
2026-01-02 18:00:00,1.0842115981740847,1.08434098336578,1.0835872102800796,1.0837301207365952,
2026-01-02 18:05:00,1.0837301207365952,1.0838823936743125,1.0835796281039238,1.0836423157910071,
2026-01-02 18:10:00,1.0836423157910071,1.0841947302626065,1.0836108434032437,1.084036358856774,
2026-01-02 18:15:00,1.084036358856774,1.0841382334099403,1.083862438797487,1.0841076177712703,
2026-01-02 18:20:00,1.0841076177712703,1.08418227628635,1.0838878610056777,1.0840171681118036,
2026-01-02 18:25:00,1.0840171681118036,1.0841891652768592,1.0839674902335832,1.08409333603596,
2026-01-02 18:30:00,1.08409333603596,1.084145694943363,1.083766425361311,1.0838400739880811,
2026-01-02 18:35:00,1.0838400739880811,1.083935806084891,1.0835940912833828,1.083792279315649,
2026-01-02 18:40:00,1.083792279315649,1.083841796594698,1.0836580830618054,1.0838089932782495,
2026-01-02 18:45:00,1.0838089932782495,1.0838493723891909,1.0836610375817823,1.0837955377671564,
2026-01-02 18:50:00,1.0837955377671564,1.0840650132338483,1.0837625483077789,1.0839246481765368,
2026-01-02 18:55:00,1.0839246481765368,1.084048490076813,1.083730229664373,1.0839812270338045,
2026-01-02 19:00:00,1.0839812270338045,1.0842384955071138,1.0838005261136836,1.0840904424545674,
2026-01-02 19:05:00,1.0840904424545674,1.0841191019896104,1.0838604507115095,1.0839790515511172,
2026-01-02 19:10:00,1.0839790515511172,1.0842468719578593,1.083903361546156,1.0841255854083114,
2026-01-02 19:15:00,1.0841255854083114,1.0844815165614716,1.083979935467202,1.084391055802026,
2026-01-02 19:20:00,1.084391055802026,1.0845545106525707,1.0840637987899004,1.0842338061809054,
2026-01-02 19:25:00,1.0842338061809054,1.0843949174653424,1.0839284855374165,1.0840899873911845,
2026-01-02 19:30:00,1.0840899873911845,1.0843953686072627,1.083894118864216,1.0843077678716204,
2026-01-02 19:35:00,1.0843077678716204,1.0844398563941562,1.0841425551192652,1.0842771890910252,
2026-01-02 19:40:00,1.0842771890910252,1.0845670339079572,1.0841993685133446,1.0845060751115696,
2026-01-02 19:45:00,1.0845060751115696,1.0846305483420822,1.084325002847501,1.0844346298178538,
2026-01-02 19:50:00,1.0844346298178538,1.0847065109011695,1.0842676927276227,1.084671883256259,
2026-01-02 19:55:00,1.084671883256259,1.0847920474304198,1.0846041215905602,1.0846938186592785,
2026-01-02 20:00:00,1.0846938186592785,1.0847892677049964,1.0846321651733886,1.0847363767223197,
2026-01-02 20:05:00,1.0847363767223197,1.0851705536945029,1.084585906497861,1.0849915450817262,
2026-01-02 20:10:00,1.0849915450817262,1.0850916272289604,1.0848332145225172,1.08493321145929,
2026-01-02 20:15:00,1.08493321145929,1.0850595507340448,1.0846136237956707,1.0847806064668049,
2026-01-02 20:20:00,1.0847806064668049,1.0848654752016642,1.084662299167664,1.084708162213173,
2026-01-02 20:25:00,1.084708162213173,1.0848542780366357,1.0846277368498058,1.0847823046502925,
2026-01-02 20:30:00,1.0847823046502925,1.0848388302112435,1.084459842687308,1.0845281006704943,
2026-01-02 20:35:00,1.0845281006704943,1.0848164880957514,1.0843824844038423,1.084632351210871,
2026-01-02 20:40:00,1.084632351210871,1.084796255051708,1.0843885624466765,1.0845452417050752,
2026-01-02 20:45:00,1.0845452417050752,1.0847765153667346,1.0844431612198155,1.084732528360737,
2026-01-02 20:50:00,1.084732528360737,1.0848869388384694,1.084237525386012,1.084343570673764,
2026-01-02 20:55:00,1.084343570673764,1.0844389062136304,1.0841724184586132,1.0842161841975153,
2026-01-02 21:00:00,1.0842161841975153,1.0842389555954082,1.0837961573908854,1.0839424864477718,
2026-01-02 21:05:00,1.0839424864477718,1.0840575925654394,1.08361008171881,1.0838086988928577,
2026-01-02 21:10:00,1.0838086988928577,1.083892913293295,1.083648672961508,1.0838495049340795,
2026-01-02 21:15:00,1.0838495049340795,1.0839072931104363,1.0837607488145071,1.0838209090326811,
2026-01-02 21:20:00,1.0838209090326811,1.0839661964057374,1.0836480972262643,1.0837802593193917,
2026-01-02 21:25:00,1.0837802593193917,1.0838465448860768,1.0836818310665748,1.0837549232924943,
2026-01-02 21:30:00,1.0837549232924943,1.0839690690183803,1.0837294915129694,1.083788529142049,
2026-01-02 21:35:00,1.083788529142049,1.0839268196985654,1.083572759272474,1.083625127386492,
2026-01-02 21:40:00,1.083625127386492,1.0839103803799237,1.0835866605434843,1.0837405693526398,
2026-01-02 21:45:00,1.0837405693526398,1.083979574447269,1.0836853014929977,1.0838488403303694,
2026-01-02 21:50:00,1.0838488403303694,1.084088375458684,1.0836856315345087,1.0839119825323,
2026-01-02 21:55:00,1.0839119825323,1.084088116542216,1.0838392727481745,1.084003013300712,
2026-01-02 22:00:00,1.084003013300712,1.0841705994027198,1.083846746109542,1.0840517540988803,
2026-01-02 22:05:00,1.0840517540988803,1.0844961257934178,1.083860958839009,1.084383265521338,
2026-01-02 22:10:00,1.084383265521338,1.084565947848792,1.084246272118605,1.0843696412793171,
2026-01-02 22:15:00,1.0843696412793171,1.0844193260528667,1.0842128622222056,1.0843202358317674,
2026-01-02 22:20:00,1.0843202358317674,1.084444286769141,1.0840432021847444,1.0841982250763509,
2026-01-02 22:25:00,1.0841982250763509,1.0843540226913115,1.0839934272594838,1.0840309034846645,
2026-01-02 22:30:00,1.0840309034846645,1.0841175124415603,1.0837320292277766,1.0838291074035238,
2026-01-02 22:35:00,1.0838291074035238,1.0840052720779547,1.0835753747907064,1.0836851632177942,
2026-01-02 22:40:00,1.0836851632177942,1.083772305875868,1.083504626587661,1.0836742158235324,
2026-01-02 22:45:00,1.0836742158235324,1.083780294678856,1.0835076566446908,1.0837290991020747,
2026-01-02 22:50:00,1.0837290991020747,1.0838630833273335,1.0835564113373015,1.0837379546233608,
2026-01-02 22:55:00,1.0837379546233608,1.0838336568651674,1.0834684405026835,1.0836140576296998,
2026-01-02 23:00:00,1.0836140576296998,1.0837836615050038,1.0834985575844065,1.083760927286161,
2026-01-02 23:05:00,1.083760927286161,1.0839142488241822,1.0835919090083193,1.083881677877533,
2026-01-02 23:10:00,1.083881677877533,1.0839368277699706,1.0836790733002708,1.083856264135017,
2026-01-02 23:15:00,1.083856264135017,1.08401474352773,1.083644173893394,1.0837506611200725,
2026-01-02 23:20:00,1.0837506611200725,1.0840209276884556,1.0835532419766525,1.0838403605755695,
2026-01-02 23:25:00,1.0838403605755695,1.0839896783034535,1.0836628933130732,1.083871462946131,
2026-01-02 23:30:00,1.083871462946131,1.0839104647293836,1.0835247082217532,1.083636592761529,
2026-01-02 23:35:00,1.083636592761529,1.0837527881729323,1.0835936129796655,1.0836260847468282,
2026-01-02 23:40:00,1.0836260847468282,1.0838432287274398,1.0835656761776713,1.0836692197445323,
2026-01-02 23:45:00,1.0836692197445323,1.0838241257177743,1.0833637738975752,1.083523525641863,
2026-01-02 23:50:00,1.083523525641863,1.0836273204953284,1.0834835178756033,1.083554922825863,
2026-01-02 23:55:00,1.083554922825863,1.0835972231355349,1.0832144692617922,1.0833190332737297,
2026-01-03 00:00:00,1.0833190332737297,1.0837188468836818,1.083190159879151,1.0835367241777245,
2026-01-03 00:05:00,1.0835367241777245,1.0839138509531594,1.0833586217486175,1.0837401149787655,
2026-01-03 00:10:00,1.0837401149787655,1.0837697837444915,1.0835271276357947,1.0836996081311157,
2026-01-03 00:15:00,1.0836996081311157,1.0839274943278192,1.083542038105325,1.0837592329196508,
2026-01-03 00:20:00,1.0837592329196508,1.083796731194452,1.0832746941636575,1.0833680791273277,
2026-01-03 00:25:00,1.0833680791273277,1.08339947018134,1.0831351196262202,1.0831807244920018,
2026-01-03 00:30:00,1.0831807244920018,1.083337272653488,1.0829929978850692,1.0831335347607896,
2026-01-03 00:35:00,1.0831335347607896,1.0832500706727362,1.0829072688099934,1.0829599007620414,
2026-01-03 00:40:00,1.0829599007620414,1.0831711165742002,1.082838864155028,1.083076497929864,
2026-01-03 00:45:00,1.083076497929864,1.0835842671771907,1.0828799758570204,1.083401571981915,
2026-01-03 00:50:00,1.083401571981915,1.0835726466248872,1.0830918627648125,1.0832109185244578,
2026-01-03 00:55:00,1.0832109185244578,1.0832412907493365,1.0829391959467558,1.0830753961828627,
2026-01-03 01:00:00,1.0830753961828627,1.0832450853690625,1.082933432597918,1.083114189665513,
2026-01-03 01:05:00,1.083114189665513,1.0835355245316434,1.0829447197611315,1.083376516399066,
2026-01-03 01:10:00,1.083376516399066,1.0834956047034257,1.083080135932582,1.0831784324546414,
2026-01-03 01:15:00,1.0831784324546414,1.0834163783933035,1.083068880672452,1.08321943740347,
2026-01-03 01:20:00,1.08321943740347,1.0836594380865712,1.0831677624409637,1.0835159495357347,
2026-01-03 01:25:00,1.0835159495357347,1.0835546952780202,1.08311742592668,1.083248068306473,
2026-01-03 01:30:00,1.083248068306473,1.0833037619486328,1.0829672360224007,1.0830404724635392,
2026-01-03 01:35:00,1.0830404724635392,1.083209196675355,1.082860826216142,1.0829721986709415,
2026-01-03 01:40:00,1.0829721986709415,1.0831716148721078,1.0827301957051272,1.082888175999959,
2026-01-03 01:45:00,1.082888175999959,1.083058420071847,1.082865013417116,1.08302071900381,
2026-01-03 01:50:00,1.08302071900381,1.0830985788952197,1.0828992142090248,1.0830605196180076,
2026-01-03 01:55:00,1.0830605196180076,1.0832179292877535,1.0827215205850589,1.0827727406881749,
2026-01-03 02:00:00,1.0827727406881749,1.0828885799734174,1.0827024516870138,1.0828569962027084,
2026-01-03 02:05:00,1.0828569962027084,1.0828893370236,1.082737484453561,1.0827637328439768,
2026-01-03 02:10:00,1.0827637328439768,1.0831512698662953,1.082713229547143,1.0829712828993536,
2026-01-03 02:15:00,1.0829712828993536,1.083135363865571,1.0826722869499352,1.0828698802407268,
2026-01-03 02:20:00,1.0828698802407268,1.0830485616167025,1.082567286736848,1.082767020833864,
2026-01-03 02:25:00,1.082767020833864,1.0829925461601722,1.0826174482082838,1.0828554537477884,
2026-01-03 02:30:00,1.0828554537477884,1.0830579797498534,1.0827253195139297,1.0829799231939043,
2026-01-03 02:35:00,1.0829799231939043,1.0832363959332911,1.0828200619423465,1.0830532595590312,
2026-01-03 02:40:00,1.0830532595590312,1.0831270297935267,1.0825986170452884,1.0827799968142815,
2026-01-03 02:45:00,1.0827799968142815,1.082937519664928,1.08266652190356,1.0828679277138262,
2026-01-03 02:50:00,1.0828679277138262,1.0830474797892808,1.082674128123384,1.0827004792432793,
2026-01-03 02:55:00,1.0827004792432793,1.082881779387475,1.082552787995575,1.0827392313208262,
2026-01-03 03:00:00,1.0827392313208262,1.0829204522960738,1.0823113388443708,1.082508567294744,
2026-01-03 03:05:00,1.082508567294744,1.0826296453757371,1.0824421177626689,1.0825815831436714,
2026-01-03 03:10:00,1.0825815831436714,1.0827729965672692,1.082347727122898,1.082451150924681,
2026-01-03 03:15:00,1.082451150924681,1.0825814445128872,1.0821584242837483,1.0822434536759376,
2026-01-03 03:20:00,1.0822434536759376,1.082500126443133,1.0821531695269762,1.0823598801351966,
2026-01-03 03:25:00,1.0823598801351966,1.0825841849006972,1.082210028136299,1.0823996539962384,
2026-01-03 03:30:00,1.0823996539962384,1.0824881895316834,1.0822124017047867,1.082300514494943,
2026-01-03 03:35:00,1.082300514494943,1.0826861966477197,1.0821111193523605,1.0825366731486743,
2026-01-03 03:40:00,1.0825366731486743,1.0826719344604767,1.0823035248634345,1.0824656633851115,
2026-01-03 03:45:00,1.0824656633851115,1.082633213440826,1.082440686920596,1.08247141795143,
2026-01-03 03:50:00,1.08247141795143,1.082697073460432,1.082304079152664,1.082515623757902,
2026-01-03 03:55:00,1.082515623757902,1.0826580347118793,1.0822564355973725,1.0824155499334112,
2026-01-03 04:00:00,1.0824155499334112,1.0825247637899218,1.0823025810623026,1.0824925886701111,
2026-01-03 04:05:00,1.0824925886701111,1.0825455539323643,1.0822970874754168,1.0824065146068311,
2026-01-03 04:10:00,1.0824065146068311,1.0825982306796391,1.0821698289972546,1.0823402238398787,
2026-01-03 04:15:00,1.0823402238398787,1.082756371257409,1.0822437624878294,1.0825620141722014,
2026-01-03 04:20:00,1.0825620141722014,1.0827561485686672,1.0823448904939097,1.0823935937157023,
2026-01-03 04:25:00,1.0823935937157023,1.0824202176077744,1.081926147110446,1.082002468900359,
2026-01-03 04:30:00,1.082002468900359,1.0823533379652706,1.0819347324677546,1.0822644972950397,
2026-01-03 04:35:00,1.0822644972950397,1.082835715930762,1.0821219066697023,1.0826789748440442,
2026-01-03 04:40:00,1.0826789748440442,1.0828344942887025,1.0825615044712884,1.0826137016742958,
2026-01-03 04:45:00,1.0826137016742958,1.0826491652771868,1.0821637023600594,1.0822997613986174,
2026-01-03 04:50:00,1.0822997613986174,1.0824294693982934,1.08214602413666,1.0822498981871675,
2026-01-03 04:55:00,1.0822498981871675,1.082295614718505,1.0820328366054082,1.0822039755727022,
2026-01-03 05:00:00,1.0822039755727022,1.0823127532526184,1.0820663868744131,1.0821736866481924,
2026-01-03 05:05:00,1.0821736866481924,1.0822368300743437,1.0818061461413049,1.081993510849527,
2026-01-03 05:10:00,1.081993510849527,1.0821176872023868,1.0818114264065075,1.0820881181914743,
2026-01-03 05:15:00,1.0820881181914743,1.0822082006037503,1.0820347664272358,1.0821737971071554,
2026-01-03 05:20:00,1.0821737971071554,1.0823577578381067,1.0817882743254346,1.0819317842688578,
2026-01-03 05:25:00,1.0819317842688578,1.0821998399909791,1.081873151814016,1.0820458037174228,
2026-01-03 05:30:00,1.0820458037174228,1.0825672893959024,1.0818776089423012,1.082379561079183,
2026-01-03 05:35:00,1.082379561079183,1.0825126197833252,1.0822451309113668,1.0824080215955052,
2026-01-03 05:40:00,1.0824080215955052,1.0825024142453168,1.0822808544536873,1.082353795638658,
2026-01-03 05:45:00,1.082353795638658,1.0824383089513083,1.0822664401388746,1.0823312823919835,
2026-01-03 05:50:00,1.0823312823919835,1.0825626502411758,1.0822339584140757,1.0824317149638865,
2026-01-03 05:55:00,1.0824317149638865,1.0825149956535414,1.081987162300194,1.082151292435057,
2026-01-03 06:00:00,1.082151292435057,1.0823328473770533,1.0819879833454298,1.0821785181949366,
2026-01-03 06:05:00,1.0821785181949366,1.0823427553136555,1.0820896706334198,1.0821156783540196,
2026-01-03 06:10:00,1.0821156783540196,1.0825938472221708,1.0820412666552348,1.0824161951953537,
2026-01-03 06:15:00,1.0824161951953537,1.0824798993627975,1.0822923444772532,1.0823884576506777,
2026-01-03 06:20:00,1.0823884576506777,1.0827746921712094,1.0822630528882575,1.0826598282023367,
2026-01-03 06:25:00,1.0826598282023367,1.082720048233348,1.0824342230613413,1.082481137922928,
2026-01-03 06:30:00,1.082481137922928,1.0826037980051584,1.0824007869792327,1.0825770379569428,
2026-01-03 06:35:00,1.0825770379569428,1.0827768553774844,1.0823976304932406,1.0826294468227338,
2026-01-03 06:40:00,1.0826294468227338,1.082748263452042,1.0823830902915808,1.082488868843995,
2026-01-03 06:45:00,1.082488868843995,1.082668521794445,1.0823349230633077,1.0825182148841257,
2026-01-03 06:50:00,1.0825182148841257,1.0827514323305771,1.082410954752956,1.082715660206524,
2026-01-03 06:55:00,1.082715660206524,1.082914854918755,1.082559919799115,1.082663616662867,
2026-01-03 07:00:00,1.082663616662867,1.0828625994049177,1.082257472167871,1.082389418762386,
2026-01-03 07:05:00,1.082389418762386,1.0824931187309768,1.0823204228747354,1.0823871084869294,
2026-01-03 07:10:00,1.0823871084869294,1.0825629990556624,1.0821761794768472,1.0822411438547224,
2026-01-03 07:15:00,1.0822411438547224,1.0823049861947671,1.0819880283632832,1.0821861120571636,
2026-01-03 07:20:00,1.0821861120571636,1.082338873966184,1.081996990690406,1.0821734092520836,
2026-01-03 07:25:00,1.0821734092520836,1.08235166990631,1.0817443180135984,1.0818971138949594,
2026-01-03 07:30:00,1.0818971138949594,1.082063753822854,1.0815908040503068,1.0816354900673368,
2026-01-03 07:35:00,1.0816354900673368,1.081880366175955,1.0816100496193235,1.0817142468418717,
2026-01-03 07:40:00,1.0817142468418717,1.0818175916356476,1.0815784018918442,1.0816299761425996,
2026-01-03 07:45:00,1.0816299761425996,1.0817975743331998,1.0810256895539123,1.0812144811275235,
2026-01-03 07:50:00,1.0812144811275235,1.081486643868431,1.081047548968879,1.081342317002087,
2026-01-03 07:55:00,1.081342317002087,1.0814308785909577,1.081228163319839,1.0813870373392918,
2026-01-03 08:00:00,1.0813870373392918,1.0814275905320234,1.0810774074210354,1.0812717879274818,
2026-01-03 08:05:00,1.0812717879274818,1.08143073391195,1.0810123870667334,1.0810587718452558,
2026-01-03 08:10:00,1.0810587718452558,1.0813274380935702,1.0809381247660548,1.0811948545575911,
2026-01-03 08:15:00,1.0811948545575911,1.0813655417834336,1.0811418745748391,1.0812520540823392,
2026-01-03 08:20:00,1.0812520540823392,1.081822400127166,1.0811768969334743,1.0816390930048132,
2026-01-03 08:25:00,1.0816390930048132,1.081846536133528,1.0814498687013998,1.0817078098692914,
2026-01-03 08:30:00,1.0817078098692914,1.0818625662255092,1.081531519736313,1.081771259811393,
2026-01-03 08:35:00,1.081771259811393,1.081865767536865,1.0817063905657256,1.081744714347139,
2026-01-03 08:40:00,1.081744714347139,1.0820067388363892,1.081679796462138,1.081877794851442,
2026-01-03 08:45:00,1.081877794851442,1.0821366300180992,1.0817507835069171,1.0819797804668556,
2026-01-03 08:50:00,1.0819797804668556,1.082305075399112,1.0819487369651342,1.082183491803861,
2026-01-03 08:55:00,1.082183491803861,1.0822950687626605,1.0819803958671284,1.0820994111036517,
2026-01-03 09:00:00,1.0820994111036517,1.0822502532301297,1.081904072842025,1.082029281300468,
2026-01-03 09:05:00,1.082029281300468,1.0821762289194512,1.0818796904288543,1.0819520645214935,
2026-01-03 09:10:00,1.0819520645214935,1.082250417038623,1.0818793023850712,1.0820809546073122,
2026-01-03 09:15:00,1.0820809546073122,1.0823559867906662,1.0820197203389337,1.0823247274691363,
2026-01-03 09:20:00,1.0823247274691363,1.082480618852911,1.082062357249443,1.0822507789960782,
2026-01-03 09:25:00,1.0822507789960782,1.0823632558772496,1.0820923687239097,1.0821823655292353,
2026-01-03 09:30:00,1.0821823655292353,1.082267335933586,1.0820570170978747,1.08223389117198,
2026-01-03 09:35:00,1.08223389117198,1.0823761129770506,1.082120253867432,1.0821945372907975,
2026-01-03 09:40:00,1.0821945372907975,1.0824986128255338,1.082048057770003,1.0823496355906137,
2026-01-03 09:45:00,1.0823496355906137,1.0824638884811315,1.0819463973381926,1.0819846567669833,
2026-01-03 09:50:00,1.0819846567669833,1.0821475405829604,1.081818138206869,1.081851033684626,
2026-01-03 09:55:00,1.081851033684626,1.0819250783441794,1.0815706422323297,1.0817246133092342,
2026-01-03 10:00:00,1.0817246133092342,1.08178095660857,1.0811979213325191,1.081348721565016,
2026-01-03 10:05:00,1.081348721565016,1.0814318536763297,1.0811252688369035,1.081192969077409,
2026-01-03 10:10:00,1.081192969077409,1.081286778169802,1.0809611923243538,1.0810451007326445,
2026-01-03 10:15:00,1.0810451007326445,1.0811903687810769,1.0808207243604135,1.0810130312506534,
2026-01-03 10:20:00,1.0810130312506534,1.0813662500962742,1.0809742517975542,1.081194056507456,
2026-01-03 10:25:00,1.081194056507456,1.0813438217816702,1.0811018876252996,1.081154854097278,
2026-01-03 10:30:00,1.081154854097278,1.0812061718579105,1.0808908302204137,1.0809882371261088,
2026-01-03 10:35:00,1.0809882371261088,1.0810741562013728,1.080908764773738,1.080979542576828,
2026-01-03 10:40:00,1.080979542576828,1.0811987312905609,1.0808427210380742,1.0811502168221403,
2026-01-03 10:45:00,1.0811502168221403,1.0812938271780608,1.0808481868798565,1.0809924951899867,
2026-01-03 10:50:00,1.0809924951899867,1.0810571661280657,1.080730647148006,1.0808453970031062,
2026-01-03 10:55:00,1.0808453970031062,1.0810510666734707,1.0807153814888537,1.0809364970255575,
2026-01-03 11:00:00,1.0809364970255575,1.0810990263973326,1.0808031023520934,1.080901118101857,
2026-01-03 11:05:00,1.080901118101857,1.0811474128115883,1.0807442483961864,1.0810066437421026,
2026-01-03 11:10:00,1.0810066437421026,1.0810803510604223,1.0809773936762164,1.0810049714058287,
2026-01-03 11:15:00,1.0810049714058287,1.081199209251836,1.0809286509652307,1.0811192932367248,
2026-01-03 11:20:00,1.0811192932367248,1.081256898808313,1.0808087928974344,1.0809519903048854,
2026-01-03 11:25:00,1.0809519903048854,1.081070894499767,1.080871235223296,1.0809505713427134,
2026-01-03 11:30:00,1.0809505713427134,1.080987922170458,1.0808828141666746,1.0809169505171543,
2026-01-03 11:35:00,1.0809169505171543,1.0810942690032237,1.0806382648702075,1.0807203672873316,
2026-01-03 11:40:00,1.0807203672873316,1.0808326376719812,1.080319415810423,1.080467484869345,
2026-01-03 11:45:00,1.080467484869345,1.0806843752877076,1.0804255275935994,1.080579170305332,
2026-01-03 11:50:00,1.080579170305332,1.080634889385926,1.0803723936432157,1.0805228272887737,
2026-01-03 11:55:00,1.0805228272887737,1.0806106861761884,1.0801981085644483,1.0803576905933927,
2026-01-03 12:00:00,1.0803576905933927,1.0804375990686097,1.0802082905948862,1.0803426447288822,
2026-01-03 12:05:00,1.0803426447288822,1.0805947299117629,1.0802786826001418,1.0805259974888537,
2026-01-03 12:10:00,1.0805259974888537,1.08064813067229,1.079991988147604,1.0801569413118992,
2026-01-03 12:15:00,1.0801569413118992,1.0802601508767498,1.0798564181355583,1.0799150177858785,
2026-01-03 12:20:00,1.0799150177858785,1.0800950733692352,1.0795830244052405,1.0797660721766311,
2026-01-03 12:25:00,1.0797660721766311,1.0801927397359206,1.079618875950786,1.080003297820052,
2026-01-03 12:30:00,1.080003297820052,1.0801091232632678,1.0799734482332557,1.0800496180460069,
2026-01-03 12:35:00,1.0800496180460069,1.0802124953683887,1.0798857463646478,1.080174476391211,
2026-01-03 12:40:00,1.080174476391211,1.0803358371504783,1.0798791382366353,1.0799902962739,
2026-01-03 12:45:00,1.0799902962739,1.0801893713265551,1.0797080114222712,1.0798094882236076,
2026-01-03 12:50:00,1.0798094882236076,1.08005801163852,1.0797137962089218,1.0798825636259464,
2026-01-03 12:55:00,1.0798825636259464,1.0799168085608029,1.079753370213987,1.0798925430284214,
2026-01-03 13:00:00,1.0798925430284214,1.0800472009604594,1.0797421188982803,1.0799819735213323,
2026-01-03 13:05:00,1.0799819735213323,1.0800097751311997,1.0797708359412663,1.0799521117320967,
2026-01-03 13:10:00,1.0799521117320967,1.0801654502443396,1.0798829816657662,1.0799977099564722,
2026-01-03 13:15:00,1.0799977099564722,1.080148518765214,1.0798641702273484,1.0800238655094814,
2026-01-03 13:20:00,1.0800238655094814,1.0802628833735195,1.079880323839417,1.0801504140361091,
2026-01-03 13:25:00,1.0801504140361091,1.0804015166193317,1.0800089505509478,1.0802817156405722,
2026-01-03 13:30:00,1.0802817156405722,1.0803471568671377,1.079911059706308,1.0800197998229089,
2026-01-03 13:35:00,1.0800197998229089,1.0801480947293538,1.0795659527663273,1.0796563368250038,
2026-01-03 13:40:00,1.0796563368250038,1.0798446400947022,1.0794991086379315,1.0798191200385787,
2026-01-03 13:45:00,1.0798191200385787,1.0801483385325863,1.0797451182738511,1.0800120564222715,
2026-01-03 13:50:00,1.0800120564222715,1.0801642545117036,1.0797898166574198,1.0798472662266514,
2026-01-03 13:55:00,1.0798472662266514,1.0799884109541196,1.07942834803488,1.0795465972897569,
2026-01-03 14:00:00,1.0795465972897569,1.0796429552492266,1.0794784273353777,1.0795631740959304,
2026-01-03 14:05:00,1.0795631740959304,1.0798831866019978,1.0795371921266328,1.0797144592772747,
2026-01-03 14:10:00,1.0797144592772747,1.080154969773378,1.079685175643466,1.0800061718538967,
2026-01-03 14:15:00,1.0800061718538967,1.0801334493405683,1.079861069959147,1.080090355822442,
2026-01-03 14:20:00,1.080090355822442,1.0801454817821388,1.0798355081214184,1.080030674373697,
2026-01-03 14:25:00,1.080030674373697,1.0801653538880691,1.079784688829328,1.0798865327383806,
2026-01-03 14:30:00,1.0798865327383806,1.0799610225026912,1.0798400617357753,1.0798889275986512,
2026-01-03 14:35:00,1.0798889275986512,1.0799304255281117,1.0796737377331134,1.0798409927110086,
2026-01-03 14:40:00,1.0798409927110086,1.0798888871297756,1.079610069814164,1.0796771282756192,
2026-01-03 14:45:00,1.0796771282756192,1.0800593295537737,1.0794779155125305,1.080009518461276,
2026-01-03 14:50:00,1.080009518461276,1.0804052995276976,1.0798881309114272,1.0802992971644705,
2026-01-03 14:55:00,1.0802992971644705,1.0806132733631897,1.0802374233057297,1.0804839439815723,
2026-01-03 15:00:00,1.0804839439815723,1.0805356963910462,1.080225968987024,1.0803352498455383,
2026-01-03 15:05:00,1.0803352498455383,1.0806226044852394,1.080254881216609,1.080474355095374,
2026-01-03 15:10:00,1.080474355095374,1.0806491476168911,1.080314050138141,1.080578565347541,
2026-01-03 15:15:00,1.080578565347541,1.0807269193159557,1.0805395184880957,1.0806508388510447,
2026-01-03 15:20:00,1.0806508388510447,1.0809141957893826,1.080476578361979,1.080853966037589,
2026-01-03 15:25:00,1.080853966037589,1.0811188600425825,1.0806958453966218,1.0809575229381123,
2026-01-03 15:30:00,1.0809575229381123,1.081270825220049,1.0807824774534105,1.0810780587301203,
2026-01-03 15:35:00,1.0810780587301203,1.081290536038673,1.080896959855833,1.081181886065911,
2026-01-03 15:40:00,1.081181886065911,1.081265262237325,1.0811205260577812,1.0812376967218675,
2026-01-03 15:45:00,1.0812376967218675,1.0813045991988242,1.08083521870573,1.080948999751031,
2026-01-03 15:50:00,1.080948999751031,1.081011547887878,1.080776013751401,1.0809630988354768,
2026-01-03 15:55:00,1.0809630988354768,1.08113479604675,1.0807855297514264,1.0808734595864071,
2026-01-03 16:00:00,1.0808734595864071,1.0809087333041454,1.0806356445536018,1.080666517917425,
2026-01-03 16:05:00,1.080666517917425,1.0811336809373977,1.080594023733248,1.0809397152140736,
2026-01-03 16:10:00,1.0809397152140736,1.081346565620014,1.0808761695580082,1.0812206331402214,
2026-01-03 16:15:00,1.0812206331402214,1.0815548321000703,1.0810440218688573,1.081441638938397,
2026-01-03 16:20:00,1.081441638938397,1.0816561033469012,1.0813381465955032,1.0814835802348657,
2026-01-03 16:25:00,1.0814835802348657,1.0817282036877218,1.0813405422721254,1.0817032451158894,
2026-01-03 16:30:00,1.0817032451158894,1.0818656291599718,1.081510063668945,1.0817057416650786,
2026-01-03 16:35:00,1.0817057416650786,1.081780176810046,1.081631887851649,1.0817391880818437,
2026-01-03 16:40:00,1.0817391880818437,1.081910528139653,1.081405299867747,1.081562315788102,
2026-01-03 16:45:00,1.081562315788102,1.081742515863931,1.0815382182462288,1.0816272641444684,
2026-01-03 16:50:00,1.0816272641444684,1.0816686055599138,1.0815885232329123,1.081637602267489,
2026-01-03 16:55:00,1.081637602267489,1.0818075863744732,1.0813776782850069,1.0814268140012075,
2026-01-03 17:00:00,1.0814268140012075,1.0814517305422804,1.0813428145524215,1.0814190498530587,
2026-01-03 17:05:00,1.0814190498530587,1.0814639565777795,1.0813141197744869,1.08140665747321,
2026-01-03 17:10:00,1.08140665747321,1.081862430242763,1.081300794612878,1.0816988218284742,
2026-01-03 17:15:00,1.0816988218284742,1.081948139709522,1.0816346621861432,1.0818444629072277,
2026-01-03 17:20:00,1.0818444629072277,1.082025511126637,1.0818125441496975,1.081846861159853,
2026-01-03 17:25:00,1.081846861159853,1.08202215259156,1.0817049070033218,1.0818877753224574,
2026-01-03 17:30:00,1.0818877753224574,1.0820277263943543,1.0818635162788213,1.0818954912185677,
2026-01-03 17:35:00,1.0818954912185677,1.0819680935376714,1.081697398178059,1.0818631028923336,
2026-01-03 17:40:00,1.0818631028923336,1.0819071653865728,1.081500754420026,1.081688002288553,
2026-01-03 17:45:00,1.081688002288553,1.0818810133189145,1.0815161683430707,1.0816640347475297,
2026-01-03 17:50:00,1.0816640347475297,1.0817028983315753,1.0814162552520763,1.081543528145186,
2026-01-03 17:55:00,1.081543528145186,1.0816587500531991,1.0812029838984236,1.0813412472337027,
2026-01-03 18:00:00,1.0813412472337027,1.081493774256857,1.0812038472653116,1.081424711910507,
2026-01-03 18:05:00,1.081424711910507,1.08155626832751,1.081237004986015,1.0814887230080652,
2026-01-03 18:10:00,1.0814887230080652,1.0816157485275395,1.0810058817838442,1.081199456840659,
2026-01-03 18:15:00,1.081199456840659,1.0813630849817513,1.0810832925335951,1.0811801006291386,
2026-01-03 18:20:00,1.0811801006291386,1.0815020255452013,1.081049026377432,1.0813421332382915,
2026-01-03 18:25:00,1.0813421332382915,1.0816908794374835,1.0811776279686194,1.0815144951334288,
2026-01-03 18:30:00,1.0815144951334288,1.0817541898836671,1.0814943082651378,1.081681467390843,
2026-01-03 18:35:00,1.081681467390843,1.0817921572562157,1.081566604525814,1.0816883220075069,
2026-01-03 18:40:00,1.0816883220075069,1.0817100022306865,1.0814142423821906,1.0815517601233575,
2026-01-03 18:45:00,1.0815517601233575,1.0817061944955222,1.0812274066631218,1.0813765036440746,
2026-01-03 18:50:00,1.0813765036440746,1.0815073647123592,1.0812901215503832,1.0814329429521736,
2026-01-03 18:55:00,1.0814329429521736,1.0816160791742675,1.0813597269564634,1.081495010338279,
2026-01-03 19:00:00,1.081495010338279,1.0817548817315996,1.0814422246762967,1.0817044076808362,
2026-01-03 19:05:00,1.0817044076808362,1.0820509331840922,1.0815840008820068,1.081883441272808,
2026-01-03 19:10:00,1.081883441272808,1.082050550272278,1.0816770493998398,1.0818625240176452,
2026-01-03 19:15:00,1.0818625240176452,1.0820404655423006,1.081479898664143,1.0816611747312732,
2026-01-03 19:20:00,1.0816611747312732,1.0816894433907525,1.081525148125838,1.0816099419927263,
2026-01-03 19:25:00,1.0816099419927263,1.0818443698704294,1.0815435280675376,1.0816457273026698,
2026-01-03 19:30:00,1.0816457273026698,1.081710327597269,1.0814514983462826,1.0816134812343634,
2026-01-03 19:35:00,1.0816134812343634,1.081689179297852,1.0813697709459524,1.0815202673492363,
2026-01-03 19:40:00,1.0815202673492363,1.0816267143472815,1.0814093061796315,1.0815618339160276,
2026-01-03 19:45:00,1.0815618339160276,1.0816299898017336,1.0813905930807934,1.0814806185275103,
2026-01-03 19:50:00,1.0814806185275103,1.0816000975716091,1.0813369941990287,1.0813792778217028,
2026-01-03 19:55:00,1.0813792778217028,1.0814935054109756,1.0812179528756662,1.081430339513001,
2026-01-03 20:00:00,1.081430339513001,1.081521218349053,1.0812345295159729,1.0813656731158177,
2026-01-03 20:05:00,1.0813656731158177,1.081543818644367,1.0812778344134648,1.0814058094595276,
2026-01-03 20:10:00,1.0814058094595276,1.0816211524720665,1.0812204276238355,1.0814506677554223,
2026-01-03 20:15:00,1.0814506677554223,1.0815953612254705,1.0811276476578289,1.081266388744983,
2026-01-03 20:20:00,1.081266388744983,1.0813933668570446,1.081001616682525,1.0811888796785567,
2026-01-03 20:25:00,1.0811888796785567,1.0814692129427914,1.0810834854356957,1.081422621801534,
2026-01-03 20:30:00,1.081422621801534,1.0815895226098111,1.081132842777762,1.0812346739860934,
2026-01-03 20:35:00,1.0812346739860934,1.081261383465932,1.0807032758234405,1.080891978895697,
2026-01-03 20:40:00,1.080891978895697,1.0809595333950794,1.0803979308584517,1.0805906933155356,
2026-01-03 20:45:00,1.0805906933155356,1.0806262226193286,1.0803977551981374,1.080595952014281,
2026-01-03 20:50:00,1.080595952014281,1.0807416409049468,1.0804285504833775,1.0806015036893415,
2026-01-03 20:55:00,1.0806015036893415,1.0806878104842086,1.0804797474727,1.0805829805787686,
2026-01-03 21:00:00,1.0805829805787686,1.0809177125484108,1.0805251267058,1.080780343821434,
2026-01-03 21:05:00,1.080780343821434,1.0808628093941086,1.0802586394501033,1.0803476588087333,
2026-01-03 21:10:00,1.0803476588087333,1.0805143961867951,1.08015876526026,1.080412362855251,
2026-01-03 21:15:00,1.080412362855251,1.0807684153769055,1.0803269230821368,1.0806659823950755,
2026-01-03 21:20:00,1.0806659823950755,1.0806941869127356,1.0803275158158565,1.0804837249526846,
2026-01-03 21:25:00,1.0804837249526846,1.080581165727427,1.0802365699209409,1.080422710704137,
2026-01-03 21:30:00,1.080422710704137,1.080558102289498,1.0801065709260107,1.0803012415153292,
2026-01-03 21:35:00,1.0803012415153292,1.0804195309196227,1.0799662854961145,1.080156866842552,
2026-01-03 21:40:00,1.080156866842552,1.080190417920482,1.0799846356988292,1.0801045460664191,
2026-01-03 21:45:00,1.0801045460664191,1.0804766360759452,1.079996007652982,1.0803363859985216,
2026-01-03 21:50:00,1.0803363859985216,1.080710311998553,1.0801386107069433,1.0806347167026682,
2026-01-03 21:55:00,1.0806347167026682,1.0806573149671683,1.0805215319696917,1.080580804226516,
2026-01-03 22:00:00,1.080580804226516,1.0809381817198331,1.080527048779413,1.080890174519558,
2026-01-03 22:05:00,1.080890174519558,1.081006043861035,1.0806968017059635,1.080896483122718,
2026-01-03 22:10:00,1.080896483122718,1.0812572671821905,1.0807524280547895,1.081181394883565,
2026-01-03 22:15:00,1.081181394883565,1.0813263838260403,1.081050269936319,1.081166804658083,
2026-01-03 22:20:00,1.081166804658083,1.0812519173924178,1.0811230356953712,1.081188599766816,
2026-01-03 22:25:00,1.081188599766816,1.081407517350923,1.0810762165219931,1.0812484140405976,
2026-01-03 22:30:00,1.0812484140405976,1.081836213328887,1.0810584542329638,1.081764647436236,
2026-01-03 22:35:00,1.081764647436236,1.0820350862708032,1.0816361269980337,1.081903330803438,
2026-01-03 22:40:00,1.081903330803438,1.0820671897518832,1.0816962658564129,1.0817890990084518,
2026-01-03 22:45:00,1.0817890990084518,1.0820362892126494,1.081669900468188,1.0819468891094934,
2026-01-03 22:50:00,1.0819468891094934,1.0819753139990202,1.0817092029934186,1.081888709109082,
2026-01-03 22:55:00,1.081888709109082,1.0820050893028723,1.0816254618951209,1.081809774654125,
2026-01-03 23:00:00,1.081809774654125,1.0821569393865855,1.081717758784308,1.0819577657555075,
2026-01-03 23:05:00,1.0819577657555075,1.082157770278722,1.0818283147750694,1.081963351742774,
2026-01-03 23:10:00,1.081963351742774,1.0820688890262506,1.0818930952724912,1.0820091050313407,
2026-01-03 23:15:00,1.0820091050313407,1.0821679412318497,1.0819079096780322,1.082011915860153,
2026-01-03 23:20:00,1.082011915860153,1.0821491776453775,1.0819523369855324,1.08206708631565,
2026-01-03 23:25:00,1.08206708631565,1.0821854548703018,1.081951421308514,1.0821366058238688,
2026-01-03 23:30:00,1.0821366058238688,1.0822764704699772,1.0816986997581348,1.0818227829824285,
2026-01-03 23:35:00,1.0818227829824285,1.0820416527520376,1.0817419723699249,1.0819314963807227,
2026-01-03 23:40:00,1.0819314963807227,1.0820485578811008,1.081703696049134,1.081772677343249,
2026-01-03 23:45:00,1.081772677343249,1.081941608022451,1.0814920228483285,1.081539207457522,
2026-01-03 23:50:00,1.081539207457522,1.0816197853191818,1.081485154296561,1.081530272156478,
2026-01-03 23:55:00,1.081530272156478,1.0816845142707,1.0813822091556493,1.0815444372139802,
2026-01-04 00:00:00,1.0815444372139802,1.0816303516780337,1.0813725802809753,1.0814324751216184,
2026-01-04 00:05:00,1.0814324751216184,1.0815955203350325,1.081391239257819,1.0815678300336478,
2026-01-04 00:10:00,1.0815678300336478,1.0816558727529684,1.0811508477000729,1.0813506446042305,
2026-01-04 00:15:00,1.0813506446042305,1.0815416508076072,1.0812183949581418,1.0812851799284815,
2026-01-04 00:20:00,1.0812851799284815,1.0813921671752575,1.0810095736279357,1.0811908623247126,
2026-01-04 00:25:00,1.0811908623247126,1.0812303438033433,1.0810541940115763,1.0811838474832516,
2026-01-04 00:30:00,1.0811838474832516,1.0813734234071388,1.0810351348532263,1.081229614577851,
2026-01-04 00:35:00,1.081229614577851,1.0814230228608004,1.080945737507164,1.081066702911234,
2026-01-04 00:40:00,1.081066702911234,1.0813681297109794,1.0810141568961231,1.0811846995666017,
2026-01-04 00:45:00,1.0811846995666017,1.081318410742783,1.08101223028374,1.0811954577919771,
2026-01-04 00:50:00,1.0811954577919771,1.0812831883259602,1.080720172118626,1.0808892072165937,
2026-01-04 00:55:00,1.0808892072165937,1.0810137291969253,1.0804892977086094,1.0805722410923724,
2026-01-04 01:00:00,1.0805722410923724,1.0807391086835685,1.080413291471225,1.080570784596579,
2026-01-04 01:05:00,1.080570784596579,1.0807458073181424,1.080417762587054,1.080535509833556,
2026-01-04 01:10:00,1.080535509833556,1.0807029017328458,1.0803356590120088,1.0805192878573096,
2026-01-04 01:15:00,1.0805192878573096,1.080621273605429,1.0803507843999038,1.0805152927867383,
2026-01-04 01:20:00,1.0805152927867383,1.0805937862477868,1.0804879135481742,1.0805523918096642,
2026-01-04 01:25:00,1.0805523918096642,1.0808289920547718,1.08037412213467,1.0807065408379588,
2026-01-04 01:30:00,1.0807065408379588,1.0807546980270049,1.080332637404792,1.080526979360028,
2026-01-04 01:35:00,1.080526979360028,1.0805579518601296,1.080183996068838,1.0803375841853105,
2026-01-04 01:40:00,1.0803375841853105,1.0804473443953275,1.0801193805291347,1.0801609649646873,
2026-01-04 01:45:00,1.0801609649646873,1.080346284779981,1.0799956373045163,1.0802083175589725,
2026-01-04 01:50:00,1.0802083175589725,1.0805843434923064,1.0800717695313002,1.0804105969771531,
2026-01-04 01:55:00,1.0804105969771531,1.080571507376865,1.08026024711685,1.080341235854004,
2026-01-04 02:00:00,1.080341235854004,1.0805155391463002,1.0797573229529849,1.0799364484521996,
2026-01-04 02:05:00,1.0799364484521996,1.0800932608309473,1.079539190952162,1.0796609929560834,
2026-01-04 02:10:00,1.0796609929560834,1.0798075760475263,1.0793531045318825,1.0795266315594658,
2026-01-04 02:15:00,1.0795266315594658,1.079548456321911,1.0792962421025665,1.0794368625773114,
2026-01-04 02:20:00,1.0794368625773114,1.079569560993437,1.0792993469286667,1.0793712798273336,
2026-01-04 02:25:00,1.0793712798273336,1.079419752762465,1.0791757764620786,1.07937806603772,
2026-01-04 02:30:00,1.07937806603772,1.07940862612154,1.0792053520603826,1.0793281330590117,
2026-01-04 02:35:00,1.0793281330590117,1.0795467276308703,1.079215117115483,1.0794985734434914,
2026-01-04 02:40:00,1.0794985734434914,1.079666766032551,1.0792970229973096,1.0793896547303952,
2026-01-04 02:45:00,1.0793896547303952,1.0795435476211532,1.0792060448654688,1.0792505868220228,
2026-01-04 02:50:00,1.0792505868220228,1.0795194323094388,1.0791070685036164,1.0793286532765018,
2026-01-04 02:55:00,1.0793286532765018,1.079524869003059,1.0789830582200188,1.0790806020756598,
2026-01-04 03:00:00,1.0790806020756598,1.079325010922742,1.0788923718237955,1.0791442198051946,
2026-01-04 03:05:00,1.0791442198051946,1.0792052866539146,1.0789505023148431,1.0791613599647387,
2026-01-04 03:10:00,1.0791613599647387,1.0793394688581053,1.078979857307892,1.079138032661855,
2026-01-04 03:15:00,1.079138032661855,1.079566653044685,1.0790743836043886,1.0793956983604232,
2026-01-04 03:20:00,1.0793956983604232,1.0795724938151978,1.0791466251605015,1.0792955015030463,
2026-01-04 03:25:00,1.0792955015030463,1.0796769468572285,1.0792718255878728,1.0796296434461474,
2026-01-04 03:30:00,1.0796296434461474,1.0796706659751467,1.0794249243983087,1.0795936764888143,
2026-01-04 03:35:00,1.0795936764888143,1.0797799620871396,1.079278585813656,1.0793874371557324,
2026-01-04 03:40:00,1.0793874371557324,1.0794505862590558,1.0791988240187531,1.0793992974622115,
2026-01-04 03:45:00,1.0793992974622115,1.0794856493737992,1.0791375995852734,1.0792255963927122,
2026-01-04 03:50:00,1.0792255963927122,1.0793276736656212,1.0790370744342448,1.079104445683052,
2026-01-04 03:55:00,1.079104445683052,1.079211652896143,1.0789053355420757,1.0791692532411337,
2026-01-04 04:00:00,1.0791692532411337,1.0792834458564464,1.0790537312242614,1.0792597316846009,
2026-01-04 04:05:00,1.0792597316846009,1.079458667969159,1.0789841810246286,1.0791595538822625,
2026-01-04 04:10:00,1.0791595538822625,1.0794977388377809,1.0789755635927387,1.0793199405337106,
2026-01-04 04:15:00,1.0793199405337106,1.0796921155650443,1.07920661616541,1.0795078947377614,
2026-01-04 04:20:00,1.0795078947377614,1.0798122558788037,1.079405866231168,1.0797410345263347,
2026-01-04 04:25:00,1.0797410345263347,1.0798869405345983,1.0796215150544757,1.0798273222515042,
2026-01-04 04:30:00,1.0798273222515042,1.0801453809765145,1.0796547291409857,1.0800487249960429,
2026-01-04 04:35:00,1.0800487249960429,1.080150322482459,1.0795509659122464,1.0797446047539343,
2026-01-04 04:40:00,1.0797446047539343,1.07976561265293,1.0796145591664617,1.0796936571461482,
2026-01-04 04:45:00,1.0796936571461482,1.079853922706409,1.079400837572878,1.0795537910416595,
2026-01-04 04:50:00,1.0795537910416595,1.0797730376774042,1.0794824236357474,1.0795736376105387,
2026-01-04 04:55:00,1.0795736376105387,1.079688801967157,1.079351671542898,1.0794816430903376,
2026-01-04 05:00:00,1.0794816430903376,1.0795715296554398,1.0792904163762054,1.0794552785020846,
2026-01-04 05:05:00,1.0794552785020846,1.0798513152891789,1.0792757109636455,1.079760619948399,
2026-01-04 05:10:00,1.079760619948399,1.0797979138321898,1.0796329027389373,1.0797336716521075,
2026-01-04 05:15:00,1.0797336716521075,1.0798691405844876,1.0796471156292458,1.079801231457182,
2026-01-04 05:20:00,1.079801231457182,1.0799116153591364,1.079698529998041,1.079764151288203,
2026-01-04 05:25:00,1.079764151288203,1.0798746867605011,1.0797201361975275,1.0797769541202968,
2026-01-04 05:30:00,1.0797769541202968,1.079896574765001,1.079691268957941,1.0797784685107672,
2026-01-04 05:35:00,1.0797784685107672,1.0800244562958383,1.0796015125059126,1.079851624479084,
2026-01-04 05:40:00,1.079851624479084,1.0801014784968797,1.079756238766166,1.0800409348823938,
2026-01-04 05:45:00,1.0800409348823938,1.0803333755099496,1.0799638221125478,1.0803083959573865,
2026-01-04 05:50:00,1.0803083959573865,1.0803859906581692,1.080155352153361,1.0803591100780183,
2026-01-04 05:55:00,1.0803591100780183,1.080499343267257,1.0803003048731257,1.0804551928823016,
2026-01-04 06:00:00,1.0804551928823016,1.0805778798195664,1.0802030988604452,1.0802692304848929,
2026-01-04 06:05:00,1.0802692304848929,1.0804347037506996,1.0800670675685358,1.0802555311252366,
2026-01-04 06:10:00,1.0802555311252366,1.0805880700780892,1.0802208449805657,1.0804084450090188,
2026-01-04 06:15:00,1.0804084450090188,1.080683654749561,1.080313811396575,1.0805493343732056,
2026-01-04 06:20:00,1.0805493343732056,1.0806767392083296,1.0804255191585743,1.0805841734228885,
2026-01-04 06:25:00,1.0805841734228885,1.080776209478811,1.0805227264940778,1.0807283968313428,
2026-01-04 06:30:00,1.0807283968313428,1.0809007532927477,1.0806578145841803,1.080808497991648,
2026-01-04 06:35:00,1.080808497991648,1.081083485917147,1.0807485658259932,1.0810036511930436,
2026-01-04 06:40:00,1.0810036511930436,1.0812277171410596,1.0809215177900728,1.0810511124825053,
2026-01-04 06:45:00,1.0810511124825053,1.0811587219704393,1.080812244273183,1.080993975309097,
2026-01-04 06:50:00,1.080993975309097,1.081109688823426,1.080896289586714,1.081048973561434,
2026-01-04 06:55:00,1.081048973561434,1.081120957753461,1.08047919165414,1.0805744008771143,
2026-01-04 07:00:00,1.0805744008771143,1.080681568086068,1.0804848163186829,1.0806370034564503,
2026-01-04 07:05:00,1.0806370034564503,1.0808223488372828,1.079852772956707,1.0800463137875556,
2026-01-04 07:10:00,1.0800463137875556,1.080075376039878,1.0797265628156223,1.0797676767141418,
2026-01-04 07:15:00,1.0797676767141418,1.0798637022086144,1.0795907391383728,1.0798413898838743,
2026-01-04 07:20:00,1.0798413898838743,1.07997221901318,1.0797625008916834,1.0799192810051452,
2026-01-04 07:25:00,1.0799192810051452,1.0800852383283692,1.0795393658117949,1.079731537898302,
2026-01-04 07:30:00,1.079731537898302,1.0798457619198956,1.0795400111066809,1.0796167520110047,
2026-01-04 07:35:00,1.0796167520110047,1.0799719153896363,1.0795818346256183,1.0798392635979086,
2026-01-04 07:40:00,1.0798392635979086,1.0799236552994835,1.0796477975742396,1.079761405113423,
2026-01-04 07:45:00,1.079761405113423,1.0801576411477904,1.0797003893091472,1.0801252791103917,
2026-01-04 07:50:00,1.0801252791103917,1.0802996165900118,1.0799697409436064,1.0801255081207632,
2026-01-04 07:55:00,1.0801255081207632,1.080246700751296,1.0799871931094642,1.0801921597823136,
2026-01-04 08:00:00,1.0801921597823136,1.0804806626946808,1.0800485953338876,1.0804547120385826,
2026-01-04 08:05:00,1.0804547120385826,1.080599574559605,1.0803998839306326,1.0804764878151374,
2026-01-04 08:10:00,1.0804764878151374,1.0805114798748066,1.0801670353708406,1.08031458881852,
2026-01-04 08:15:00,1.08031458881852,1.0803518259518547,1.0802213085035028,1.0802973480883593,
2026-01-04 08:20:00,1.0802973480883593,1.0804614159540262,1.080092356397064,1.0802921177221148,
2026-01-04 08:25:00,1.0802921177221148,1.080400607448192,1.079919814265144,1.0800715324444974,
2026-01-04 08:30:00,1.0800715324444974,1.080135003965902,1.0799043516430011,1.0800306257143346,
2026-01-04 08:35:00,1.0800306257143346,1.0801133784705392,1.0797348526334138,1.0799109338336723,
2026-01-04 08:40:00,1.0799109338336723,1.0802124812286888,1.0797848577277231,1.080061217852497,
2026-01-04 08:45:00,1.080061217852497,1.0800993090881048,1.0799417228764776,1.0800673653420487,
2026-01-04 08:50:00,1.0800673653420487,1.0801083318529168,1.0799593737472213,1.0800220905557265,
2026-01-04 08:55:00,1.0800220905557265,1.0801530177220249,1.0798633687115322,1.0800054288706908,
2026-01-04 09:00:00,1.0800054288706908,1.080171370357373,1.079917992873606,1.080042115445169,
2026-01-04 09:05:00,1.080042115445169,1.0803376311294133,1.0800143605721628,1.080142587936197,
2026-01-04 09:10:00,1.080142587936197,1.080230006842823,1.0798142741842225,1.079981165307569,
2026-01-04 09:15:00,1.079981165307569,1.080012879280461,1.079783646970819,1.079812984140816,
2026-01-04 09:20:00,1.079812984140816,1.080109222744295,1.0796719701187047,1.079992466006022,
2026-01-04 09:25:00,1.079992466006022,1.080127368432139,1.0798780001669157,1.079926209927383,
2026-01-04 09:30:00,1.079926209927383,1.0799713384288243,1.0795993989132475,1.0796972614262306,
2026-01-04 09:35:00,1.0796972614262306,1.079889196363773,1.079522624927692,1.0797696812085364,
2026-01-04 09:40:00,1.0797696812085364,1.079900871721348,1.0797326856896958,1.0798452736394497,
2026-01-04 09:45:00,1.0798452736394497,1.080017325049868,1.079457814433027,1.0795979015551664,
2026-01-04 09:50:00,1.0795979015551664,1.0798059332784544,1.079467630181519,1.0796356042092132,
2026-01-04 09:55:00,1.0796356042092132,1.0798526081506374,1.079459448854869,1.0797552749133577,
2026-01-04 10:00:00,1.0797552749133577,1.080010467160308,1.0797041826365192,1.0798164533860155,
2026-01-04 10:05:00,1.0798164533860155,1.0801157210956684,1.079652491635181,1.0799193617982674,
2026-01-04 10:10:00,1.0799193617982674,1.079962626994278,1.0795914291766993,1.0796924509921126,
2026-01-04 10:15:00,1.0796924509921126,1.0798327939147307,1.0795952950878638,1.079746605429861,
2026-01-04 10:20:00,1.079746605429861,1.0798746632944694,1.0796130123093417,1.0796981334924929,
2026-01-04 10:25:00,1.0796981334924929,1.0797334042982176,1.0795310826424382,1.0796204859887537,
2026-01-04 10:30:00,1.0796204859887537,1.0798508935160809,1.079506893255997,1.0797620155253942,
2026-01-04 10:35:00,1.0797620155253942,1.0800691827489248,1.079722791557268,1.0800021717738018,
2026-01-04 10:40:00,1.0800021717738018,1.0804848086172705,1.0799056599172243,1.0802934395774966,
2026-01-04 10:45:00,1.0802934395774966,1.080601143037717,1.080156082958786,1.0805070575896072,
2026-01-04 10:50:00,1.0805070575896072,1.0806643383441457,1.0803801380734763,1.0804898126970952,
2026-01-04 10:55:00,1.0804898126970952,1.0806371280298972,1.0804399633927022,1.080547521064465,
2026-01-04 11:00:00,1.080547521064465,1.0807160830044706,1.0804621717581426,1.0806723568317953,
2026-01-04 11:05:00,1.0806723568317953,1.0808679076808931,1.0805726237303983,1.080692540405464,
2026-01-04 11:10:00,1.080692540405464,1.0807343533977658,1.0805521429388305,1.0807142783527233,
2026-01-04 11:15:00,1.0807142783527233,1.080878432650212,1.0805321404146666,1.080848363292897,
2026-01-04 11:20:00,1.080848363292897,1.0809339524859582,1.0807202248302366,1.0808392924225023,
2026-01-04 11:25:00,1.0808392924225023,1.0809829341084958,1.0805798566905431,1.0807216029536044,
2026-01-04 11:30:00,1.0807216029536044,1.0808031097267567,1.0806210617375291,1.0806549558701082,
2026-01-04 11:35:00,1.0806549558701082,1.0807901932004649,1.0804631518048256,1.0807582568932932,
2026-01-04 11:40:00,1.0807582568932932,1.0808364937326074,1.0806815193290291,1.0807592825265353,
2026-01-04 11:45:00,1.0807592825265353,1.0808790736593712,1.0806755100115917,1.080814977104753,
2026-01-04 11:50:00,1.080814977104753,1.0809451333425115,1.0807548654042376,1.0809241577785444,
2026-01-04 11:55:00,1.0809241577785444,1.0810404221229168,1.080828683027144,1.080863923640062,
2026-01-04 12:00:00,1.080863923640062,1.0810280775562728,1.0807017152178364,1.080987081291619,
2026-01-04 12:05:00,1.080987081291619,1.0811208014874365,1.0809237930769118,1.081049052155453,
2026-01-04 12:10:00,1.081049052155453,1.081184466324893,1.0807784933027895,1.080849377095152,
2026-01-04 12:15:00,1.080849377095152,1.0812343008928211,1.0807966537653628,1.081083780068833,
2026-01-04 12:20:00,1.081083780068833,1.0811512020816672,1.0808076422162765,1.0810031215667302,
2026-01-04 12:25:00,1.0810031215667302,1.081082376427522,1.0805747344970196,1.08073532076053,
2026-01-04 12:30:00,1.08073532076053,1.0807997644233929,1.0803790800368802,1.0805664619738768,
2026-01-04 12:35:00,1.0805664619738768,1.0807587019219338,1.0802264085676885,1.080401518773758,
2026-01-04 12:40:00,1.080401518773758,1.0804648077827308,1.08021838534984,1.080410514231873,
2026-01-04 12:45:00,1.080410514231873,1.080463486740527,1.0802604485524268,1.0803666746817595,
2026-01-04 12:50:00,1.0803666746817595,1.0804667810350093,1.0802619334532273,1.0803126309119515,
2026-01-04 12:55:00,1.0803126309119515,1.0804676717098436,1.080233792451767,1.0804135965651875,
2026-01-04 13:00:00,1.0804135965651875,1.0805174266200708,1.0803409552921308,1.0804692190979397,
2026-01-04 13:05:00,1.0804692190979397,1.0805582408886452,1.0803201350071712,1.080520982571859,
2026-01-04 13:10:00,1.080520982571859,1.0807231799692003,1.0804963614883236,1.080587949144541,
2026-01-04 13:15:00,1.080587949144541,1.0808185370641228,1.0805423815458557,1.0806883622582404,
2026-01-04 13:20:00,1.0806883622582404,1.0808253915787784,1.0802043310302332,1.080347250351879,
2026-01-04 13:25:00,1.080347250351879,1.0805064443533203,1.080246514507058,1.080288734130742,
2026-01-04 13:30:00,1.080288734130742,1.0803674785730448,1.0799073508718158,1.0799360434049543,
2026-01-04 13:35:00,1.0799360434049543,1.0801277410260808,1.0798963846753244,1.0799424247540306,
2026-01-04 13:40:00,1.0799424247540306,1.080094401584023,1.0797978928762269,1.079942214223775,
2026-01-04 13:45:00,1.079942214223775,1.0802769822732408,1.079897135677082,1.0801121347272962,
2026-01-04 13:50:00,1.0801121347272962,1.0804548819571578,1.0800657999422916,1.080305108767669,
2026-01-04 13:55:00,1.080305108767669,1.080423030290776,1.0802436547322525,1.0803385082745982,
2026-01-04 14:00:00,1.0803385082745982,1.0804094541224494,1.0801028036184643,1.0802579675452195,
2026-01-04 14:05:00,1.0802579675452195,1.0804331785204129,1.080201904021013,1.0803371254478884,
2026-01-04 14:10:00,1.0803371254478884,1.0803745909127844,1.0802257520361225,1.0802521196075328,
2026-01-04 14:15:00,1.0802521196075328,1.080353664561719,1.080069064203529,1.0802524340714372,
2026-01-04 14:20:00,1.0802524340714372,1.0804405428969488,1.080074696755065,1.0804127775199917,
2026-01-04 14:25:00,1.0804127775199917,1.0804334877927966,1.0802696605491,1.0803229279692614,
2026-01-04 14:30:00,1.0803229279692614,1.0806417048606922,1.080255166303102,1.0804540350515868,
2026-01-04 14:35:00,1.0804540350515868,1.0807084467026986,1.0804000946887269,1.0805643660677928,
2026-01-04 14:40:00,1.0805643660677928,1.0806854985182648,1.0802606440350662,1.0804101602520793,
2026-01-04 14:45:00,1.0804101602520793,1.080649941198828,1.0803451586529251,1.0805685428317318,
2026-01-04 14:50:00,1.0805685428317318,1.0808050132705485,1.0803808818754037,1.0806823164279051,
2026-01-04 14:55:00,1.0806823164279051,1.0808798629691163,1.0805133410435162,1.0806993793293755,
2026-01-04 15:00:00,1.0806993793293755,1.0808368077534851,1.0804504381063806,1.080576350309343,
2026-01-04 15:05:00,1.080576350309343,1.0807047970689747,1.080416024965975,1.0804376338464237,
2026-01-04 15:10:00,1.0804376338464237,1.0805404706569586,1.080171980409958,1.0803510409031132,
2026-01-04 15:15:00,1.0803510409031132,1.0805217390405588,1.0802000438067374,1.0804395135750418,
2026-01-04 15:20:00,1.0804395135750418,1.0805852520555477,1.080123367207072,1.0802851905384494,
2026-01-04 15:25:00,1.0802851905384494,1.0805532053128222,1.0802522620016264,1.0803566287434394,
2026-01-04 15:30:00,1.0803566287434394,1.0804530851282732,1.0800084159079062,1.0801559567385457,
2026-01-04 15:35:00,1.0801559567385457,1.080246553675268,1.0799586073163576,1.08012343342161,
2026-01-04 15:40:00,1.08012343342161,1.0802387990298328,1.0799312390575015,1.0801417386048071,
2026-01-04 15:45:00,1.0801417386048071,1.0806351125162306,1.0800172539197064,1.0805385146019817,
2026-01-04 15:50:00,1.0805385146019817,1.080736827061188,1.0802043938929595,1.0803158414263196,
2026-01-04 15:55:00,1.0803158414263196,1.0807021642248409,1.0802192700041229,1.0805549441384892,
2026-01-04 16:00:00,1.0805549441384892,1.0806644248462325,1.0804087123559156,1.0805797716453744,
2026-01-04 16:05:00,1.0805797716453744,1.080733830059852,1.0803940238105258,1.0806469596325632,
2026-01-04 16:10:00,1.0806469596325632,1.0807642274294198,1.0805190037237944,1.080666683982966,
2026-01-04 16:15:00,1.080666683982966,1.080765925169226,1.0806057729274945,1.080739316975461,
2026-01-04 16:20:00,1.080739316975461,1.0808543239278252,1.0806917802787013,1.080714943589757,
2026-01-04 16:25:00,1.080714943589757,1.081117270407638,1.0805835032284687,1.080951221836364,
2026-01-04 16:30:00,1.080951221836364,1.0810901240391413,1.0807021237329162,1.0808777513527597,
2026-01-04 16:35:00,1.0808777513527597,1.0811175942990343,1.0808458758027963,1.0810618785466173,
2026-01-04 16:40:00,1.0810618785466173,1.0812129247100657,1.080866371148005,1.080957933965618,
2026-01-04 16:45:00,1.080957933965618,1.081107436514758,1.0807594965805774,1.080948705027272,
2026-01-04 16:50:00,1.080948705027272,1.0810159620860886,1.080665147048822,1.0807754489080763,
2026-01-04 16:55:00,1.0807754489080763,1.0809818760583776,1.0807157304267143,1.080849758620143,
2026-01-04 17:00:00,1.080849758620143,1.081214589990264,1.080766100466025,1.0810846191643022,
2026-01-04 17:05:00,1.0810846191643022,1.0812557809365964,1.0809791503649075,1.0810726154868229,
2026-01-04 17:10:00,1.0810726154868229,1.0811171085029527,1.0810001172055652,1.0810412293181602,
2026-01-04 17:15:00,1.0810412293181602,1.0810963002489722,1.080722100219376,1.0808610428232686,
2026-01-04 17:20:00,1.0808610428232686,1.0809685173339467,1.0806978192708965,1.080824408850133,
2026-01-04 17:25:00,1.080824408850133,1.0808523549769338,1.0804301602237745,1.0805667503417902,
2026-01-04 17:30:00,1.0805667503417902,1.0806615572973586,1.0802893943590337,1.080419336841396,
2026-01-04 17:35:00,1.080419336841396,1.0806185107267154,1.0803963358691042,1.0804566312991557,
2026-01-04 17:40:00,1.0804566312991557,1.0807177318577113,1.0804052279862335,1.080670963266794,
2026-01-04 17:45:00,1.080670963266794,1.0812297654506928,1.080621160306444,1.0811269746780443,
2026-01-04 17:50:00,1.0811269746780443,1.081325133140053,1.080994762167647,1.0810323934351806,
2026-01-04 17:55:00,1.0810323934351806,1.0813767656206337,1.080880007796005,1.081265700018217,
2026-01-04 18:00:00,1.081265700018217,1.081415473861515,1.081224075319611,1.081305775573173,
2026-01-04 18:05:00,1.081305775573173,1.0814263584182433,1.0811415098158894,1.0812817847491103,
2026-01-04 18:10:00,1.0812817847491103,1.08140597196348,1.081229674493373,1.0813524911768202,
2026-01-04 18:15:00,1.0813524911768202,1.081409564435324,1.0813111953447356,1.0813630749364405,
2026-01-04 18:20:00,1.0813630749364405,1.081523446287766,1.0813138195276897,1.0813815224545251,
2026-01-04 18:25:00,1.0813815224545251,1.0814727604803085,1.0812043179279276,1.0813158305501045,
2026-01-04 18:30:00,1.0813158305501045,1.0813880137431833,1.0809534383038173,1.0810896251555917,
2026-01-04 18:35:00,1.0810896251555917,1.0811152756471774,1.0806737284995818,1.0808398749743922,
2026-01-04 18:40:00,1.0808398749743922,1.0811186176935668,1.0807967337774085,1.0809463286040746,
2026-01-04 18:45:00,1.0809463286040746,1.0809721477999266,1.080771091679479,1.0809020052940086,
2026-01-04 18:50:00,1.0809020052940086,1.0810570022563435,1.080646611836524,1.080805902964418,
2026-01-04 18:55:00,1.080805902964418,1.080896580249429,1.0807296700335467,1.0808078223088091,
2026-01-04 19:00:00,1.0808078223088091,1.0810650096166048,1.0807734735045231,1.080937245810714,
2026-01-04 19:05:00,1.080937245810714,1.0810316130453914,1.080889175537362,1.0809670310052673,
2026-01-04 19:10:00,1.0809670310052673,1.081015002945189,1.080824720049585,1.080861200606146,
2026-01-04 19:15:00,1.080861200606146,1.081176587134693,1.080681502458562,1.0810605772945427,
2026-01-04 19:20:00,1.0810605772945427,1.0814624387489855,1.0809727709942378,1.081317227563894,
2026-01-04 19:25:00,1.081317227563894,1.0814531759259751,1.0812030248149695,1.081397987132885,
2026-01-04 19:30:00,1.081397987132885,1.081655021719645,1.08123962326556,1.081556477109107,
2026-01-04 19:35:00,1.081556477109107,1.081858562133836,1.0814696073931254,1.0817585242391836,
2026-01-04 19:40:00,1.0817585242391836,1.0820013311856302,1.0816216857613503,1.081942454938796,
2026-01-04 19:45:00,1.081942454938796,1.08216437244637,1.0819086525652166,1.0820426635460447,
2026-01-04 19:50:00,1.0820426635460447,1.0821865929528645,1.0819361005294823,1.0821403245292438,
2026-01-04 19:55:00,1.0821403245292438,1.0823369756297994,1.082102951115333,1.082225220778602,
2026-01-04 20:00:00,1.082225220778602,1.082265638450648,1.0819829503406615,1.082047641485984,
2026-01-04 20:05:00,1.082047641485984,1.0822693185536127,1.0819748401370166,1.0821619209200188,
2026-01-04 20:10:00,1.0821619209200188,1.0822380087498964,1.0817932376463797,1.0819424027310791,
2026-01-04 20:15:00,1.0819424027310791,1.0820438070636538,1.081672655942716,1.081813994696248,
2026-01-04 20:20:00,1.081813994696248,1.0821241635161605,1.0816595202802404,1.0820260886314603,
2026-01-04 20:25:00,1.0820260886314603,1.0823464372893588,1.081994972722958,1.0821630093272514,
2026-01-04 20:30:00,1.0821630093272514,1.082513206984938,1.0819641047690602,1.082405018576946,
2026-01-04 20:35:00,1.082405018576946,1.082572348379644,1.0823316557936598,1.0823614513988276,
2026-01-04 20:40:00,1.0823614513988276,1.0824220688295516,1.0820063015900894,1.0821749361925483,
2026-01-04 20:45:00,1.0821749361925483,1.0822583110955826,1.0819832002901495,1.082136448698176,
2026-01-04 20:50:00,1.082136448698176,1.0821870677579153,1.082009931575887,1.0821535516694014,
2026-01-04 20:55:00,1.0821535516694014,1.0822626491197385,1.0820545573796754,1.0821669145166706,
2026-01-04 21:00:00,1.0821669145166706,1.0824918620455983,1.082010630693082,1.0823514960659248,
2026-01-04 21:05:00,1.0823514960659248,1.0825223661320644,1.0821402111593432,1.0822933855639316,
2026-01-04 21:10:00,1.0822933855639316,1.0824729436194604,1.0822486934635434,1.0823510789353366,
2026-01-04 21:15:00,1.0823510789353366,1.082486292015863,1.0820284518368273,1.0821911256819603,
2026-01-04 21:20:00,1.0821911256819603,1.0823166767613863,1.082156985422422,1.0822647686874154,
2026-01-04 21:25:00,1.0822647686874154,1.0822925115483393,1.0821546703818323,1.0822658144614572,
2026-01-04 21:30:00,1.0822658144614572,1.0824283183275891,1.0820085230484189,1.082144637777201,
2026-01-04 21:35:00,1.082144637777201,1.0821947046545404,1.0819389952912937,1.082106899285621,
2026-01-04 21:40:00,1.082106899285621,1.0821433098020172,1.0819741862210412,1.082077546060298,
2026-01-04 21:45:00,1.082077546060298,1.0822663072780612,1.081971604191856,1.0820342386458175,
2026-01-04 21:50:00,1.0820342386458175,1.0825157496308735,1.0819259199150355,1.0823223157853428,
2026-01-04 21:55:00,1.0823223157853428,1.0824532420978312,1.082241837050992,1.0823068745108708,
2026-01-04 22:00:00,1.0823068745108708,1.0823950292199545,1.0821526502347585,1.0822678208034209,
2026-01-04 22:05:00,1.0822678208034209,1.0824378039207945,1.0818246633008373,1.0819279147737964,
2026-01-04 22:10:00,1.0819279147737964,1.0819847643664766,1.0816228544060331,1.0817833452131085,
2026-01-04 22:15:00,1.0817833452131085,1.081880635832046,1.0816779824380311,1.0817411986584509,
2026-01-04 22:20:00,1.0817411986584509,1.081825461772271,1.0815744606002895,1.081630457933444,
2026-01-04 22:25:00,1.081630457933444,1.0820394826441648,1.0815251045723218,1.0818551966458314,
2026-01-04 22:30:00,1.0818551966458314,1.0820407565805965,1.081799881287132,1.0818289720728662,
2026-01-04 22:35:00,1.0818289720728662,1.0821757742119844,1.0817676907597478,1.082038614745246,
2026-01-04 22:40:00,1.082038614745246,1.082089104060806,1.0819549478606922,1.082049170835557,
2026-01-04 22:45:00,1.082049170835557,1.082162548934738,1.081941397487296,1.0820557542325997,
2026-01-04 22:50:00,1.0820557542325997,1.0821199133385198,1.081973384335287,1.0820418829433076,
2026-01-04 22:55:00,1.0820418829433076,1.082222324939729,1.08192096837426,1.0820430401203558,
2026-01-04 23:00:00,1.0820430401203558,1.08236750127611,1.0818649254803956,1.0823225887722872,
2026-01-04 23:05:00,1.0823225887722872,1.0823523646219422,1.081828739246613,1.081946610189657,
2026-01-04 23:10:00,1.081946610189657,1.0820934074156965,1.0815507337997972,1.0816223649137098,
2026-01-04 23:15:00,1.0816223649137098,1.081723956407204,1.081503626838137,1.0815347834130975,
2026-01-04 23:20:00,1.0815347834130975,1.0817085867255862,1.0814901834782429,1.0815376810458175,
2026-01-04 23:25:00,1.0815376810458175,1.0816836170900752,1.0814166619194792,1.0816501837564647,
2026-01-04 23:30:00,1.0816501837564647,1.081891678275672,1.081507116165606,1.0817274845718026,
2026-01-04 23:35:00,1.0817274845718026,1.0817542048273143,1.0816367395666688,1.0816656797965083,
2026-01-04 23:40:00,1.0816656797965083,1.0818566256399544,1.08161228082716,1.08183157303781,
2026-01-04 23:45:00,1.08183157303781,1.0821023384770263,1.081754138409088,1.0819993016417149,
2026-01-04 23:50:00,1.0819993016417149,1.0820895480676895,1.081921742482116,1.082029715635547,
2026-01-04 23:55:00,1.082029715635547,1.0823133809920658,1.081837202372995,1.0821865116248046,
2026-01-05 00:00:00,1.0821865116248046,1.0822559586582814,1.082129832917175,1.0822313115993234,
2026-01-05 00:05:00,1.0822313115993234,1.0822576817169487,1.0821094546680123,1.082140708330919,
2026-01-05 00:10:00,1.082140708330919,1.0824054125169795,1.0820571656616425,1.0822545257876686,
2026-01-05 00:15:00,1.0822545257876686,1.0823308535351417,1.0822103262328833,1.082273023805893,
2026-01-05 00:20:00,1.082273023805893,1.0824119375369297,1.0822302390521683,1.0822737824546709,
2026-01-05 00:25:00,1.0822737824546709,1.0826684569734235,1.0821804413356697,1.0825134709843534,
2026-01-05 00:30:00,1.0825134709843534,1.0825441505941835,1.082040969466186,1.082116119871251,
2026-01-05 00:35:00,1.082116119871251,1.0822746755830546,1.0818500596262082,1.0818865704459162,
2026-01-05 00:40:00,1.0818865704459162,1.0819548862651491,1.0815657124927518,1.081694487110049,
2026-01-05 00:45:00,1.081694487110049,1.0817846053825246,1.081525783019875,1.0816360889777588,
2026-01-05 00:50:00,1.0816360889777588,1.081671684032372,1.0815614436159389,1.08159532155635,
2026-01-05 00:55:00,1.08159532155635,1.0817662749533556,1.081176048415125,1.0813513424204475,
2026-01-05 01:00:00,1.0813513424204475,1.0814722736019862,1.0811208511779633,1.0811920995284414,
2026-01-05 01:05:00,1.0811920995284414,1.081302939278454,1.080859990243559,1.0810530387848494,
2026-01-05 01:10:00,1.0810530387848494,1.0816464836977011,1.0808653618309891,1.0814521438317388,
2026-01-05 01:15:00,1.0814521438317388,1.0818252098935168,1.0813540064390197,1.0817449988567276,
2026-01-05 01:20:00,1.0817449988567276,1.0819253391282937,1.0816175885288415,1.0816787305781206,
2026-01-05 01:25:00,1.0816787305781206,1.0818282743967125,1.0814500074616926,1.081620280949948,
2026-01-05 01:30:00,1.081620280949948,1.0818074160144011,1.081349355932257,1.0814343873837489,
2026-01-05 01:35:00,1.0814343873837489,1.081617791753246,1.0810760054368362,1.081125444561877,
2026-01-05 01:40:00,1.081125444561877,1.0813238299267818,1.0809877415710392,1.0811070309598865,
2026-01-05 01:45:00,1.0811070309598865,1.0811507327752532,1.0808376733833625,1.0809457658230486,
2026-01-05 01:50:00,1.0809457658230486,1.081109048773625,1.0807595453351135,1.0809325485533,
2026-01-05 01:55:00,1.0809325485533,1.0810973575371907,1.0805223921900098,1.0806736628383808,
2026-01-05 02:00:00,1.0806736628383808,1.080809650073453,1.0803729882051172,1.0805506933127478,
2026-01-05 02:05:00,1.0805506933127478,1.080645518707921,1.0803984467885182,1.080575323735438,
2026-01-05 02:10:00,1.080575323735438,1.080828949930338,1.0804397322425214,1.080635223241445,
2026-01-05 02:15:00,1.080635223241445,1.080760231932174,1.080525191354035,1.0807034359473535,
2026-01-05 02:20:00,1.0807034359473535,1.0808133595154583,1.0802921792509792,1.0804899388430886,
2026-01-05 02:25:00,1.0804899388430886,1.0807428776174397,1.0802972891747686,1.0806290099371323,
2026-01-05 02:30:00,1.0806290099371323,1.0806781392192029,1.0803270546385648,1.0804998481752413,
2026-01-05 02:35:00,1.0804998481752413,1.080753018965298,1.08034029071676,1.0806029637772778,
2026-01-05 02:40:00,1.0806029637772778,1.0806389598668302,1.0804778189325646,1.080601779651586,
2026-01-05 02:45:00,1.080601779651586,1.0807465372517784,1.0803124882477464,1.0803792438526412,
2026-01-05 02:50:00,1.0803792438526412,1.0805519946419735,1.0801509641915308,1.0803285432164067,
2026-01-05 02:55:00,1.0803285432164067,1.080471183321248,1.0803065963121286,1.0803882919647332,
2026-01-05 03:00:00,1.0803882919647332,1.0806358686141582,1.0803273527707102,1.0804881728686102,
2026-01-05 03:05:00,1.0804881728686102,1.0805363921900768,1.0803731911395555,1.0804658629796708,
2026-01-05 03:10:00,1.0804658629796708,1.0808869578998723,1.0803403546917287,1.080714687079611,
2026-01-05 03:15:00,1.080714687079611,1.0810699303196172,1.080593728801946,1.0808785646138777,
2026-01-05 03:20:00,1.0808785646138777,1.0809260494787076,1.0807858471947775,1.0808374940435268,
2026-01-05 03:25:00,1.0808374940435268,1.0811041900376364,1.0807986303675603,1.0809596553323213,
2026-01-05 03:30:00,1.0809596553323213,1.081384843957739,1.080899636125356,1.0812737943603588,
2026-01-05 03:35:00,1.0812737943603588,1.0817080248877768,1.081191026778357,1.081592355008047,
2026-01-05 03:40:00,1.081592355008047,1.0817395231573952,1.0813711550963607,1.0813936847601864,
2026-01-05 03:45:00,1.0813936847601864,1.081501658050067,1.081099301719364,1.081243943767063,
2026-01-05 03:50:00,1.081243943767063,1.081613404000337,1.0811793528286302,1.0814853452497737,
2026-01-05 03:55:00,1.0814853452497737,1.0815469074332678,1.0812309694165183,1.081314222215097,
2026-01-05 04:00:00,1.081314222215097,1.081402353402465,1.0810199893564605,1.0811002716607654,
2026-01-05 04:05:00,1.0811002716607654,1.0812760149237783,1.0809098419913716,1.0810219713555298,
2026-01-05 04:10:00,1.0810219713555298,1.0811304376463526,1.0808472074055528,1.0810906551942558,
2026-01-05 04:15:00,1.0810906551942558,1.0812182187412238,1.081027700648911,1.081074590840542,
2026-01-05 04:20:00,1.081074590840542,1.0811277625117444,1.080888309422114,1.0809696403024955,
2026-01-05 04:25:00,1.0809696403024955,1.0811420174301218,1.080716300594772,1.0808608657801635,
2026-01-05 04:30:00,1.0808608657801635,1.0809850936918572,1.0807179600800707,1.0807459217344613,
2026-01-05 04:35:00,1.0807459217344613,1.080838470515342,1.0804344963198529,1.080603892474182,
2026-01-05 04:40:00,1.080603892474182,1.0810392959013737,1.0804107639488925,1.0809743274601162,
2026-01-05 04:45:00,1.0809743274601162,1.08112174136832,1.0808449527636514,1.081023109322466,
2026-01-05 04:50:00,1.081023109322466,1.0813598207427793,1.0808309378156804,1.0811674505241131,
2026-01-05 04:55:00,1.0811674505241131,1.0812791081962672,1.0809943266524331,1.081088677781731,
2026-01-05 05:00:00,1.081088677781731,1.081193185897437,1.0809643576714354,1.081059063382953,
2026-01-05 05:05:00,1.081059063382953,1.0812133926693834,1.080904776143389,1.0809439009470834,
2026-01-05 05:10:00,1.0809439009470834,1.081032129419833,1.0804881940599274,1.0805145745082274,
2026-01-05 05:15:00,1.0805145745082274,1.080611510819206,1.0802277830917624,1.0802917938690266,
2026-01-05 05:20:00,1.0802917938690266,1.0803724444607097,1.0798929110738154,1.0799989742320937,
2026-01-05 05:25:00,1.0799989742320937,1.0800461397880528,1.079523728083872,1.0796351109142273,
2026-01-05 05:30:00,1.0796351109142273,1.0797835965727838,1.079382921692628,1.0794420852613416,
2026-01-05 05:35:00,1.0794420852613416,1.07983432391232,1.0793117802399026,1.079657178347821,
2026-01-05 05:40:00,1.079657178347821,1.0798401850246848,1.0795979047653437,1.0796505218228143,
2026-01-05 05:45:00,1.0796505218228143,1.0800386301887326,1.079571803817566,1.079860085659886,
2026-01-05 05:50:00,1.079860085659886,1.080028519311886,1.0798048579471518,1.079927198227447,
2026-01-05 05:55:00,1.079927198227447,1.0801256435936089,1.079781798779449,1.0800545116790123,
2026-01-05 06:00:00,1.0800545116790123,1.0801893379539405,1.0797961257634816,1.0799091088149615,
2026-01-05 06:05:00,1.0799091088149615,1.0801863719427138,1.0797566106171286,1.0799945250585707,
2026-01-05 06:10:00,1.0799945250585707,1.0802639917912864,1.0799642203880442,1.080113122674616,
2026-01-05 06:15:00,1.080113122674616,1.0802221954157023,1.0799236749044847,1.080020240078927,
2026-01-05 06:20:00,1.080020240078927,1.0802554167208964,1.0798261875347104,1.080111431177484,
2026-01-05 06:25:00,1.080111431177484,1.0803627638793991,1.0800817796648368,1.0802037070551571,
2026-01-05 06:30:00,1.0802037070551571,1.0803891755221964,1.0800198983016849,1.08011520646583,
2026-01-05 06:35:00,1.08011520646583,1.0802725853015451,1.0799065821818454,1.0799338538612395,
2026-01-05 06:40:00,1.0799338538612395,1.080031828161254,1.0796961961278777,1.0797425937256522,
2026-01-05 06:45:00,1.0797425937256522,1.0798263934260437,1.079639338964369,1.0797571442527198,
2026-01-05 06:50:00,1.0797571442527198,1.0799206278428657,1.0797087918411368,1.0798106491432145,
2026-01-05 06:55:00,1.0798106491432145,1.0798897211732434,1.079569453963024,1.0796828299395176,
2026-01-05 07:00:00,1.0796828299395176,1.0798773729789726,1.079496738236619,1.0796876753522888,
2026-01-05 07:05:00,1.0796876753522888,1.079892053319168,1.0796316019918133,1.0797806194673472,
2026-01-05 07:10:00,1.0797806194673472,1.079986260743697,1.079741325895599,1.0798812906032234,
2026-01-05 07:15:00,1.0798812906032234,1.0802159121953083,1.0797127408220664,1.0801332368760406,
2026-01-05 07:20:00,1.0801332368760406,1.0804757865369332,1.080030388303506,1.0803406932786808,
2026-01-05 07:25:00,1.0803406932786808,1.0804543025088325,1.0800001151727854,1.0801789851705774,
2026-01-05 07:30:00,1.0801789851705774,1.0804955748165537,1.0801038829775376,1.080452346010432,
2026-01-05 07:35:00,1.080452346010432,1.0806288034163816,1.080233879638144,1.080366835399078,
2026-01-05 07:40:00,1.080366835399078,1.0806213381372276,1.0801806389593036,1.0805367158274417,
2026-01-05 07:45:00,1.0805367158274417,1.0806461395818694,1.080485810583541,1.0805482754644768,
2026-01-05 07:50:00,1.0805482754644768,1.0806052955346763,1.0803178845345465,1.0804820156752215,
2026-01-05 07:55:00,1.0804820156752215,1.080601627352593,1.080055944880417,1.0801896178953891,
2026-01-05 08:00:00,1.0801896178953891,1.0803359878066263,1.0799960295896784,1.0801623600037114,
2026-01-05 08:05:00,1.0801623600037114,1.080340969761424,1.079859546642283,1.0799102714443745,
2026-01-05 08:10:00,1.0799102714443745,1.0800968016827115,1.0798121358797137,1.0800675123030168,
2026-01-05 08:15:00,1.0800675123030168,1.0805090159312034,1.080024321601891,1.0803138161874577,
2026-01-05 08:20:00,1.0803138161874577,1.080460503381021,1.0799924121256972,1.0801852269051346,
2026-01-05 08:25:00,1.0801852269051346,1.080305869543916,1.0801539423950015,1.080234695780722,
2026-01-05 08:30:00,1.080234695780722,1.0802915012366243,1.0800859162586856,1.0801177032703246,
2026-01-05 08:35:00,1.0801177032703246,1.0801909990956824,1.0798347543408575,1.0800164224554505,
2026-01-05 08:40:00,1.0800164224554505,1.080320070500201,1.0799422852687854,1.080142439864901,
2026-01-05 08:45:00,1.080142439864901,1.0802148900960764,1.080009272323443,1.0801367359293552,
2026-01-05 08:50:00,1.0801367359293552,1.0805224793849924,1.080064990334152,1.080419171580772,
2026-01-05 08:55:00,1.080419171580772,1.0805662044305355,1.0802047860880215,1.0803415625956343,
2026-01-05 09:00:00,1.0803415625956343,1.080681016847569,1.080286918109166,1.0805040586720986,
2026-01-05 09:05:00,1.0805040586720986,1.08065893019494,1.0804014621696494,1.080520387385718,
2026-01-05 09:10:00,1.080520387385718,1.0808054732185748,1.0804043587942571,1.0806499135631986,
2026-01-05 09:15:00,1.0806499135631986,1.080701112386532,1.0804979174300369,1.0805779731502885,
2026-01-05 09:20:00,1.0805779731502885,1.080755906559273,1.0805051745269876,1.080570480637016,
2026-01-05 09:25:00,1.080570480637016,1.080640110090067,1.0805070631730882,1.080552300373269,
2026-01-05 09:30:00,1.080552300373269,1.080595408442799,1.0802702325821991,1.0804173385627345,
2026-01-05 09:35:00,1.0804173385627345,1.0807209067810886,1.0803670476738554,1.0805251828088271,
2026-01-05 09:40:00,1.0805251828088271,1.0806874150146517,1.0804526000584134,1.0806311198280698,
2026-01-05 09:45:00,1.0806311198280698,1.0807724738808426,1.0805504762504388,1.0807278765262287,
2026-01-05 09:50:00,1.0807278765262287,1.0811102857440824,1.0806260905027725,1.080977601982064,
2026-01-05 09:55:00,1.080977601982064,1.0812905698928263,1.080831139616145,1.081213174525917,
2026-01-05 10:00:00,1.081213174525917,1.0812571773828494,1.081055877417217,1.0811529075414543,
2026-01-05 10:05:00,1.0811529075414543,1.0813421506319318,1.080976110689596,1.081213948830833,
2026-01-05 10:10:00,1.081213948830833,1.081370566171733,1.0809709958364548,1.0811133572528464,
2026-01-05 10:15:00,1.0811133572528464,1.0812804609871776,1.080942429643943,1.0811176852798203,
2026-01-05 10:20:00,1.0811176852798203,1.0811656775480023,1.080872026491443,1.0810209702044828,
2026-01-05 10:25:00,1.0810209702044828,1.0814044783372652,1.080974216480512,1.081284242265036,
2026-01-05 10:30:00,1.081284242265036,1.0815102358144442,1.0810882153507004,1.0813437737077216,
2026-01-05 10:35:00,1.0813437737077216,1.081392769369778,1.0811473647464822,1.0813089502743205,
2026-01-05 10:40:00,1.0813089502743205,1.0815604917302295,1.0811858603559663,1.0815031089249107,
2026-01-05 10:45:00,1.0815031089249107,1.0815235429764485,1.081101836153178,1.0811515777225107,
2026-01-05 10:50:00,1.0811515777225107,1.0812660118706618,1.0807744524240674,1.0808255349408116,
2026-01-05 10:55:00,1.0808255349408116,1.081010150236206,1.0806949553293368,1.0809551075307708,
2026-01-05 11:00:00,1.0809551075307708,1.0811158162731334,1.0808601920468304,1.0809654526095025,
2026-01-05 11:05:00,1.0809654526095025,1.0811998009392068,1.0808237978994095,1.0810066024451956,
2026-01-05 11:10:00,1.0810066024451956,1.0810641784332156,1.0807050508031733,1.0807920877936552,
2026-01-05 11:15:00,1.0807920877936552,1.0809289252557726,1.0806765494420236,1.0807888615728858,
2026-01-05 11:20:00,1.0807888615728858,1.081172386742384,1.0807350291260522,1.0811142565393217,
2026-01-05 11:25:00,1.0811142565393217,1.0812717047543257,1.0810663203333488,1.0812484635197093,
2026-01-05 11:30:00,1.0812484635197093,1.081433068504306,1.0812148474622436,1.0812765287493475,
2026-01-05 11:35:00,1.0812765287493475,1.0813746495911447,1.0810383258189356,1.081205860893817,
2026-01-05 11:40:00,1.081205860893817,1.08139628252889,1.0810224416612857,1.0811424111865695,
2026-01-05 11:45:00,1.0811424111865695,1.0812585826453556,1.0806072264113555,1.0807977117985388,
2026-01-05 11:50:00,1.0807977117985388,1.0808883685185458,1.0806428042678942,1.08084002160213,
2026-01-05 11:55:00,1.08084002160213,1.081078604979976,1.0806816442332852,1.0809776455804525,
2026-01-05 12:00:00,1.0809776455804525,1.0810341661035177,1.0806111042211648,1.0807227347393202,
2026-01-05 12:05:00,1.0807227347393202,1.0809007800084038,1.0804492774164112,1.0806160591249858,
2026-01-05 12:10:00,1.0806160591249858,1.0807604216975455,1.080239427974769,1.0804289993949252,
2026-01-05 12:15:00,1.0804289993949252,1.080510422379763,1.0801231885986715,1.080273101844092,
2026-01-05 12:20:00,1.080273101844092,1.0803973158924125,1.0802340958347325,1.080282308234307,
2026-01-05 12:25:00,1.080282308234307,1.0804228146681851,1.0798079560131784,1.079945139587844,
2026-01-05 12:30:00,1.079945139587844,1.08020610533989,1.0799034616096406,1.080045190950894,
2026-01-05 12:35:00,1.080045190950894,1.0802022940692764,1.0800112909148585,1.0801678675714996,
2026-01-05 12:40:00,1.0801678675714996,1.0801919209630588,1.0799830013864435,1.0801277234593645,
2026-01-05 12:45:00,1.0801277234593645,1.080168324944855,1.0795561544090049,1.079726415786751,
2026-01-05 12:50:00,1.079726415786751,1.079817515122582,1.0795169972337997,1.0795655887021307,
2026-01-05 12:55:00,1.0795655887021307,1.079869804012337,1.079532241952697,1.079765796822522,
2026-01-05 13:00:00,1.079765796822522,1.0798103599159603,1.0791369186097255,1.0793164927306802,
2026-01-05 13:05:00,1.0793164927306802,1.079410500295502,1.0792169729841454,1.079260770664804,
2026-01-05 13:10:00,1.079260770664804,1.079360262766349,1.0790439823256164,1.0790702978224902,
2026-01-05 13:15:00,1.0790702978224902,1.0792407096622425,1.0789205080361122,1.0792010734687805,
2026-01-05 13:20:00,1.0792010734687805,1.0793860722616158,1.0789197421932235,1.0790923309929608,
2026-01-05 13:25:00,1.0790923309929608,1.079286104372795,1.0789797257914973,1.0791582581058292,
2026-01-05 13:30:00,1.0791582581058292,1.07934027120048,1.0790410715618923,1.079250334804998,
2026-01-05 13:35:00,1.079250334804998,1.0796594209166082,1.0791696999127072,1.0795481776235831,
2026-01-05 13:40:00,1.0795481776235831,1.0796247331711477,1.0794529316649497,1.0795158550407455,
2026-01-05 13:45:00,1.0795158550407455,1.079751068011218,1.079359913268114,1.079577288425522,
2026-01-05 13:50:00,1.079577288425522,1.0797007911330043,1.0791644988585216,1.0793373700519835,
2026-01-05 13:55:00,1.0793373700519835,1.0796397369485058,1.0792595459955137,1.0795306557019149,
2026-01-05 14:00:00,1.0795306557019149,1.079714615074472,1.0793387660841347,1.0794080535374124,
2026-01-05 14:05:00,1.0794080535374124,1.0795788898830945,1.0792496021208549,1.0793178046303729,
2026-01-05 14:10:00,1.0793178046303729,1.0794841089708296,1.0792856352522109,1.0793147424274547,
2026-01-05 14:15:00,1.0793147424274547,1.0793753520842164,1.0789916914933289,1.0790622849978002,
2026-01-05 14:20:00,1.0790622849978002,1.079147415909514,1.0790376678327458,1.0790998537494496,
2026-01-05 14:25:00,1.0790998537494496,1.0794012210217696,1.078937940377405,1.0792570036482214,
2026-01-05 14:30:00,1.0792570036482214,1.079409322580696,1.0791909368189958,1.0793049669745545,
2026-01-05 14:35:00,1.0793049669745545,1.0794480352628868,1.078904073461192,1.0790483013952752,
2026-01-05 14:40:00,1.0790483013952752,1.0792052142970552,1.0789110277549112,1.0790288016643086,
2026-01-05 14:45:00,1.0790288016643086,1.0792226049380234,1.0788580582109126,1.0791494485067012,
2026-01-05 14:50:00,1.0791494485067012,1.079220685584663,1.0786531679908204,1.0788460361617809,
2026-01-05 14:55:00,1.0788460361617809,1.0789543858437072,1.0785865509683457,1.078672663458889,
2026-01-05 15:00:00,1.078672663458889,1.0788842766104447,1.0786367621113089,1.07881503773401,
2026-01-05 15:05:00,1.07881503773401,1.078999398651007,1.0786601014964206,1.078859285501324,
2026-01-05 15:10:00,1.078859285501324,1.079080907409676,1.078835451082608,1.0789264959294176,
2026-01-05 15:15:00,1.0789264959294176,1.0793329832595815,1.07886636252921,1.0792280162492922,
2026-01-05 15:20:00,1.0792280162492922,1.0794546938176055,1.079198431128967,1.079304409859798,
2026-01-05 15:25:00,1.079304409859798,1.079523342797964,1.0791227431529065,1.0794114640355312,
2026-01-05 15:30:00,1.0794114640355312,1.079999311583932,1.079390510560825,1.079850994673978,
2026-01-05 15:35:00,1.079850994673978,1.0799114889585812,1.0797082099882072,1.07981690357791,
2026-01-05 15:40:00,1.07981690357791,1.0799698953261778,1.0795918962179856,1.0796882160608745,
2026-01-05 15:45:00,1.0796882160608745,1.0799067634964654,1.0795507220212557,1.0797580411722432,
2026-01-05 15:50:00,1.0797580411722432,1.079897673069308,1.0796858872363009,1.0798296840420392,
2026-01-05 15:55:00,1.0798296840420392,1.0799497588204263,1.0795676476751297,1.079744912847214,
2026-01-05 16:00:00,1.079744912847214,1.0799188689474315,1.0794260745345103,1.079578256767995,
2026-01-05 16:05:00,1.079578256767995,1.0800178243000134,1.0794804437713164,1.0799529102235583,
2026-01-05 16:10:00,1.0799529102235583,1.0801588742192083,1.079868465498646,1.0800063978580858,
2026-01-05 16:15:00,1.0800063978580858,1.0801981118671722,1.0797214534981507,1.0798883133827004,
2026-01-05 16:20:00,1.0798883133827004,1.0802131525035237,1.079732042528964,1.0800372289579674,
2026-01-05 16:25:00,1.0800372289579674,1.08012950257285,1.0799282669781176,1.080020086988562,
2026-01-05 16:30:00,1.080020086988562,1.0801493843804997,1.079898213263725,1.0799796601989948,
2026-01-05 16:35:00,1.0799796601989948,1.0802698091897107,1.0799526603608556,1.0800712905655452,
2026-01-05 16:40:00,1.0800712905655452,1.0801936092995927,1.079827844728091,1.0798625520322702,
2026-01-05 16:45:00,1.0798625520322702,1.079960916808167,1.0798328467102705,1.0799202118397295,
2026-01-05 16:50:00,1.0799202118397295,1.080258849737602,1.0798958170521868,1.0802306722017418,
2026-01-05 16:55:00,1.0802306722017418,1.08046900851923,1.0801831551729566,1.080306751907476,
2026-01-05 17:00:00,1.080306751907476,1.0804030050060485,1.0800720445520566,1.080246330079239,
2026-01-05 17:05:00,1.080246330079239,1.0803107563995524,1.0800010348178737,1.0801647034938098,
2026-01-05 17:10:00,1.0801647034938098,1.0802472844593287,1.0799265570831735,1.0800987603757826,
2026-01-05 17:15:00,1.0800987603757826,1.080255087491761,1.079925871407308,1.0800581554723647,
2026-01-05 17:20:00,1.0800581554723647,1.080161899992779,1.0798651578930414,1.0799974892512647,
2026-01-05 17:25:00,1.0799974892512647,1.0803228115432923,1.079955181536885,1.0801464816346378,
2026-01-05 17:30:00,1.0801464816346378,1.0802987682406178,1.0797204263473068,1.0798662401109624,
2026-01-05 17:35:00,1.0798662401109624,1.0802017384013842,1.079795835357006,1.080006415854304,
2026-01-05 17:40:00,1.080006415854304,1.0801863465323265,1.0798319823966005,1.0799454479959618,
2026-01-05 17:45:00,1.0799454479959618,1.0800728706806026,1.0797535979272777,1.0800070521824812,
2026-01-05 17:50:00,1.0800070521824812,1.0801456828443856,1.0796483235212424,1.0798250342922198,
2026-01-05 17:55:00,1.0798250342922198,1.080064496867663,1.0797630594609064,1.0800407991214478,
2026-01-05 18:00:00,1.0800407991214478,1.080441557793864,1.0798882020106215,1.0802431585834666,
2026-01-05 18:05:00,1.0802431585834666,1.080466179738533,1.080204422248474,1.080399198638949,
2026-01-05 18:10:00,1.080399198638949,1.0805388617558012,1.0801294719777867,1.0801542856252206,
2026-01-05 18:15:00,1.0801542856252206,1.0804620185771758,1.08012921425576,1.08028917092536,
2026-01-05 18:20:00,1.08028917092536,1.080404200819271,1.0802385265582006,1.0803553171799798,
2026-01-05 18:25:00,1.0803553171799798,1.0805279354616857,1.0799506583333098,1.0800957490456866,
2026-01-05 18:30:00,1.0800957490456866,1.080117953265529,1.0800069575129403,1.080092352573763,
2026-01-05 18:35:00,1.080092352573763,1.0802515097862633,1.0800694829347488,1.080151953901408,
2026-01-05 18:40:00,1.080151953901408,1.080347561421309,1.07995410982776,1.080242594649253,
2026-01-05 18:45:00,1.080242594649253,1.08035919428714,1.0801265865366716,1.0802718579587534,
2026-01-05 18:50:00,1.0802718579587534,1.0804451397690995,1.0801809595200331,1.0803195905147651,
2026-01-05 18:55:00,1.0803195905147651,1.0807436244990998,1.0802061975336563,1.0805589528763333,
2026-01-05 19:00:00,1.0805589528763333,1.0808370898575268,1.0804453581125588,1.0807582318169529,
2026-01-05 19:05:00,1.0807582318169529,1.0808824985966428,1.0801894403224686,1.0802940829063452,
2026-01-05 19:10:00,1.0802940829063452,1.080472026160979,1.0801128544007632,1.080243185203567,
2026-01-05 19:15:00,1.080243185203567,1.0804023243746852,1.08003763337727,1.0802170461688465,
2026-01-05 19:20:00,1.0802170461688465,1.0802443781565114,1.0798594179621748,1.0799337264267486,
2026-01-05 19:25:00,1.0799337264267486,1.0801392255658446,1.0798260720746362,1.0799495232283016,
2026-01-05 19:30:00,1.0799495232283016,1.0801807679982187,1.0799288673089862,1.0801523715554522,
2026-01-05 19:35:00,1.0801523715554522,1.0802783480808396,1.079802110491455,1.0799768770620923,
2026-01-05 19:40:00,1.0799768770620923,1.0801554778898077,1.079901814362088,1.080031914238151,
2026-01-05 19:45:00,1.080031914238151,1.0801934644796771,1.079815263141308,1.0798840965830072,
2026-01-05 19:50:00,1.0798840965830072,1.07993081633234,1.079576247198551,1.079775803889009,
2026-01-05 19:55:00,1.079775803889009,1.0800679451682849,1.079650613160035,1.0800156584977136,
2026-01-05 20:00:00,1.0800156584977136,1.0801710377456066,1.0798861586127602,1.0799283063970655,
2026-01-05 20:05:00,1.0799283063970655,1.0800506333024122,1.0798605119024849,1.080003722446978,
2026-01-05 20:10:00,1.080003722446978,1.08010822256985,1.079617585670782,1.07970116645667,
2026-01-05 20:15:00,1.07970116645667,1.0801550572121734,1.0795036756480534,1.0800033605559354,
2026-01-05 20:20:00,1.0800033605559354,1.0802387585667423,1.0799058486539106,1.0801015350195615,
2026-01-05 20:25:00,1.0801015350195615,1.080159443773062,1.0800110835884642,1.0800725077063569,
2026-01-05 20:30:00,1.0800725077063569,1.080241009455407,1.0799499561322226,1.0801662966088432,
2026-01-05 20:35:00,1.0801662966088432,1.0803607120914267,1.079845578076002,1.079938434814452,
2026-01-05 20:40:00,1.079938434814452,1.080231311641316,1.0799085419445866,1.080130550929688,
2026-01-05 20:45:00,1.080130550929688,1.0801585532754467,1.079903634835976,1.080078600366218,
2026-01-05 20:50:00,1.080078600366218,1.080138125648122,1.0800232554727938,1.080046079227705,
2026-01-05 20:55:00,1.080046079227705,1.0801277175438435,1.0797852434857445,1.0799669705401789,
2026-01-05 21:00:00,1.0799669705401789,1.0801668786329517,1.0797109173558688,1.079873451922517,
2026-01-05 21:05:00,1.079873451922517,1.0800610057095963,1.0798398037446917,1.0799865212310509,
2026-01-05 21:10:00,1.0799865212310509,1.0800532696859595,1.0798362712370444,1.0800285184331786,
2026-01-05 21:15:00,1.0800285184331786,1.0802469755325894,1.0798697489303934,1.0801346496486297,
2026-01-05 21:20:00,1.0801346496486297,1.0801696986179248,1.0800053495257729,1.08013376479899,
2026-01-05 21:25:00,1.08013376479899,1.0802867889424264,1.0800097840549618,1.0802174567746612,
2026-01-05 21:30:00,1.0802174567746612,1.080416085746358,1.080121188158038,1.0801501318227626,
2026-01-05 21:35:00,1.0801501318227626,1.0806588342047367,1.0801194224758346,1.0805119992713292,
2026-01-05 21:40:00,1.0805119992713292,1.0805411192646002,1.0801075321805476,1.080258444137518,
2026-01-05 21:45:00,1.080258444137518,1.0805640880309786,1.0802194424053126,1.080463324421632,
2026-01-05 21:50:00,1.080463324421632,1.080736478337352,1.0803997924835047,1.0806855835850788,
2026-01-05 21:55:00,1.0806855835850788,1.0807277136232312,1.0804382047398198,1.080547995326708,
2026-01-05 22:00:00,1.080547995326708,1.081035593544326,1.0804984458654578,1.0809099217699232,
2026-01-05 22:05:00,1.0809099217699232,1.0811828977158475,1.0807477506490242,1.0810718796557124,
2026-01-05 22:10:00,1.0810718796557124,1.081383628387165,1.0809065516114322,1.0812299124019882,
2026-01-05 22:15:00,1.0812299124019882,1.081415612914009,1.0810583266239613,1.0812349977929272,
2026-01-05 22:20:00,1.0812349977929272,1.081299400527265,1.081171385826475,1.0812003080882144,
2026-01-05 22:25:00,1.0812003080882144,1.0813864466458123,1.081069870102643,1.081166887271665,
2026-01-05 22:30:00,1.081166887271665,1.0813440025734382,1.0809944420905768,1.0812307640543786,
2026-01-05 22:35:00,1.0812307640543786,1.0815251698080486,1.0811453845641237,1.0814585795227754,
2026-01-05 22:40:00,1.0814585795227754,1.0816607746902125,1.0813133318546773,1.0814885332393538,
2026-01-05 22:45:00,1.0814885332393538,1.081514928624599,1.0812151623798238,1.081341226642578,
2026-01-05 22:50:00,1.081341226642578,1.0815962103824832,1.081258729091571,1.081475498694538,
2026-01-05 22:55:00,1.081475498694538,1.0817753720019354,1.0814057458253017,1.08162548012563,
2026-01-05 23:00:00,1.08162548012563,1.0818026366545637,1.081487986369052,1.0817322406708756,
2026-01-05 23:05:00,1.0817322406708756,1.0820291814368357,1.081688188326215,1.0818537528916743,
2026-01-05 23:10:00,1.0818537528916743,1.0819170041130788,1.081635506944465,1.0818103289979009,
2026-01-05 23:15:00,1.0818103289979009,1.0819815063687923,1.0815363719997495,1.0816601318191443,
2026-01-05 23:20:00,1.0816601318191443,1.0816942699126342,1.0814797475867624,1.081519818217685,
2026-01-05 23:25:00,1.081519818217685,1.0815686051842213,1.0811084385228389,1.0812550734989737,
2026-01-05 23:30:00,1.0812550734989737,1.0813826223371803,1.081157473239995,1.081294045112078,
2026-01-05 23:35:00,1.081294045112078,1.0814677751043815,1.081224316281557,1.081281050936322,
2026-01-05 23:40:00,1.081281050936322,1.0813270763020448,1.08101723886829,1.0812102313410163,
2026-01-05 23:45:00,1.0812102313410163,1.0813878102241794,1.0805819945502004,1.080731531151503,
2026-01-05 23:50:00,1.080731531151503,1.0807928828262934,1.0804031491808896,1.0805298880330887,
2026-01-05 23:55:00,1.0805298880330887,1.080813560446482,1.080357091940498,1.0807121089347351,
2026-01-06 00:00:00,1.0807121089347351,1.080795601127502,1.0804870176403034,1.0806049142024825,
2026-01-06 00:05:00,1.0806049142024825,1.080705167406658,1.0805054494922623,1.0806639046858677,
2026-01-06 00:10:00,1.0806639046858677,1.080853880438981,1.0803849384494175,1.0804390388841925,
2026-01-06 00:15:00,1.0804390388841925,1.0807716415090631,1.0803914286076712,1.0806727694167275,
2026-01-06 00:20:00,1.0806727694167275,1.0808170290437715,1.080552208501282,1.080649962978229,
2026-01-06 00:25:00,1.080649962978229,1.080821067352941,1.080547887554004,1.0806975191711414,
2026-01-06 00:30:00,1.0806975191711414,1.0811854540137986,1.0805455229202,1.0810751451487652,
2026-01-06 00:35:00,1.0810751451487652,1.08145260560692,1.0809755698469583,1.0813216216346797,
2026-01-06 00:40:00,1.0813216216346797,1.081503323249796,1.0811456703527171,1.0812724390088189,
2026-01-06 00:45:00,1.0812724390088189,1.0814183152364438,1.0810069156479294,1.0811767689822631,
2026-01-06 00:50:00,1.0811767689822631,1.081292615396565,1.0809257148326703,1.081124515077862,
2026-01-06 00:55:00,1.081124515077862,1.0813438818413386,1.081046460521135,1.0812077483684186,
2026-01-06 01:00:00,1.0812077483684186,1.0813368993389103,1.08100887192271,1.0811912237261811,
2026-01-06 01:05:00,1.0811912237261811,1.0812891855435287,1.0809625768579283,1.081127666014862,
2026-01-06 01:10:00,1.081127666014862,1.0814986219393847,1.0810954248106044,1.0813661644175612,
2026-01-06 01:15:00,1.0813661644175612,1.081466006981591,1.0812680312357537,1.0813481798433071,
2026-01-06 01:20:00,1.0813481798433071,1.081878154102241,1.0812887521105372,1.081721783514224,
2026-01-06 01:25:00,1.081721783514224,1.0819314524610382,1.081582194345188,1.081737048214004,
2026-01-06 01:30:00,1.081737048214004,1.0822200905415542,1.081617094369485,1.0820273147772048,
2026-01-06 01:35:00,1.0820273147772048,1.0822535842220904,1.0819182415877386,1.0820858517805338,
2026-01-06 01:40:00,1.0820858517805338,1.0823710216939562,1.0819284103030484,1.0822427050924854,
2026-01-06 01:45:00,1.0822427050924854,1.0823975848503382,1.082045626228744,1.08212562179399,
2026-01-06 01:50:00,1.08212562179399,1.0821776704871364,1.0818986950382548,1.0819875904514544,
2026-01-06 01:55:00,1.0819875904514544,1.0821689667982335,1.0818117763407735,1.0820627434759171,
2026-01-06 02:00:00,1.0820627434759171,1.082290062837098,1.0818677459442505,1.0822237479793997,
2026-01-06 02:05:00,1.0822237479793997,1.0822514531923777,1.082064003658061,1.082230824095778,
2026-01-06 02:10:00,1.082230824095778,1.082424836859219,1.0819634862997412,1.082022559075201,
2026-01-06 02:15:00,1.082022559075201,1.0821980518163343,1.0817620706684248,1.0818023479622143,
2026-01-06 02:20:00,1.0818023479622143,1.0819148137135388,1.0815136746801912,1.081571331606789,
2026-01-06 02:25:00,1.081571331606789,1.0816370790186505,1.0811890418075505,1.0812851388532545,
2026-01-06 02:30:00,1.0812851388532545,1.0814481729223044,1.08122253338826,1.0813034373844683,
2026-01-06 02:35:00,1.0813034373844683,1.0815847347997212,1.0811212499778156,1.0814864706045022,
2026-01-06 02:40:00,1.0814864706045022,1.0816510735205185,1.0813441048778485,1.0814848350001665,
2026-01-06 02:45:00,1.0814848350001665,1.081684748259999,1.0810237358116583,1.0811187470757193,
2026-01-06 02:50:00,1.0811187470757193,1.0812015819450675,1.081019066743952,1.0810883528558672,
2026-01-06 02:55:00,1.0810883528558672,1.081152345403693,1.0809739747135254,1.0810624936944508,
2026-01-06 03:00:00,1.0810624936944508,1.0814711025247636,1.0809568045872848,1.0814029736767805,
2026-01-06 03:05:00,1.0814029736767805,1.081439776001003,1.0810186890751576,1.0811671770985494,
2026-01-06 03:10:00,1.0811671770985494,1.0812581054139194,1.0810682798564102,1.0811043613368914,
2026-01-06 03:15:00,1.0811043613368914,1.081404704647802,1.0809315714077294,1.081381568138313,
2026-01-06 03:20:00,1.081381568138313,1.0814956922720602,1.0813386073327096,1.081455101071728,
2026-01-06 03:25:00,1.081455101071728,1.0816159306099036,1.0813878600569728,1.0815470253753945,
2026-01-06 03:30:00,1.0815470253753945,1.0816149308863074,1.0813481791941555,1.0815661555866438,
2026-01-06 03:35:00,1.0815661555866438,1.081772014723854,1.081511918032516,1.0816202260859438,
2026-01-06 03:40:00,1.0816202260859438,1.0817859449091531,1.0815820204921422,1.0817469360467968,
2026-01-06 03:45:00,1.0817469360467968,1.0819228149857012,1.0814812229726618,1.0816161359270071,
2026-01-06 03:50:00,1.0816161359270071,1.0818189451481175,1.081525372692634,1.0817591445374497,
2026-01-06 03:55:00,1.0817591445374497,1.0817986908485049,1.0815003890824075,1.081536919460576,
2026-01-06 04:00:00,1.081536919460576,1.0816125520766386,1.081516245823473,1.0815907328806411,
2026-01-06 04:05:00,1.0815907328806411,1.0817690096655892,1.0815564837968925,1.0816202727648112,
2026-01-06 04:10:00,1.0816202727648112,1.0816864637790802,1.0814067364777482,1.0815208288819271,
2026-01-06 04:15:00,1.0815208288819271,1.0816325386308518,1.0814561287271085,1.081517689457232,
2026-01-06 04:20:00,1.081517689457232,1.081557780345633,1.0812572822686932,1.081417241652871,
2026-01-06 04:25:00,1.081417241652871,1.0816145949190532,1.0810696012492134,1.0812439528031663,
2026-01-06 04:30:00,1.0812439528031663,1.081286522056199,1.0811410734042652,1.081187143347454,
2026-01-06 04:35:00,1.081187143347454,1.0812812900142497,1.0809279923508386,1.081008655927571,
2026-01-06 04:40:00,1.081008655927571,1.081234836663756,1.0809622725849866,1.081061539753336,
2026-01-06 04:45:00,1.081061539753336,1.0811256194040624,1.0808039946107175,1.0808755992973624,
2026-01-06 04:50:00,1.0808755992973624,1.0810596346672758,1.0808125425019874,1.0809915797459135,
2026-01-06 04:55:00,1.0809915797459135,1.0811571096587738,1.0806389260999452,1.080800561782114,
2026-01-06 05:00:00,1.080800561782114,1.0808697629204085,1.0806271119143118,1.0807092982563544,
2026-01-06 05:05:00,1.0807092982563544,1.0807298150923514,1.080499389433131,1.080608591096905,
2026-01-06 05:10:00,1.080608591096905,1.0809209720683906,1.08046728997792,1.0808239475987025,
2026-01-06 05:15:00,1.0808239475987025,1.080900293494253,1.0806559414018548,1.080878037156511,
2026-01-06 05:20:00,1.080878037156511,1.0810617997676002,1.0807700317248448,1.0808442493611028,
2026-01-06 05:25:00,1.0808442493611028,1.0810611749345318,1.080786589640916,1.0809256485541796,
2026-01-06 05:30:00,1.0809256485541796,1.0810505911220991,1.0803884634905654,1.0805845850978415,
2026-01-06 05:35:00,1.0805845850978415,1.0806408712097968,1.0805005074275444,1.080578133985581,
2026-01-06 05:40:00,1.080578133985581,1.0810484837815593,1.0804373417277284,1.080902493468182,
2026-01-06 05:45:00,1.080902493468182,1.0810663980294648,1.08076048208086,1.0809244921936028,
2026-01-06 05:50:00,1.0809244921936028,1.080966927512067,1.0808119668933949,1.0809360440687603,
2026-01-06 05:55:00,1.0809360440687603,1.0812040143689197,1.0808749235285733,1.0810254619933737,
2026-01-06 06:00:00,1.0810254619933737,1.0812955325502844,1.080979999657602,1.081171238144957,
2026-01-06 06:05:00,1.081171238144957,1.081333882183544,1.0807402236567398,1.0808478865628244,
2026-01-06 06:10:00,1.0808478865628244,1.0809152110958076,1.0804637430918878,1.080575710408496,
2026-01-06 06:15:00,1.080575710408496,1.080652305204268,1.0804165043922764,1.0806103366003124,
2026-01-06 06:20:00,1.0806103366003124,1.080756777523486,1.080347237589969,1.0804950076098805,
2026-01-06 06:25:00,1.0804950076098805,1.0808711132853253,1.0803108401796897,1.0807082144017994,
2026-01-06 06:30:00,1.0807082144017994,1.0807977004378508,1.0804629093042304,1.0806576642053702,
2026-01-06 06:35:00,1.0806576642053702,1.0806819288149272,1.0801936518124833,1.0803446650511992,
2026-01-06 06:40:00,1.0803446650511992,1.0805119507756369,1.0801059688260903,1.0801397408508795,
2026-01-06 06:45:00,1.0801397408508795,1.0801968377540192,1.0796019461130115,1.0796948674086706,
2026-01-06 06:50:00,1.0796948674086706,1.0797758931582122,1.0795279058553728,1.0796574902819442,
2026-01-06 06:55:00,1.0796574902819442,1.079790571863344,1.0795012868636469,1.079627521976508,
2026-01-06 07:00:00,1.079627521976508,1.079665513825966,1.079506664819303,1.0795593247007524,
2026-01-06 07:05:00,1.0795593247007524,1.0797675450321853,1.0794343946494511,1.0797345857942804,
2026-01-06 07:10:00,1.0797345857942804,1.0799538823851655,1.0796516433028618,1.079929255706282,
2026-01-06 07:15:00,1.079929255706282,1.0801142508811252,1.0798211880614057,1.0799021948934773,
2026-01-06 07:20:00,1.0799021948934773,1.0799782437874457,1.0793868797099684,1.0795570009709226,
2026-01-06 07:25:00,1.0795570009709226,1.0797964226118673,1.0794610530023625,1.0796575040251462,
2026-01-06 07:30:00,1.0796575040251462,1.079946049815829,1.0795425727534145,1.079747987471006,
2026-01-06 07:35:00,1.079747987471006,1.079939139414597,1.0796266703560198,1.0797986382717557,
2026-01-06 07:40:00,1.0797986382717557,1.0800726770909914,1.0796772988513823,1.0799581600277373,
2026-01-06 07:45:00,1.0799581600277373,1.0800719256157705,1.0797116596827805,1.0797700215552617,
2026-01-06 07:50:00,1.0797700215552617,1.0801838047877514,1.079642119949895,1.0800959597010291,
2026-01-06 07:55:00,1.0800959597010291,1.0802239200391013,1.079860837500402,1.0799410697500118,
2026-01-06 08:00:00,1.0799410697500118,1.0802555665430131,1.0798031660969845,1.0800629840928948,
2026-01-06 08:05:00,1.0800629840928948,1.0802248320189605,1.0797439667440147,1.0797901923118285,
2026-01-06 08:10:00,1.0797901923118285,1.0798865531028945,1.0794411282338447,1.0796400690408787,
2026-01-06 08:15:00,1.0796400690408787,1.079966046835839,1.0794811012484171,1.079886206766613,
2026-01-06 08:20:00,1.079886206766613,1.0800652424419452,1.0797493809396,1.079844486197627,
2026-01-06 08:25:00,1.079844486197627,1.08002552407633,1.0797702428644715,1.0799810826277172,
2026-01-06 08:30:00,1.0799810826277172,1.0801929347666197,1.07989127826145,1.080020009420366,
2026-01-06 08:35:00,1.080020009420366,1.0800859232374076,1.0798537285304588,1.080003546019558,
2026-01-06 08:40:00,1.080003546019558,1.0803738664741454,1.0798655726156328,1.0802250532117057,
2026-01-06 08:45:00,1.0802250532117057,1.080390172916245,1.08004087061494,1.0801872472671,
2026-01-06 08:50:00,1.0801872472671,1.0802931066402075,1.0797192763034968,1.0798992961586782,
2026-01-06 08:55:00,1.0798992961586782,1.0799539072743838,1.0796675979792505,1.079769731119986,
2026-01-06 09:00:00,1.079769731119986,1.0800316069557876,1.0796292173132656,1.0798595487619644,
2026-01-06 09:05:00,1.0798595487619644,1.0800103062691695,1.0797600773300715,1.07992415476706,
2026-01-06 09:10:00,1.07992415476706,1.0800018772139468,1.079536021171826,1.0796708788258875,
2026-01-06 09:15:00,1.0796708788258875,1.079782681738711,1.0794486489920754,1.079554117246729,
2026-01-06 09:20:00,1.079554117246729,1.0796524327701271,1.0793006616819998,1.0794604611349206,
2026-01-06 09:25:00,1.0794604611349206,1.0796034105339876,1.0793808791390298,1.0794018259612208,
2026-01-06 09:30:00,1.0794018259612208,1.079446521566728,1.0791207860201737,1.0791796139922156,
2026-01-06 09:35:00,1.0791796139922156,1.0792780381299445,1.079005080758921,1.0790784395314508,
2026-01-06 09:40:00,1.0790784395314508,1.0792589458574713,1.0787708802652685,1.0789610512763936,
2026-01-06 09:45:00,1.0789610512763936,1.0791129574835214,1.0788497829580597,1.0790864661958224,
2026-01-06 09:50:00,1.0790864661958224,1.0793203014309978,1.079000882857423,1.0792179805310302,
2026-01-06 09:55:00,1.0792179805310302,1.0793568762849797,1.0791021400154537,1.0791949161962642,
2026-01-06 10:00:00,1.0791949161962642,1.0793747041919317,1.0790306665138791,1.079131994524897,
2026-01-06 10:05:00,1.079131994524897,1.079282065381185,1.0789557850546765,1.079155183860337,
2026-01-06 10:10:00,1.079155183860337,1.07932359102916,1.0788303293220118,1.0790235497778342,
2026-01-06 10:15:00,1.0790235497778342,1.0790836341612469,1.0786665367027504,1.0788384863379037,
2026-01-06 10:20:00,1.0788384863379037,1.0789219920364248,1.078515386168654,1.0786868843860695,
2026-01-06 10:25:00,1.0786868843860695,1.0788764681953766,1.0785288911534108,1.0785847138733828,
2026-01-06 10:30:00,1.0785847138733828,1.0787641893937394,1.078328671685128,1.078397033738045,
2026-01-06 10:35:00,1.078397033738045,1.0785442194874837,1.0782697448855447,1.0784237879505998,
2026-01-06 10:40:00,1.0784237879505998,1.0786479629940988,1.0782856832161805,1.0785423750932956,
2026-01-06 10:45:00,1.0785423750932956,1.0786435672237575,1.0782296949140775,1.078286181881298,
2026-01-06 10:50:00,1.078286181881298,1.078321367564609,1.0781318511442035,1.078290785425527,
2026-01-06 10:55:00,1.078290785425527,1.0784714133042392,1.0781997584893095,1.0782557519288352,
2026-01-06 11:00:00,1.0782557519288352,1.078478794466424,1.078188410012449,1.078311527554909,
2026-01-06 11:05:00,1.078311527554909,1.0784136527609602,1.078234750711536,1.0783099739083726,
2026-01-06 11:10:00,1.0783099739083726,1.0783802731034622,1.0779031455310562,1.0780754239860244,
2026-01-06 11:15:00,1.0780754239860244,1.0781571496951812,1.0777200645154232,1.07787183961686,
2026-01-06 11:20:00,1.07787183961686,1.07791930469778,1.0777563162384296,1.077877135792323,
2026-01-06 11:25:00,1.077877135792323,1.0781939447171287,1.0777095809186583,1.0780440225636936,
2026-01-06 11:30:00,1.0780440225636936,1.0781642231378734,1.0775202450557353,1.0776865721402558,
2026-01-06 11:35:00,1.0776865721402558,1.077805138810798,1.077596402182985,1.0777430001946895,
2026-01-06 11:40:00,1.0777430001946895,1.0780680133435996,1.0775823414829415,1.0779358723406256,
2026-01-06 11:45:00,1.0779358723406256,1.0781321337791916,1.0778545450691306,1.077911668768091,
2026-01-06 11:50:00,1.077911668768091,1.0780432030175964,1.077801087575099,1.0780011718932108,
2026-01-06 11:55:00,1.0780011718932108,1.0781036991951234,1.0778467469261452,1.0778880304376153,
2026-01-06 12:00:00,1.0778880304376153,1.0779969790253812,1.0777724470278705,1.0778692700352768,
2026-01-06 12:05:00,1.0778692700352768,1.0779192935337651,1.077494104926724,1.0776077707652822,
2026-01-06 12:10:00,1.0776077707652822,1.0777234552032615,1.0771950483104844,1.0772294336149093,
2026-01-06 12:15:00,1.0772294336149093,1.0775113952448,1.0771261633177975,1.0773823193382612,
2026-01-06 12:20:00,1.0773823193382612,1.0774306413552486,1.0770863865932336,1.0772236872909664,
2026-01-06 12:25:00,1.0772236872909664,1.077271537592788,1.077020086690815,1.0771506225730691,
2026-01-06 12:30:00,1.0771506225730691,1.0773247653418832,1.0768973895580265,1.0769271732578467,
2026-01-06 12:35:00,1.0769271732578467,1.0770032229964472,1.0766628093451804,1.076699970488644,
2026-01-06 12:40:00,1.076699970488644,1.076833430498318,1.0765891894095123,1.0766724335337845,
2026-01-06 12:45:00,1.0766724335337845,1.076805252687406,1.0763834674802168,1.0765551509103417,
2026-01-06 12:50:00,1.0765551509103417,1.0767877777001638,1.0763785948207716,1.0766167269425588,
2026-01-06 12:55:00,1.0766167269425588,1.0768435303664117,1.076540996626011,1.07669034933279,
2026-01-06 13:00:00,1.07669034933279,1.0769140110666582,1.0765409487574464,1.0767427073086393,
2026-01-06 13:05:00,1.0767427073086393,1.0769143218003976,1.076618777002016,1.0767817831382605,
2026-01-06 13:10:00,1.0767817831382605,1.0771380909126609,1.0765847671316835,1.0770371886237682,
2026-01-06 13:15:00,1.0770371886237682,1.0771280305976043,1.0768282292326272,1.0768652651368391,
2026-01-06 13:20:00,1.0768652651368391,1.0769534904948384,1.0767383114507378,1.0768569299843411,
2026-01-06 13:25:00,1.0768569299843411,1.0771357565382629,1.0767302732075443,1.077040445780639,
2026-01-06 13:30:00,1.077040445780639,1.077288573523109,1.076965065437868,1.0772452978577214,
2026-01-06 13:35:00,1.0772452978577214,1.077341610364502,1.0769876710459798,1.0770161226305284,
2026-01-06 13:40:00,1.0770161226305284,1.0771062227138248,1.0769368217022044,1.0769662005186282,
2026-01-06 13:45:00,1.0769662005186282,1.077212381937593,1.0768645492688722,1.0771861590381957,
2026-01-06 13:50:00,1.0771861590381957,1.0773383187037515,1.0770415137560958,1.077268795167793,
2026-01-06 13:55:00,1.077268795167793,1.0774562301512385,1.0771227635263485,1.0773008868957852,
2026-01-06 14:00:00,1.0773008868957852,1.077424917098639,1.077213674743133,1.0772662493160825,
2026-01-06 14:05:00,1.0772662493160825,1.0774313594654985,1.0770303363505631,1.077204771335944,
2026-01-06 14:10:00,1.077204771335944,1.077369565458937,1.0771168820992696,1.0772518816109484,
2026-01-06 14:15:00,1.0772518816109484,1.077425616688734,1.0770180541910148,1.0772116404133698,
2026-01-06 14:20:00,1.0772116404133698,1.077374932491298,1.0771640303757253,1.077205299109922,
2026-01-06 14:25:00,1.077205299109922,1.077256229057957,1.0770347372641675,1.0772185378353314,
2026-01-06 14:30:00,1.0772185378353314,1.0774143989815743,1.0769260164110634,1.0771095172786476,
2026-01-06 14:35:00,1.0771095172786476,1.0772186880902244,1.0769414356839415,1.077196033549782,
2026-01-06 14:40:00,1.077196033549782,1.0777949880815445,1.0770304421443662,1.0776675572347172,
2026-01-06 14:45:00,1.0776675572347172,1.0778302093063945,1.0772958482741974,1.0773808840769703,
2026-01-06 14:50:00,1.0773808840769703,1.077513527746351,1.0772324823177606,1.077433786801178,
2026-01-06 14:55:00,1.077433786801178,1.0775615293637912,1.0771871919064189,1.077311474288301,
2026-01-06 15:00:00,1.077311474288301,1.077490505450454,1.0772150680446433,1.0774053233949017,
2026-01-06 15:05:00,1.0774053233949017,1.0774442970136755,1.0772065632896115,1.0774133863181743,
2026-01-06 15:10:00,1.0774133863181743,1.0775585800753156,1.077341104468908,1.0775370570018794,
2026-01-06 15:15:00,1.0775370570018794,1.0777646855672685,1.0774426910778856,1.0777276104018485,
2026-01-06 15:20:00,1.0777276104018485,1.0777969700899224,1.0775450954151276,1.0777592563629808,
2026-01-06 15:25:00,1.0777592563629808,1.0780727830083812,1.077687234872743,1.0779428228484502,
2026-01-06 15:30:00,1.0779428228484502,1.0780574785900234,1.0775168927996868,1.07756437540527,
2026-01-06 15:35:00,1.07756437540527,1.0779240005877475,1.0774885754503294,1.0778220171937165,
2026-01-06 15:40:00,1.0778220171937165,1.078027741243302,1.0776653410918382,1.0778831953776935,
2026-01-06 15:45:00,1.0778831953776935,1.0780810455856016,1.0777084216559474,1.0780580168809393,
2026-01-06 15:50:00,1.0780580168809393,1.078126793907594,1.0778207092365033,1.0778613093342753,
2026-01-06 15:55:00,1.0778613093342753,1.078021240025907,1.0775956300771814,1.0777275383597749,
2026-01-06 16:00:00,1.0777275383597749,1.077935465630651,1.0776054267167678,1.077751669751478,
2026-01-06 16:05:00,1.077751669751478,1.0778505703388008,1.0776090706361452,1.0777494542375377,
2026-01-06 16:10:00,1.0777494542375377,1.07783042277568,1.0776086640907347,1.077795755659255,
2026-01-06 16:15:00,1.077795755659255,1.0781354129557223,1.0776030515146071,1.0779716417826612,
2026-01-06 16:20:00,1.0779716417826612,1.0781509724606504,1.07760441453719,1.077686789794707,
2026-01-06 16:25:00,1.077686789794707,1.0779392198560758,1.0776128317487943,1.077844761007351,
2026-01-06 16:30:00,1.077844761007351,1.077910442869062,1.077720140455903,1.0778466389233563,
2026-01-06 16:35:00,1.0778466389233563,1.0778745538236365,1.0777169361721035,1.0778142314947667,
2026-01-06 16:40:00,1.0778142314947667,1.0779406264027078,1.0774716824133668,1.077576958182383,
2026-01-06 16:45:00,1.077576958182383,1.0778425876358717,1.0775444883235523,1.0776588111275704,
2026-01-06 16:50:00,1.0776588111275704,1.077800830972164,1.0772224991278363,1.077269182719688,
2026-01-06 16:55:00,1.077269182719688,1.0774516054826992,1.077080815231101,1.077374500735078,
2026-01-06 17:00:00,1.077374500735078,1.0775102206334504,1.0771016403064202,1.0771339327677207,
2026-01-06 17:05:00,1.0771339327677207,1.077312880886859,1.0770077065610382,1.0771431085735184,
2026-01-06 17:10:00,1.0771431085735184,1.0772487579842012,1.0769685695186615,1.0771243930238847,
2026-01-06 17:15:00,1.0771243930238847,1.0774814636946837,1.0771022575887654,1.077313908966484,
2026-01-06 17:20:00,1.077313908966484,1.077404452708284,1.077225483174569,1.077285577841197,
2026-01-06 17:25:00,1.077285577841197,1.077368308863344,1.0770860814826428,1.0771739544481955,
2026-01-06 17:30:00,1.0771739544481955,1.077298892400854,1.0769814140795204,1.0770926412199928,
2026-01-06 17:35:00,1.0770926412199928,1.0774024949580296,1.0770111540669367,1.0772988514028443,
2026-01-06 17:40:00,1.0772988514028443,1.0775819365436263,1.0771620315363777,1.0773860563979434,
2026-01-06 17:45:00,1.0773860563979434,1.0774990064941783,1.0772635244545128,1.0773242760076178,
2026-01-06 17:50:00,1.0773242760076178,1.0774136069728226,1.0772620189795767,1.077286605908134,
2026-01-06 17:55:00,1.077286605908134,1.077377693945897,1.0770136465661306,1.077033929355278,
2026-01-06 18:00:00,1.077033929355278,1.0772158589077012,1.076951737193127,1.0770972297165908,
2026-01-06 18:05:00,1.0770972297165908,1.0771811138834324,1.0767283824493288,1.0768134817531838,
2026-01-06 18:10:00,1.0768134817531838,1.0770855819417748,1.076622733012054,1.0769354587534212,
2026-01-06 18:15:00,1.0769354587534212,1.0770452943321525,1.0769073982251676,1.076956775005166,
2026-01-06 18:20:00,1.076956775005166,1.077432125291194,1.0768413632943417,1.0773429793016196,
2026-01-06 18:25:00,1.0773429793016196,1.0774740344865077,1.0770417426586685,1.0771657490552358,
2026-01-06 18:30:00,1.0771657490552358,1.077196701492321,1.0770038306422989,1.0771497001444403,
2026-01-06 18:35:00,1.0771497001444403,1.0775787956996232,1.077014727916415,1.0774408318143625,
2026-01-06 18:40:00,1.0774408318143625,1.0777448306130235,1.077419366705492,1.077633935613935,
2026-01-06 18:45:00,1.077633935613935,1.0777354803145067,1.077388206609717,1.0775219409909305,
2026-01-06 18:50:00,1.0775219409909305,1.077708145389254,1.0774439111617846,1.0775586798509265,
2026-01-06 18:55:00,1.0775586798509265,1.077716027834951,1.077399563437884,1.07755954179419,
2026-01-06 19:00:00,1.07755954179419,1.0777779821513334,1.0775056360246855,1.0776056551959192,
2026-01-06 19:05:00,1.0776056551959192,1.0776931197576665,1.0773443475444315,1.0774932645617874,
2026-01-06 19:10:00,1.0774932645617874,1.077572131346393,1.0773467779181365,1.0774793670782006,
2026-01-06 19:15:00,1.0774793670782006,1.0776279486564695,1.077084244013686,1.077221656373045,
2026-01-06 19:20:00,1.077221656373045,1.077368753777135,1.0771699857893693,1.0772440289024898,
2026-01-06 19:25:00,1.0772440289024898,1.0774510116062184,1.07710357758225,1.0773172873278751,
2026-01-06 19:30:00,1.0773172873278751,1.077437281451154,1.0771284200518407,1.0772810761653964,
2026-01-06 19:35:00,1.0772810761653964,1.077440160909573,1.0769125728739446,1.0770206667209674,
2026-01-06 19:40:00,1.0770206667209674,1.077235124898875,1.0769394008980298,1.0771809175389464,
2026-01-06 19:45:00,1.0771809175389464,1.0773603848654063,1.0771309376660745,1.0772403566815127,
2026-01-06 19:50:00,1.0772403566815127,1.0772888150035227,1.077051394821875,1.077123587716395,
2026-01-06 19:55:00,1.077123587716395,1.0772168930654673,1.076921301900501,1.0770787910057424,
2026-01-06 20:00:00,1.0770787910057424,1.0772183098939574,1.076743213701584,1.0768369058320024,
2026-01-06 20:05:00,1.0768369058320024,1.076945658721499,1.0765253386010836,1.0766718269846425,
2026-01-06 20:10:00,1.0766718269846425,1.0767601534612432,1.0764322953933905,1.07658551183189,
2026-01-06 20:15:00,1.07658551183189,1.0769637381092936,1.0764441611915478,1.0767844435090388,
2026-01-06 20:20:00,1.0767844435090388,1.0769435521376485,1.0765404587920244,1.0766816957082874,
2026-01-06 20:25:00,1.0766816957082874,1.0769003673563429,1.0765517502315087,1.0767856350150429,
2026-01-06 20:30:00,1.0767856350150429,1.0769766445830644,1.07658591324551,1.0766992292016784,
2026-01-06 20:35:00,1.0766992292016784,1.0768361988103805,1.0766436221980418,1.076739813058282,
2026-01-06 20:40:00,1.076739813058282,1.076901666185248,1.0765458101244534,1.0767175147340993,
2026-01-06 20:45:00,1.0767175147340993,1.0769092962198874,1.0765239471830514,1.0768590676967231,
2026-01-06 20:50:00,1.0768590676967231,1.076930510342603,1.0766692549505137,1.0767732220823216,
2026-01-06 20:55:00,1.0767732220823216,1.0768540774869615,1.0763318188723885,1.0765198018484476,
2026-01-06 21:00:00,1.0765198018484476,1.0765588495839344,1.0760975697830109,1.076297208799801,
2026-01-06 21:05:00,1.076297208799801,1.0764075336665146,1.076104366327301,1.0762118815915669,
2026-01-06 21:10:00,1.0762118815915669,1.0762664884157096,1.0758604165405328,1.0760108005078075,
2026-01-06 21:15:00,1.0760108005078075,1.076211702927472,1.0758749182469227,1.076077549467371,
2026-01-06 21:20:00,1.076077549467371,1.0761317660920942,1.0759402020281787,1.076002909695059,
2026-01-06 21:25:00,1.076002909695059,1.0764290098136504,1.075974433595183,1.0763867786873291,
2026-01-06 21:30:00,1.0763867786873291,1.0765812142982971,1.0760051813951257,1.0761067853511368,
2026-01-06 21:35:00,1.0761067853511368,1.0762786768349517,1.0759450884516055,1.0761401935799055,
2026-01-06 21:40:00,1.0761401935799055,1.076328754744553,1.0758801473841264,1.0759586716234106,
2026-01-06 21:45:00,1.0759586716234106,1.0760668514259697,1.07571838162235,1.0758795805921646,
2026-01-06 21:50:00,1.0758795805921646,1.07592895377747,1.0757417162894112,1.0759029413341188,
2026-01-06 21:55:00,1.0759029413341188,1.0760263281447964,1.0753830660119836,1.0755282634553107,
2026-01-06 22:00:00,1.0755282634553107,1.0756875080942694,1.0754568300954028,1.075567008894639,
2026-01-06 22:05:00,1.075567008894639,1.0758972919334044,1.0754624003657272,1.075874596324336,
2026-01-06 22:10:00,1.075874596324336,1.0760496198923282,1.0757492536177624,1.075801960301767,
2026-01-06 22:15:00,1.075801960301767,1.0759760190335528,1.0757375758067127,1.075844424311042,
2026-01-06 22:20:00,1.075844424311042,1.076164417884603,1.0758082513032852,1.076010373474115,
2026-01-06 22:25:00,1.076010373474115,1.0761192792732237,1.0759416302284446,1.075984449441578,
2026-01-06 22:30:00,1.075984449441578,1.0761157618804016,1.0758333334269303,1.0758912258532038,
2026-01-06 22:35:00,1.0758912258532038,1.075957570433985,1.0754001174109706,1.0755245595690184,
2026-01-06 22:40:00,1.0755245595690184,1.0758237889420454,1.0754251415674998,1.0756285125438472,
2026-01-06 22:45:00,1.0756285125438472,1.0757206421452057,1.0755427423165886,1.0756107914288504,
2026-01-06 22:50:00,1.0756107914288504,1.0756600102206912,1.075272953269327,1.0754479535097683,
2026-01-06 22:55:00,1.0754479535097683,1.075498978439252,1.075333426925327,1.0754689136639446,
2026-01-06 23:00:00,1.0754689136639446,1.0756034246119,1.0751891362561237,1.075375295961378,
2026-01-06 23:05:00,1.075375295961378,1.0755723043345895,1.0751563048303394,1.0752905985235497,
2026-01-06 23:10:00,1.0752905985235497,1.0755701745511983,1.0752677567561744,1.0753889315417662,
2026-01-06 23:15:00,1.0753889315417662,1.0755353103639138,1.0749891729288807,1.0751735985532636,
2026-01-06 23:20:00,1.0751735985532636,1.0755413639817184,1.0749992551528411,1.0753430563544997,
2026-01-06 23:25:00,1.0753430563544997,1.0754931654416673,1.0749838199081283,1.0751181687282292,
2026-01-06 23:30:00,1.0751181687282292,1.0751992339304417,1.0748955799569564,1.0750118391969878,
2026-01-06 23:35:00,1.0750118391969878,1.0754507193348872,1.0749103125037904,1.0753225000709363,
2026-01-06 23:40:00,1.0753225000709363,1.075539251685782,1.0752157085986982,1.0755048936901346,
2026-01-06 23:45:00,1.0755048936901346,1.0755810804498311,1.075346433974783,1.0755211776015912,
2026-01-06 23:50:00,1.0755211776015912,1.0756163348440584,1.0752576264760654,1.07536999196449,
2026-01-06 23:55:00,1.07536999196449,1.075426319293331,1.0752334740166265,1.075285158462393,
2026-01-07 00:00:00,1.075285158462393,1.0754891451373756,1.075254686500302,1.0752975149547066,
2026-01-07 00:05:00,1.0752975149547066,1.0755033124742444,1.075254801424975,1.0753041049194303,
2026-01-07 00:10:00,1.0753041049194303,1.075390873385052,1.0752247261820436,1.0752899855816342,
2026-01-07 00:15:00,1.0752899855816342,1.0754376467991282,1.075199358009872,1.075285550151731,
2026-01-07 00:20:00,1.075285550151731,1.0753789488832506,1.0750708762824244,1.075251511164616,
2026-01-07 00:25:00,1.075251511164616,1.0752966228214054,1.074956464650888,1.075019500352684,
2026-01-07 00:30:00,1.075019500352684,1.0751001471852704,1.0748592244388766,1.0749367521793172,
2026-01-07 00:35:00,1.0749367521793172,1.0751467811955862,1.0748766095622024,1.0750847742898173,
2026-01-07 00:40:00,1.0750847742898173,1.0751638283694906,1.07474643953307,1.0748646730604372,
2026-01-07 00:45:00,1.0748646730604372,1.0749233769643487,1.074703573328339,1.074834648933672,
2026-01-07 00:50:00,1.074834648933672,1.0748748710551024,1.074587246465749,1.0747030294214908,
2026-01-07 00:55:00,1.0747030294214908,1.074780654345879,1.0745116952242717,1.074721517228594,
2026-01-07 01:00:00,1.074721517228594,1.0749045534943231,1.0744602374747645,1.074659405517942,
2026-01-07 01:05:00,1.074659405517942,1.074933463508685,1.0744886742397772,1.0748981236070452,
2026-01-07 01:10:00,1.0748981236070452,1.075058799188603,1.0747331703009648,1.074980342992727,
2026-01-07 01:15:00,1.074980342992727,1.0750954639737371,1.0746834872944158,1.0747693767942308,
2026-01-07 01:20:00,1.0747693767942308,1.074961944255851,1.0746450157631215,1.0748781319777387,
2026-01-07 01:25:00,1.0748781319777387,1.0749913012548422,1.0746705131242342,1.074753778159645,
2026-01-07 01:30:00,1.074753778159645,1.0747815937704872,1.0745001161086023,1.0746613001609135,
2026-01-07 01:35:00,1.0746613001609135,1.074849168615087,1.074610370555877,1.0747124260810814,
2026-01-07 01:40:00,1.0747124260810814,1.0748338522653615,1.0745746923534514,1.0746336932620244,
2026-01-07 01:45:00,1.0746336932620244,1.0749207381585226,1.0746067283292675,1.0747781642306689,
2026-01-07 01:50:00,1.0747781642306689,1.0749002706375177,1.074524235693792,1.0746538448349927,
2026-01-07 01:55:00,1.0746538448349927,1.0747526674798291,1.0744106768631276,1.0745546137497095,
2026-01-07 02:00:00,1.0745546137497095,1.0746376392273227,1.074428755014868,1.0744493602263898,
2026-01-07 02:05:00,1.0744493602263898,1.074510118560608,1.0742467973066825,1.0743587387442015,
2026-01-07 02:10:00,1.0743587387442015,1.0746464417151176,1.074270901327273,1.0745364295242923,
2026-01-07 02:15:00,1.0745364295242923,1.0746630107431547,1.0743738009835648,1.0746383213017268,
2026-01-07 02:20:00,1.0746383213017268,1.0749936131550957,1.074611320967447,1.074914529806038,
2026-01-07 02:25:00,1.074914529806038,1.0754227752053165,1.0748857879820506,1.0752807581924746,
2026-01-07 02:30:00,1.0752807581924746,1.075320327259618,1.0749834244341865,1.075115062071957,
2026-01-07 02:35:00,1.075115062071957,1.075158276418563,1.0749885670781325,1.0751269559949457,
2026-01-07 02:40:00,1.0751269559949457,1.075264348143898,1.074768229291729,1.074937825495869,
2026-01-07 02:45:00,1.074937825495869,1.0750294249456749,1.0746863804704532,1.0748129885105016,
2026-01-07 02:50:00,1.0748129885105016,1.0749773170170804,1.074521060787596,1.0747119475367426,
2026-01-07 02:55:00,1.0747119475367426,1.0749006635714575,1.074465488537354,1.0745420777729564,
2026-01-07 03:00:00,1.0745420777729564,1.0747343450546285,1.0742814579107705,1.0743730837639234,
2026-01-07 03:05:00,1.0743730837639234,1.0744696904776243,1.0741543874627182,1.0743503689026888,
2026-01-07 03:10:00,1.0743503689026888,1.0744179478030582,1.0741154922256488,1.0741548465894557,
2026-01-07 03:15:00,1.0741548465894557,1.074420628991262,1.0739915837158804,1.0742910785182882,
2026-01-07 03:20:00,1.0742910785182882,1.0744241532449552,1.074121653234791,1.07414373560343,
2026-01-07 03:25:00,1.07414373560343,1.0747290725281884,1.0740361632185371,1.074597050439695,
2026-01-07 03:30:00,1.074597050439695,1.074674970590164,1.074477219284404,1.0745248317051304,
2026-01-07 03:35:00,1.0745248317051304,1.0745684520604208,1.0743970365984592,1.0745369767478656,
2026-01-07 03:40:00,1.0745369767478656,1.0745947776188542,1.074165079799683,1.07432875039423,
2026-01-07 03:45:00,1.07432875039423,1.0746520538901465,1.074302802779807,1.0746042583931024,
2026-01-07 03:50:00,1.0746042583931024,1.0748275660298157,1.0745547793023158,1.0747852639675746,
2026-01-07 03:55:00,1.0747852639675746,1.0750204015684204,1.074703594098965,1.0748336705706274,
2026-01-07 04:00:00,1.0748336705706274,1.074856163146903,1.0745510476878344,1.0746170915016884,
2026-01-07 04:05:00,1.0746170915016884,1.074779921691064,1.0745281119215233,1.0746515872980016,
2026-01-07 04:10:00,1.0746515872980016,1.0748421325812347,1.0742800312949468,1.074471367588914,
2026-01-07 04:15:00,1.074471367588914,1.0747924291859652,1.0744331504859748,1.0747076196230163,
2026-01-07 04:20:00,1.0747076196230163,1.074953489776958,1.0746114288434565,1.074838612120907,
2026-01-07 04:25:00,1.074838612120907,1.0749997779521585,1.0747363356740176,1.074854536892733,
2026-01-07 04:30:00,1.074854536892733,1.0749316274377714,1.0743918719083063,1.0744623334776355,
2026-01-07 04:35:00,1.0744623334776355,1.074568310835423,1.0742342546247547,1.0743043858051384,
2026-01-07 04:40:00,1.0743043858051384,1.0745828369629773,1.0741557304160236,1.0744157584499174,
2026-01-07 04:45:00,1.0744157584499174,1.074765948760525,1.0742845465582402,1.0746117847407746,
2026-01-07 04:50:00,1.0746117847407746,1.0749566469467589,1.0744454749772223,1.07479112605269,
2026-01-07 04:55:00,1.07479112605269,1.0749888472821432,1.0744421185662,1.074535031746246,
2026-01-07 05:00:00,1.074535031746246,1.0746708333605948,1.0744058237613896,1.0745841744151063,
2026-01-07 05:05:00,1.0745841744151063,1.0749028891713277,1.0744033285497834,1.0747484127439992,
2026-01-07 05:10:00,1.0747484127439992,1.0748769139660777,1.0743084000804408,1.0744816392053498,
2026-01-07 05:15:00,1.0744816392053498,1.0746216280634495,1.0742952982472769,1.0744809024579267,
2026-01-07 05:20:00,1.0744809024579267,1.0746787536940212,1.0744124869538716,1.0745255763911512,
2026-01-07 05:25:00,1.0745255763911512,1.0746805280282017,1.0742802620242795,1.0744776378374954,
2026-01-07 05:30:00,1.0744776378374954,1.0746570719643684,1.0740127502317864,1.0741797004165714,
2026-01-07 05:35:00,1.0741797004165714,1.074262578318114,1.0739646946123802,1.0741277600174677,
2026-01-07 05:40:00,1.0741277600174677,1.074265386661568,1.0739353990241631,1.0740755631723358,
2026-01-07 05:45:00,1.0740755631723358,1.0741460154500233,1.0738552560853518,1.074052244320559,
2026-01-07 05:50:00,1.074052244320559,1.0741792666874797,1.0738625240942885,1.073962005475337,
2026-01-07 05:55:00,1.073962005475337,1.074117217000568,1.073737700984025,1.0738911780588822,
2026-01-07 06:00:00,1.0738911780588822,1.0740535582543913,1.0737395329546675,1.0738853189865056,
2026-01-07 06:05:00,1.0738853189865056,1.074052752566307,1.0737335429833452,1.073957130155769,
2026-01-07 06:10:00,1.073957130155769,1.0740686997959454,1.073753363369203,1.0739086270357532,
2026-01-07 06:15:00,1.0739086270357532,1.0739887200089635,1.073788841096449,1.0738431771568504,
2026-01-07 06:20:00,1.0738431771568504,1.073909016794508,1.073760347892304,1.073858590252131,
2026-01-07 06:25:00,1.073858590252131,1.0739254833850655,1.0734591470706811,1.0735497527899298,
2026-01-07 06:30:00,1.0735497527899298,1.0738112951541057,1.0733951128234134,1.0736271104932238,
2026-01-07 06:35:00,1.0736271104932238,1.0737031711410547,1.0734781858575944,1.073627556623421,
2026-01-07 06:40:00,1.073627556623421,1.0738299425491946,1.0734575507064783,1.0736344858691564,
2026-01-07 06:45:00,1.0736344858691564,1.073853221590911,1.0734725524207362,1.073789755535572,
2026-01-07 06:50:00,1.073789755535572,1.0739399083313186,1.073348515241413,1.0734758013397032,
2026-01-07 06:55:00,1.0734758013397032,1.073599103932546,1.0731133648030498,1.0731585555306176,
2026-01-07 07:00:00,1.0731585555306176,1.073348604886964,1.0730241735839556,1.0732031682780496,
2026-01-07 07:05:00,1.0732031682780496,1.0733390807084393,1.0730228885340307,1.0732025592050856,
2026-01-07 07:10:00,1.0732025592050856,1.0733777060645422,1.0730667878196751,1.0732304913194946,
2026-01-07 07:15:00,1.0732304913194946,1.0734134897882128,1.0729754223887908,1.0731566351459347,
2026-01-07 07:20:00,1.0731566351459347,1.073385544948983,1.07295680560267,1.0732641204396918,
2026-01-07 07:25:00,1.0732641204396918,1.0734470256018445,1.0731794640377474,1.0734148128209218,
2026-01-07 07:30:00,1.0734148128209218,1.0735620280388656,1.073264620675939,1.073493279460665,
2026-01-07 07:35:00,1.073493279460665,1.0736407588771386,1.0733346248145852,1.0734518173684533,
2026-01-07 07:40:00,1.0734518173684533,1.0735607508014888,1.0730111371918698,1.0731130321159972,
2026-01-07 07:45:00,1.0731130321159972,1.0733561368452562,1.0730498560418325,1.0732373974883846,
2026-01-07 07:50:00,1.0732373974883846,1.0735620174445484,1.0731731328611054,1.07343463296258,
2026-01-07 07:55:00,1.07343463296258,1.0736278317166816,1.0733813379509631,1.0735389584475443,
2026-01-07 08:00:00,1.0735389584475443,1.07369825964206,1.0732641878975369,1.0733978549287069,
2026-01-07 08:05:00,1.0733978549287069,1.0736571208621908,1.0733522853713109,1.0735068845830895,
2026-01-07 08:10:00,1.0735068845830895,1.0737945719285371,1.0734092350185225,1.0736459980343425,
2026-01-07 08:15:00,1.0736459980343425,1.074046362690231,1.0735317980512735,1.0738976068589048,
2026-01-07 08:20:00,1.0738976068589048,1.0740778712992023,1.0736581429516003,1.0737570251574944,
2026-01-07 08:25:00,1.0737570251574944,1.0738841958577945,1.073547201744788,1.0737210890572133,
2026-01-07 08:30:00,1.0737210890572133,1.0740360599836236,1.0736213185724504,1.0738419869877145,
2026-01-07 08:35:00,1.0738419869877145,1.0738932260382512,1.073807077210981,1.0738517713550608,
2026-01-07 08:40:00,1.0738517713550608,1.0739855239708478,1.0734737507211138,1.073672346638525,
2026-01-07 08:45:00,1.073672346638525,1.0738887066689158,1.0735002495921342,1.0737396598906472,
2026-01-07 08:50:00,1.0737396598906472,1.0739393003180209,1.073600852063274,1.0738334006440489,
2026-01-07 08:55:00,1.0738334006440489,1.0739199837954183,1.0736772623923032,1.0738481062858565,
2026-01-07 09:00:00,1.0738481062858565,1.0740030206804627,1.0738050319599004,1.0738840139389747,
2026-01-07 09:05:00,1.0738840139389747,1.073969668521427,1.07368501398609,1.0738428786490286,
2026-01-07 09:10:00,1.0738428786490286,1.0742652003207118,1.0737854838395204,1.0740815579879197,
2026-01-07 09:15:00,1.0740815579879197,1.0741657806221756,1.073828976525553,1.0739369922288766,
2026-01-07 09:20:00,1.0739369922288766,1.073988619487563,1.0737908845915487,1.0738429214936271,
2026-01-07 09:25:00,1.0738429214936271,1.0739689779701855,1.0736872402000472,1.0738452279249555,
2026-01-07 09:30:00,1.0738452279249555,1.074078632006702,1.0737809598264636,1.0739873533402535,
2026-01-07 09:35:00,1.0739873533402535,1.0740246150063175,1.0736811158090958,1.0737466933244242,
2026-01-07 09:40:00,1.0737466933244242,1.0738683649476035,1.0734965517870865,1.0735362118099678,
2026-01-07 09:45:00,1.0735362118099678,1.0736530241639777,1.0730589530943209,1.0732086622565744,
2026-01-07 09:50:00,1.0732086622565744,1.073265637672015,1.073135410223034,1.0732144621964212,
2026-01-07 09:55:00,1.0732144621964212,1.073342037066834,1.07292169611355,1.0730349865159263,
2026-01-07 10:00:00,1.0730349865159263,1.0731571111312206,1.072893825589069,1.072973629429395,
2026-01-07 10:05:00,1.072973629429395,1.0732398677255064,1.072814183202807,1.073080617453359,
2026-01-07 10:10:00,1.073080617453359,1.0731657000407306,1.0729171277936258,1.0729778948517947,
2026-01-07 10:15:00,1.0729778948517947,1.073080432794132,1.0727885446417864,1.0730156560798727,
2026-01-07 10:20:00,1.0730156560798727,1.0732068756595274,1.0728901733106664,1.0729680145061464,
2026-01-07 10:25:00,1.0729680145061464,1.0731977492258655,1.072929321214314,1.0730767300717647,
2026-01-07 10:30:00,1.0730767300717647,1.0731786318973386,1.073013475129858,1.0731537467047394,
2026-01-07 10:35:00,1.0731537467047394,1.0733214748078794,1.0730095969530558,1.0730429063202878,
2026-01-07 10:40:00,1.0730429063202878,1.0730983227712532,1.0729119246149386,1.0730162975865172,
2026-01-07 10:45:00,1.0730162975865172,1.0733463269187262,1.072951252366787,1.07318484038155,
2026-01-07 10:50:00,1.07318484038155,1.0733956330250416,1.07300535209355,1.0732487037881535,
2026-01-07 10:55:00,1.0732487037881535,1.0734430902585208,1.0729112875518017,1.0730243707034413,
2026-01-07 11:00:00,1.0730243707034413,1.0733242408553731,1.07296236438267,1.073130436581086,
2026-01-07 11:05:00,1.073130436581086,1.0731998304935242,1.0728551693004873,1.0729563979598702,
2026-01-07 11:10:00,1.0729563979598702,1.0733422543020434,1.0729011189908848,1.0731842933774232,
2026-01-07 11:15:00,1.0731842933774232,1.0734267336489365,1.0731321220897567,1.073349699733496,
2026-01-07 11:20:00,1.073349699733496,1.0735301653488216,1.073275581568872,1.0733969097198324,
2026-01-07 11:25:00,1.0733969097198324,1.0735503570121494,1.073357415456174,1.0734227627168575,
2026-01-07 11:30:00,1.0734227627168575,1.0734525805496693,1.0733356863852856,1.0733896429419296,
2026-01-07 11:35:00,1.0733896429419296,1.0735203660535175,1.0732007945047906,1.0734994333385472,
2026-01-07 11:40:00,1.0734994333385472,1.0735298308611745,1.0733002427213336,1.0734402671955792,
2026-01-07 11:45:00,1.0734402671955792,1.0735217647012552,1.073254468716157,1.0734787351326995,
2026-01-07 11:50:00,1.0734787351326995,1.073686059022881,1.0734125026832353,1.0736196815744383,
2026-01-07 11:55:00,1.0736196815744383,1.073802933514622,1.0733554847664792,1.0735297471669234,
2026-01-07 12:00:00,1.0735297471669234,1.0736431010484857,1.0733458541771288,1.0734310632823625,
2026-01-07 12:05:00,1.0734310632823625,1.0735945037953538,1.073193351679726,1.0732393067763282,
2026-01-07 12:10:00,1.0732393067763282,1.0734102028917074,1.0729036446139015,1.0730684918919022,
2026-01-07 12:15:00,1.0730684918919022,1.0732207816496486,1.0727440325989337,1.072774769622669,
2026-01-07 12:20:00,1.072774769622669,1.0729832031065945,1.0726818961116606,1.0728927537841988,
2026-01-07 12:25:00,1.0728927537841988,1.0733599402616696,1.072725277143867,1.0731844455707782,
2026-01-07 12:30:00,1.0731844455707782,1.073568021890725,1.0730533522841978,1.0734144529351273,
2026-01-07 12:35:00,1.0734144529351273,1.07356822019494,1.073039950225592,1.073153202050764,
2026-01-07 12:40:00,1.073153202050764,1.0734527104250462,1.0730695479448933,1.0732704270461564,
2026-01-07 12:45:00,1.0732704270461564,1.0736276933450766,1.0732369169966864,1.0734999339200342,
2026-01-07 12:50:00,1.0734999339200342,1.0736150773174271,1.073228540373339,1.0734269153308256,
2026-01-07 12:55:00,1.0734269153308256,1.0736240158976171,1.073375456060015,1.0734437866372497,
2026-01-07 13:00:00,1.0734437866372497,1.0735455897483193,1.07305511230632,1.0731210678318155,
2026-01-07 13:05:00,1.0731210678318155,1.0733306240284044,1.0730586029945666,1.0731645413031192,
2026-01-07 13:10:00,1.0731645413031192,1.0731942336479994,1.0728104558142204,1.072993885267424,
2026-01-07 13:15:00,1.072993885267424,1.0730467855246857,1.0728364213567336,1.0730265533346834,
2026-01-07 13:20:00,1.0730265533346834,1.0731416459828125,1.0726735179503186,1.0727758373142178,
2026-01-07 13:25:00,1.0727758373142178,1.0728969822214738,1.0725838611681064,1.072863732080587,
2026-01-07 13:30:00,1.072863732080587,1.0732249333806707,1.0728342310720451,1.0730291556382492,
2026-01-07 13:35:00,1.0730291556382492,1.0730501458495765,1.0727227826015198,1.0729036432701398,
2026-01-07 13:40:00,1.0729036432701398,1.0730529102047095,1.0726903470541618,1.0727212239745856,
2026-01-07 13:45:00,1.0727212239745856,1.0727850332198272,1.0722844909768623,1.0723748945021303,
2026-01-07 13:50:00,1.0723748945021303,1.0725690538630794,1.072302856368613,1.0723325772467207,
2026-01-07 13:55:00,1.0723325772467207,1.0724212547438337,1.0720397537099458,1.0722395681284622,
2026-01-07 14:00:00,1.0722395681284622,1.0722644791451896,1.071806083371994,1.071990673482444,
2026-01-07 14:05:00,1.071990673482444,1.072088905209424,1.0718654096704998,1.0720640567716504,
2026-01-07 14:10:00,1.0720640567716504,1.072183663978561,1.0719330236252829,1.0719922356486025,
2026-01-07 14:15:00,1.0719922356486025,1.072189843804828,1.0717499884336208,1.0718198084241564,
2026-01-07 14:20:00,1.0718198084241564,1.0720161676604645,1.0716302699386235,1.071731187744514,
2026-01-07 14:25:00,1.071731187744514,1.0719846692427166,1.0716530873116652,1.0719039601077045,
2026-01-07 14:30:00,1.0719039601077045,1.0721083307237496,1.0718801236047262,1.0720014440668957,
2026-01-07 14:35:00,1.0720014440668957,1.072039526111939,1.0718429459608771,1.0719810720423382,
2026-01-07 14:40:00,1.0719810720423382,1.0721951548686257,1.0718506550196014,1.072081163034547,
2026-01-07 14:45:00,1.072081163034547,1.0722091093223758,1.0717122505330383,1.0718950264596177,
2026-01-07 14:50:00,1.0718950264596177,1.071965958124809,1.0717891927323986,1.0719007670249991,
2026-01-07 14:55:00,1.0719007670249991,1.0720551710854087,1.0718187194118751,1.071924990486944,
2026-01-07 15:00:00,1.071924990486944,1.0721069351822492,1.0717379115565937,1.0718499846495189,
2026-01-07 15:05:00,1.0718499846495189,1.07194070675787,1.0717949395511577,1.0719205347978538,
2026-01-07 15:10:00,1.0719205347978538,1.0719817428772291,1.0716629963799067,1.071795593643235,
2026-01-07 15:15:00,1.071795593643235,1.0719358817758522,1.0716369877243328,1.0718780962544538,
2026-01-07 15:20:00,1.0718780962544538,1.0720096642264965,1.0718304731460462,1.0719673647099504,
2026-01-07 15:25:00,1.0719673647099504,1.072017262928243,1.071421629062008,1.0714989380411823,
2026-01-07 15:30:00,1.0714989380411823,1.0718234669191755,1.0713227338648963,1.0716908026610097,
2026-01-07 15:35:00,1.0716908026610097,1.0717292876512368,1.0710905365430456,1.0712015322577997,
2026-01-07 15:40:00,1.0712015322577997,1.0713544679474234,1.0709873548872062,1.071103085483608,
2026-01-07 15:45:00,1.071103085483608,1.0714480358696234,1.0709530520081385,1.071268371803323,
2026-01-07 15:50:00,1.071268371803323,1.071455157593675,1.0710939030336204,1.0712179237403603,
2026-01-07 15:55:00,1.0712179237403603,1.071356755386938,1.0709503700724117,1.070982894430665,
2026-01-07 16:00:00,1.070982894430665,1.071038425784579,1.070643025086078,1.0708077381942134,
2026-01-07 16:05:00,1.0708077381942134,1.0710085825614295,1.070621627707509,1.0709732291778322,
2026-01-07 16:10:00,1.0709732291778322,1.0710349936695174,1.0706355371022935,1.0706651270042318,
2026-01-07 16:15:00,1.0706651270042318,1.0710401457847645,1.070623302048069,1.070846993491323,
2026-01-07 16:20:00,1.070846993491323,1.0710402156276382,1.0706923225231442,1.0708386780595416,
2026-01-07 16:25:00,1.0708386780595416,1.0709274234586468,1.0705188957468903,1.0706477010547428,
2026-01-07 16:30:00,1.0706477010547428,1.0707263435321404,1.0704657407457367,1.0705545938055516,
2026-01-07 16:35:00,1.0705545938055516,1.0706663957103582,1.0702747275773798,1.070391792334189,
2026-01-07 16:40:00,1.070391792334189,1.070603920544014,1.0702451913919488,1.07053141668755,
2026-01-07 16:45:00,1.07053141668755,1.0708459107615875,1.0704206109244114,1.0706495715202895,
2026-01-07 16:50:00,1.0706495715202895,1.070709391370494,1.0703288155345922,1.0703740494330267,
2026-01-07 16:55:00,1.0703740494330267,1.0704604951158196,1.070273688884403,1.070309787369647,
2026-01-07 17:00:00,1.070309787369647,1.070407074127273,1.07007275544487,1.070171750017204,
2026-01-07 17:05:00,1.070171750017204,1.070422458550486,1.0699856307607911,1.070379947026331,
2026-01-07 17:10:00,1.070379947026331,1.07046885549515,1.070043335951112,1.0701637362025591,
2026-01-07 17:15:00,1.0701637362025591,1.0705960321011598,1.070079256590136,1.0704218205715414,
2026-01-07 17:20:00,1.0704218205715414,1.0704670855518037,1.0702334427703948,1.0704170098809085,
2026-01-07 17:25:00,1.0704170098809085,1.070542133832057,1.0701410443123347,1.070230998100447,
2026-01-07 17:30:00,1.070230998100447,1.0703241927852978,1.0700111663438705,1.0701228127104387,
2026-01-07 17:35:00,1.0701228127104387,1.07017350932114,1.0699537109726298,1.069994680852143,
2026-01-07 17:40:00,1.069994680852143,1.0700169013617438,1.0696379278960106,1.0697906600662042,
2026-01-07 17:45:00,1.0697906600662042,1.069875613605456,1.0696446055339184,1.069806411810828,
2026-01-07 17:50:00,1.069806411810828,1.0698375410237535,1.0694469560530089,1.0696099199717233,
2026-01-07 17:55:00,1.0696099199717233,1.069697738296557,1.0691821561657504,1.069260690602167,
2026-01-07 18:00:00,1.069260690602167,1.0694265283761932,1.0691018413879785,1.0692003309674103,
2026-01-07 18:05:00,1.0692003309674103,1.0693498743143683,1.068861460841405,1.0689117623494802,
2026-01-07 18:10:00,1.0689117623494802,1.0691022914175865,1.068598093630628,1.0687917045083255,
2026-01-07 18:15:00,1.0687917045083255,1.0688885672834465,1.0686110086019505,1.0686465025244838,
2026-01-07 18:20:00,1.0686465025244838,1.0687939067762304,1.0683705702068556,1.068507392601517,
2026-01-07 18:25:00,1.068507392601517,1.0689684432396265,1.0683604462704952,1.0688286817296482,
2026-01-07 18:30:00,1.0688286817296482,1.0688973286666237,1.068780289164391,1.0688382603320552,
2026-01-07 18:35:00,1.0688382603320552,1.0689527796342524,1.0687525021550055,1.0688781347833105,
2026-01-07 18:40:00,1.0688781347833105,1.068993504099322,1.068566131245691,1.0685938940277089,
2026-01-07 18:45:00,1.0685938940277089,1.0687572923451296,1.0683694207754038,1.0684896102617694,
2026-01-07 18:50:00,1.0684896102617694,1.068627778666858,1.0682905213960612,1.0685246523746543,
2026-01-07 18:55:00,1.0685246523746543,1.0685856458511662,1.0682636097199176,1.0683609890121455,
2026-01-07 19:00:00,1.0683609890121455,1.0687058778385323,1.0681627875324786,1.068507054014282,
2026-01-07 19:05:00,1.068507054014282,1.0685478581994257,1.0682721215140545,1.06831484209034,
2026-01-07 19:10:00,1.06831484209034,1.0685069020936886,1.0681788460497528,1.068269487831541,
2026-01-07 19:15:00,1.068269487831541,1.0684351161634589,1.067993763189616,1.0681761168842248,
2026-01-07 19:20:00,1.0681761168842248,1.0683739806541124,1.0679983116975265,1.068202979820637,
2026-01-07 19:25:00,1.068202979820637,1.0683660649855935,1.0680226463061009,1.0681008927901172,
2026-01-07 19:30:00,1.0681008927901172,1.068158363559552,1.0679158765369523,1.0680580264420303,
2026-01-07 19:35:00,1.0680580264420303,1.0681918912699615,1.0678412221953648,1.0680207310262453,
2026-01-07 19:40:00,1.0680207310262453,1.0681769459924864,1.0677455823114703,1.0679036202553782,
2026-01-07 19:45:00,1.0679036202553782,1.0681360855406397,1.0677704945399302,1.0679818620980617,
2026-01-07 19:50:00,1.0679818620980617,1.0680894677267851,1.0679343984874403,1.0680205859600873,
2026-01-07 19:55:00,1.0680205859600873,1.0680731874498848,1.0679737833454417,1.0680069238301042,
2026-01-07 20:00:00,1.0680069238301042,1.0680859859672087,1.0678078681610486,1.0679385001534156,
2026-01-07 20:05:00,1.0679385001534156,1.06817301282183,1.0678284505335915,1.0680666408153618,
2026-01-07 20:10:00,1.0680666408153618,1.0681899213498334,1.0679665458961676,1.0680293924949191,
2026-01-07 20:15:00,1.0680293924949191,1.0682000435601369,1.0679080947945738,1.0679807933576664,
2026-01-07 20:20:00,1.0679807933576664,1.068156524690428,1.06789021766577,1.0679980985294413,
2026-01-07 20:25:00,1.0679980985294413,1.0684121670487932,1.0678889047760591,1.0682704599541732,
2026-01-07 20:30:00,1.0682704599541732,1.068337888026903,1.06796598951592,1.0680562361303558,
2026-01-07 20:35:00,1.0680562361303558,1.0682863134001164,1.0679665236293805,1.068180114910308,
2026-01-07 20:40:00,1.068180114910308,1.0682604933676512,1.067836522840644,1.0678773547466802,
2026-01-07 20:45:00,1.0678773547466802,1.0679749795051727,1.0677015484713943,1.0679126924328537,
2026-01-07 20:50:00,1.0679126924328537,1.0681874081296114,1.0677830446981336,1.0681655639647425,
2026-01-07 20:55:00,1.0681655639647425,1.068325500944675,1.0681192655715142,1.0682443977899725,
2026-01-07 21:00:00,1.0682443977899725,1.0683383735966794,1.0681481003974542,1.0682722726684908,
2026-01-07 21:05:00,1.0682722726684908,1.0683952150873448,1.0680879947763418,1.0681830036405071,
2026-01-07 21:10:00,1.0681830036405071,1.0682197266786455,1.0680548918823791,1.0681885123599943,
2026-01-07 21:15:00,1.0681885123599943,1.0682572058874025,1.0680190630759128,1.0681486596071257,
2026-01-07 21:20:00,1.0681486596071257,1.0681767181153237,1.0678871300780526,1.068023270062709,
2026-01-07 21:25:00,1.068023270062709,1.0681587252855214,1.0678317434251263,1.067977365975448,
2026-01-07 21:30:00,1.067977365975448,1.068131954561951,1.0679387622471448,1.0680096804414083,
2026-01-07 21:35:00,1.0680096804414083,1.068090426845562,1.067812426172486,1.067887312168589,
2026-01-07 21:40:00,1.067887312168589,1.0679338323966674,1.067735578531101,1.067758701138552,
2026-01-07 21:45:00,1.067758701138552,1.0679511267084505,1.0674395598963846,1.067541395368559,
2026-01-07 21:50:00,1.067541395368559,1.0677296889156689,1.0674440979545496,1.0676044982751387,
2026-01-07 21:55:00,1.0676044982751387,1.0678346045340583,1.0674523194277064,1.067692364128075,
2026-01-07 22:00:00,1.067692364128075,1.067845642726263,1.067642283077686,1.0677299999506746,
2026-01-07 22:05:00,1.0677299999506746,1.0680503022915362,1.067596330948392,1.06788512630696,
2026-01-07 22:10:00,1.06788512630696,1.0680810836397758,1.0678099213513326,1.0678997352308572,
2026-01-07 22:15:00,1.0678997352308572,1.068051953212776,1.0678109902653914,1.0679630653149284,
2026-01-07 22:20:00,1.0679630653149284,1.0681564780585686,1.0678135936797015,1.0680122735023672,
2026-01-07 22:25:00,1.0680122735023672,1.0680736532495856,1.0679652640736048,1.0679981427223482,
2026-01-07 22:30:00,1.0679981427223482,1.0681354766308373,1.067831941635437,1.0679136425554443,
2026-01-07 22:35:00,1.0679136425554443,1.0683607621758864,1.0678232043740197,1.0682689141624906,
2026-01-07 22:40:00,1.0682689141624906,1.0682901348503828,1.068048195062106,1.0681970299382395,
2026-01-07 22:45:00,1.0681970299382395,1.0683890249545556,1.0680350156280067,1.0680908760227197,
2026-01-07 22:50:00,1.0680908760227197,1.0683372661345776,1.0679003416838553,1.0681609466563806,
2026-01-07 22:55:00,1.0681609466563806,1.0682741852560695,1.0679613495048776,1.0682018346770072,
2026-01-07 23:00:00,1.0682018346770072,1.0684014309935692,1.0678098984175912,1.0679773022429389,
2026-01-07 23:05:00,1.0679773022429389,1.0682347836814272,1.0679033539926754,1.068157700700007,
2026-01-07 23:10:00,1.068157700700007,1.0682602926535696,1.0680036466811775,1.0681431426789108,
2026-01-07 23:15:00,1.0681431426789108,1.0683163693036222,1.0679307298309093,1.0679656964766149,
2026-01-07 23:20:00,1.0679656964766149,1.0682315119764136,1.0677888661997876,1.0681566846331747,
2026-01-07 23:25:00,1.0681566846331747,1.0683585686489467,1.068043805916348,1.068257471397757,
2026-01-07 23:30:00,1.068257471397757,1.0683972770878392,1.068003637126965,1.0680553961769026,
2026-01-07 23:35:00,1.0680553961769026,1.0683841719186142,1.0679764611961815,1.0683406877587551,
2026-01-07 23:40:00,1.0683406877587551,1.0685428232699414,1.0681765540647472,1.068446800203577,
2026-01-07 23:45:00,1.068446800203577,1.068522493992302,1.068269059508339,1.068445700326476,
2026-01-07 23:50:00,1.068445700326476,1.068842943817356,1.0683321519168278,1.0687011244423,
2026-01-07 23:55:00,1.0687011244423,1.0687716698591727,1.0685946683722445,1.068727195368962,
2026-01-08 00:00:00,1.068727195368962,1.0687890870352,1.0685680955136307,1.0687232277680103,
2026-01-08 00:05:00,1.0687232277680103,1.068871275484686,1.0684492014759568,1.0686179156080102,
2026-01-08 00:10:00,1.0686179156080102,1.0687598407909835,1.068460243181779,1.0687117204044334,
2026-01-08 00:15:00,1.0687117204044334,1.0688846236735026,1.0686225233553912,1.0687886602062997,
2026-01-08 00:20:00,1.0687886602062997,1.0689398666295644,1.06865311356921,1.0687915480995878,
2026-01-08 00:25:00,1.0687915480995878,1.068949332408785,1.06849111554153,1.0686654403250186,
2026-01-08 00:30:00,1.0686654403250186,1.0687238812151314,1.06861812341089,1.0686868026029706,
2026-01-08 00:35:00,1.0686868026029706,1.068860161812666,1.068586283439986,1.068676148043307,
2026-01-08 00:40:00,1.068676148043307,1.0688264630575102,1.0684327544223973,1.068462945821495,
2026-01-08 00:45:00,1.068462945821495,1.0685440188474598,1.068134021516297,1.068227619427721,
2026-01-08 00:50:00,1.068227619427721,1.06847619880613,1.0680686086526157,1.0683187142927106,
2026-01-08 00:55:00,1.0683187142927106,1.068469808088472,1.067846917580142,1.0679023826999583,
2026-01-08 01:00:00,1.0679023826999583,1.0680639813540966,1.067784843012756,1.0679358209333252,
2026-01-08 01:05:00,1.0679358209333252,1.0680563475445382,1.0678331878736078,1.0678597733056236,
2026-01-08 01:10:00,1.0678597733056236,1.0682221281196185,1.067678196307292,1.0680698814916163,
2026-01-08 01:15:00,1.0680698814916163,1.0682697482739232,1.0678237587882322,1.0679913596333144,
2026-01-08 01:20:00,1.0679913596333144,1.0682216868289136,1.0678769659787928,1.0680975474240368,
2026-01-08 01:25:00,1.0680975474240368,1.068263116640954,1.0678874502698052,1.0680344919290805,
2026-01-08 01:30:00,1.0680344919290805,1.0682072184228493,1.067995787019404,1.0680532491537325,
2026-01-08 01:35:00,1.0680532491537325,1.0683458823733714,1.067881111444381,1.0681718368610054,
2026-01-08 01:40:00,1.0681718368610054,1.0683636513360546,1.0679495130570924,1.0680982601326854,
2026-01-08 01:45:00,1.0680982601326854,1.068313223953917,1.068056666001275,1.0682584689765742,
2026-01-08 01:50:00,1.0682584689765742,1.068308251711125,1.067903261895408,1.0680997859667292,
2026-01-08 01:55:00,1.0680997859667292,1.0682730625951165,1.068075730486772,1.0681475192660017,
2026-01-08 02:00:00,1.0681475192660017,1.0683967640546164,1.068014387310735,1.068295890943297,
2026-01-08 02:05:00,1.068295890943297,1.0685249277659914,1.0682449750438834,1.068402197681266,
2026-01-08 02:10:00,1.068402197681266,1.0688735539650702,1.0682527313044063,1.0687099062728629,
2026-01-08 02:15:00,1.0687099062728629,1.0688976148792717,1.0685553901740643,1.0685880632997788,
2026-01-08 02:20:00,1.0685880632997788,1.0686831981483147,1.0683329608245573,1.0683675589834691,
2026-01-08 02:25:00,1.0683675589834691,1.068516786859667,1.0681048251512677,1.068208757664569,
2026-01-08 02:30:00,1.068208757664569,1.0683705444977885,1.0680098359607966,1.068315120643977,
2026-01-08 02:35:00,1.068315120643977,1.0685116679621898,1.0682453477208185,1.068395448611306,
2026-01-08 02:40:00,1.068395448611306,1.0684362953855029,1.0682651935423697,1.0684123705255024,
2026-01-08 02:45:00,1.0684123705255024,1.0685230456275865,1.0681196047843375,1.068232952617725,
2026-01-08 02:50:00,1.068232952617725,1.068474533363032,1.0680613710879878,1.0683563728003895,
2026-01-08 02:55:00,1.0683563728003895,1.0685087529608297,1.068088715604329,1.068160661733716,
2026-01-08 03:00:00,1.068160661733716,1.0684838109636758,1.068040771745188,1.0683469037014386,
2026-01-08 03:05:00,1.0683469037014386,1.0688899579877988,1.0681557914687196,1.0688054465756238,
2026-01-08 03:10:00,1.0688054465756238,1.0688857639318865,1.0687255811301233,1.0688647323697582,
2026-01-08 03:15:00,1.0688647323697582,1.0689995479531698,1.0687656393651224,1.0689587604959176,
2026-01-08 03:20:00,1.0689587604959176,1.0691539114135509,1.0687002844452809,1.0688802708418916,
2026-01-08 03:25:00,1.0688802708418916,1.0690662908103885,1.068510759547527,1.0685906093418291,
2026-01-08 03:30:00,1.0685906093418291,1.0686691261111838,1.0684060176405994,1.0684945389182334,
2026-01-08 03:35:00,1.0684945389182334,1.0685611324474198,1.0682451831597728,1.0683199245453707,
2026-01-08 03:40:00,1.0683199245453707,1.068418479478235,1.0679228885319865,1.068088604179545,
2026-01-08 03:45:00,1.068088604179545,1.0685093081700625,1.067901134524866,1.068365118964732,
2026-01-08 03:50:00,1.068365118964732,1.06849361056473,1.068231521166212,1.0684093815836515,
2026-01-08 03:55:00,1.0684093815836515,1.0685028797102838,1.0682771281600247,1.0684707668176925,
2026-01-08 04:00:00,1.0684707668176925,1.068563269934332,1.0683315743202304,1.0684217749717788,
2026-01-08 04:05:00,1.0684217749717788,1.0684886809907854,1.0683723575689126,1.0683946046438355,
2026-01-08 04:10:00,1.0683946046438355,1.068628215615227,1.0683432958760473,1.0685497282132088,
2026-01-08 04:15:00,1.0685497282132088,1.0685990605174505,1.06849854052145,1.0685450794252762,
2026-01-08 04:20:00,1.0685450794252762,1.0687692688980794,1.06850422066477,1.0686306776855792,
2026-01-08 04:25:00,1.0686306776855792,1.0687454712535631,1.0684620654994643,1.068599794016354,
2026-01-08 04:30:00,1.068599794016354,1.068668549377467,1.0685009432085977,1.0685454860200247,
2026-01-08 04:35:00,1.0685454860200247,1.06866518126666,1.0682851270946283,1.068320541206085,
2026-01-08 04:40:00,1.068320541206085,1.068429228618575,1.06791532705059,1.068004191721771,
2026-01-08 04:45:00,1.068004191721771,1.068167467195953,1.0678980000646996,1.0679628241440338,
2026-01-08 04:50:00,1.0679628241440338,1.0681644857919452,1.0679165692458192,1.067972408623464,
2026-01-08 04:55:00,1.067972408623464,1.0680159293150802,1.0677206266528152,1.0677669296704158,
2026-01-08 05:00:00,1.0677669296704158,1.0679460340966191,1.0676958248701909,1.0677619418974118,
2026-01-08 05:05:00,1.0677619418974118,1.0679179485075758,1.0676453089400042,1.0677710850586846,
2026-01-08 05:10:00,1.0677710850586846,1.067915744696838,1.0672698989446912,1.0674263561527075,
2026-01-08 05:15:00,1.0674263561527075,1.0675137303141933,1.0671068758260074,1.0672803756217928,
2026-01-08 05:20:00,1.0672803756217928,1.0674280144756734,1.06712512040884,1.0673461110004896,
2026-01-08 05:25:00,1.0673461110004896,1.067429630455318,1.0672130326137428,1.0674086153480498,
2026-01-08 05:30:00,1.0674086153480498,1.0676054122254846,1.067041076136203,1.0672244485601563,
2026-01-08 05:35:00,1.0672244485601563,1.0673795184814514,1.0671108959356643,1.0672503474316242,
2026-01-08 05:40:00,1.0672503474316242,1.0675069875123575,1.0671163432002706,1.067414568360051,
2026-01-08 05:45:00,1.067414568360051,1.0676574066186593,1.0673204766609916,1.0675395282307187,
2026-01-08 05:50:00,1.0675395282307187,1.067566823096856,1.0674458747442528,1.0675248039004113,
2026-01-08 05:55:00,1.0675248039004113,1.0675760610723637,1.0673706956869349,1.0674504038072377,
2026-01-08 06:00:00,1.0674504038072377,1.067582608593731,1.0673034760241282,1.0673501731348365,
2026-01-08 06:05:00,1.0673501731348365,1.0675381757158018,1.0671867855577153,1.067425608604459,
2026-01-08 06:10:00,1.067425608604459,1.06761905510485,1.0673956423492783,1.0674573816367232,
2026-01-08 06:15:00,1.0674573816367232,1.067697273150538,1.0673159382928457,1.0675586994662578,
2026-01-08 06:20:00,1.0675586994662578,1.0677086093423047,1.0673830966315472,1.0675803509206283,
2026-01-08 06:25:00,1.0675803509206283,1.067878755100802,1.0674708138181712,1.067712007274027,
2026-01-08 06:30:00,1.067712007274027,1.0677599782417024,1.0676793711332957,1.0677276908827031,
2026-01-08 06:35:00,1.0677276908827031,1.067998266909998,1.0676305757396083,1.0678539072866404,
2026-01-08 06:40:00,1.0678539072866404,1.068142743447064,1.0677721264981217,1.067993937118672,
2026-01-08 06:45:00,1.067993937118672,1.0680634665576143,1.0676681973158717,1.0678655943933453,
2026-01-08 06:50:00,1.0678655943933453,1.067920811327913,1.0674321114957512,1.0675765392320429,
2026-01-08 06:55:00,1.0675765392320429,1.0678827647188966,1.0674266944671735,1.0678242712733146,
2026-01-08 07:00:00,1.0678242712733146,1.0679215813162226,1.0677114224279014,1.0678659159608048,
2026-01-08 07:05:00,1.0678659159608048,1.0679801967551674,1.0674441643432953,1.067591858909095,
2026-01-08 07:10:00,1.067591858909095,1.0676362716451409,1.067328025809146,1.067478088584956,
2026-01-08 07:15:00,1.067478088584956,1.0677408948303209,1.0674461439864216,1.0676022233752651,
2026-01-08 07:20:00,1.0676022233752651,1.0676411374618762,1.0674979013781392,1.067557970552545,
2026-01-08 07:25:00,1.067557970552545,1.067582810687801,1.0674541749922792,1.0674765091522564,
2026-01-08 07:30:00,1.0674765091522564,1.0677788500873198,1.067364743819189,1.0677013778436797,
2026-01-08 07:35:00,1.0677013778436797,1.0677559125939513,1.0673565523211967,1.0675341962950673,
2026-01-08 07:40:00,1.0675341962950673,1.0677321554650412,1.0672772094321572,1.0674069292484023,
2026-01-08 07:45:00,1.0674069292484023,1.0675158481478555,1.067296891893397,1.0674413088137444,
2026-01-08 07:50:00,1.0674413088137444,1.0675643340906575,1.0672546349611745,1.067504362555173,
2026-01-08 07:55:00,1.067504362555173,1.067639795127302,1.067453363223189,1.0675843765590722,
2026-01-08 08:00:00,1.0675843765590722,1.067818137445466,1.0675509477836038,1.0677308439226014,
2026-01-08 08:05:00,1.0677308439226014,1.067892235356634,1.0675457288900476,1.0677631825554743,
2026-01-08 08:10:00,1.0677631825554743,1.068002851425704,1.067580681839589,1.0678421012761958,
2026-01-08 08:15:00,1.0678421012761958,1.0679277250007897,1.0676581817522333,1.0678011167997516,
2026-01-08 08:20:00,1.0678011167997516,1.067944367926828,1.0677368405505745,1.0678116931504205,
2026-01-08 08:25:00,1.0678116931504205,1.0679362219238469,1.0676171356259736,1.0678294511421569,
2026-01-08 08:30:00,1.0678294511421569,1.068036808011033,1.067671688798832,1.0678644388487073,
2026-01-08 08:35:00,1.0678644388487073,1.068111152701174,1.067723137823662,1.0679887251812854,
2026-01-08 08:40:00,1.0679887251812854,1.068150376823488,1.0679286011429627,1.06807819632255,
2026-01-08 08:45:00,1.06807819632255,1.0682324601776143,1.067965840271656,1.068085814471322,
2026-01-08 08:50:00,1.068085814471322,1.0682534260791663,1.0677886601944742,1.0679567239179075,
2026-01-08 08:55:00,1.0679567239179075,1.0680718777713198,1.0677818770774556,1.0679680984531024,
2026-01-08 09:00:00,1.0679680984531024,1.0681657939561011,1.0678430867085595,1.0679641441294037,
2026-01-08 09:05:00,1.0679641441294037,1.0681738626637978,1.0678500412375342,1.0679956252255434,
2026-01-08 09:10:00,1.0679956252255434,1.06840515365134,1.067850042136448,1.0683497018108,
2026-01-08 09:15:00,1.0683497018108,1.0685113178677883,1.0681512185752395,1.0682663033672155,
2026-01-08 09:20:00,1.0682663033672155,1.0684626784709217,1.068171120780364,1.0683345072469386,
2026-01-08 09:25:00,1.0683345072469386,1.0686225424894544,1.0682991318248822,1.068506276455849,
2026-01-08 09:30:00,1.068506276455849,1.0686350271270586,1.0684635875142203,1.0685225181814744,
2026-01-08 09:35:00,1.0685225181814744,1.0690714383670612,1.0683656685971985,1.0688978243613605,
2026-01-08 09:40:00,1.0688978243613605,1.0690277814633629,1.0688133081605191,1.0688377476921516,
2026-01-08 09:45:00,1.0688377476921516,1.0690070302966064,1.068808332787508,1.0688902432192966,
2026-01-08 09:50:00,1.0688902432192966,1.068919038002513,1.068579874079164,1.0687627099232195,
2026-01-08 09:55:00,1.0687627099232195,1.068863404439776,1.0685601718025526,1.0687068912829745,
2026-01-08 10:00:00,1.0687068912829745,1.068930779490551,1.06868613299303,1.0687473320093828,
2026-01-08 10:05:00,1.0687473320093828,1.0690316604555006,1.0686711642019988,1.0688835478442185,
2026-01-08 10:10:00,1.0688835478442185,1.068964416534918,1.0687261505213113,1.0689352448188678,
2026-01-08 10:15:00,1.0689352448188678,1.069316803900427,1.0688400766748718,1.06913768528964,
2026-01-08 10:20:00,1.06913768528964,1.0693064853894878,1.0690186067025056,1.06912299031062,
2026-01-08 10:25:00,1.06912299031062,1.0692413934687026,1.0689676729898985,1.0690702568208867,
2026-01-08 10:30:00,1.0690702568208867,1.0695285250127162,1.0690138726283,1.0695044920289831,
2026-01-08 10:35:00,1.0695044920289831,1.0696895118548624,1.0693546415701616,1.0695682745236164,
2026-01-08 10:40:00,1.0695682745236164,1.0695981005526032,1.069414844143847,1.0694533852833408,
2026-01-08 10:45:00,1.0694533852833408,1.0695310534960756,1.0692312481447988,1.0693425533437972,
2026-01-08 10:50:00,1.0693425533437972,1.0694757570751998,1.069141299418641,1.0691918914675833,
2026-01-08 10:55:00,1.0691918914675833,1.0695269668993908,1.0691635155618595,1.069342642544292,
2026-01-08 11:00:00,1.069342642544292,1.0694270457589987,1.0692389482579518,1.0692847321571524,
2026-01-08 11:05:00,1.0692847321571524,1.069480499298519,1.0691082518686164,1.0693056950176,
2026-01-08 11:10:00,1.0693056950176,1.069490999999472,1.069244336606258,1.0692960431859186,
2026-01-08 11:15:00,1.0692960431859186,1.069437699518875,1.0692259367282964,1.069413911620393,
2026-01-08 11:20:00,1.069413911620393,1.0694770086311882,1.0692337698363166,1.0692786268981962,
2026-01-08 11:25:00,1.0692786268981962,1.0694264021120572,1.0689542642800212,1.0691066623983196,
2026-01-08 11:30:00,1.0691066623983196,1.069299398984443,1.0690064815482134,1.069143167236689,
2026-01-08 11:35:00,1.069143167236689,1.0693307179606062,1.0689533129297326,1.0692400829275672,
2026-01-08 11:40:00,1.0692400829275672,1.0694321682665702,1.0691005045027626,1.069293952436271,
2026-01-08 11:45:00,1.069293952436271,1.069424140987396,1.0690490132438173,1.069164663303505,
2026-01-08 11:50:00,1.069164663303505,1.0694270143822644,1.0690264697358118,1.0692738548891765,
2026-01-08 11:55:00,1.0692738548891765,1.0694232134061703,1.0691278108973872,1.069155087466365,
2026-01-08 12:00:00,1.069155087466365,1.0691905442100031,1.068880865572653,1.069071984419476,
2026-01-08 12:05:00,1.069071984419476,1.0691204694520453,1.0687289991260491,1.0689211564559242,
2026-01-08 12:10:00,1.0689211564559242,1.0691742276209026,1.068851451279584,1.069130336734396,
2026-01-08 12:15:00,1.069130336734396,1.0694203041168284,1.0689972435475024,1.069232457704257,
2026-01-08 12:20:00,1.069232457704257,1.0695144662318388,1.0691761129603117,1.0693300285551353,
2026-01-08 12:25:00,1.0693300285551353,1.0696941683367451,1.0692114836321072,1.0695306341282176,
2026-01-08 12:30:00,1.0695306341282176,1.0700235058405878,1.0693718920651751,1.069982496499666,
2026-01-08 12:35:00,1.069982496499666,1.0701058653642517,1.0695195723047966,1.0697087402152614,
2026-01-08 12:40:00,1.0697087402152614,1.0697624417279576,1.069509745342838,1.0695908043890257,
2026-01-08 12:45:00,1.0695908043890257,1.0696771134977865,1.069347654475608,1.0694924854229555,
2026-01-08 12:50:00,1.0694924854229555,1.0695605618527504,1.0692075801509904,1.069356537031573,
2026-01-08 12:55:00,1.069356537031573,1.069525744608241,1.0691244307044592,1.0691842374886689,
2026-01-08 13:00:00,1.0691842374886689,1.0692302387405823,1.0690034897033345,1.069136715487003,
2026-01-08 13:05:00,1.069136715487003,1.0692730277373528,1.068804184572406,1.0689421604044598,
2026-01-08 13:10:00,1.0689421604044598,1.0691935184287786,1.0687846267053176,1.068996417389299,
2026-01-08 13:15:00,1.068996417389299,1.0691489115469734,1.068796426882957,1.0690052417219875,
2026-01-08 13:20:00,1.0690052417219875,1.0691171743987566,1.068977999895491,1.0690829123707355,
2026-01-08 13:25:00,1.0690829123707355,1.0693482835357002,1.0690264974628736,1.069164870625347,
2026-01-08 13:30:00,1.069164870625347,1.069397871033679,1.0691187565076017,1.069262116691695,
2026-01-08 13:35:00,1.069262116691695,1.0693642526680236,1.06915496403623,1.069202762165666,
2026-01-08 13:40:00,1.069202762165666,1.0696822855662975,1.069100997406754,1.06954354092016,
2026-01-08 13:45:00,1.06954354092016,1.0697599144946002,1.0693654043399698,1.069581686515115,
2026-01-08 13:50:00,1.069581686515115,1.0696875694161398,1.0691826807669158,1.069283450955348,
2026-01-08 13:55:00,1.069283450955348,1.0693990888222542,1.0689828975617868,1.069123224033397,
2026-01-08 14:00:00,1.069123224033397,1.0692246645652563,1.0687569032176412,1.0688446730632966,
2026-01-08 14:05:00,1.0688446730632966,1.068881053151412,1.0687671336665403,1.0688479866946738,
2026-01-08 14:10:00,1.0688479866946738,1.069009659317521,1.0686588302638935,1.068828992597163,
2026-01-08 14:15:00,1.068828992597163,1.0688717467110185,1.0686164310157515,1.0687544295675728,
2026-01-08 14:20:00,1.0687544295675728,1.069168413262264,1.068671268415718,1.0690773906604123,
2026-01-08 14:25:00,1.0690773906604123,1.06925559275711,1.0688928418133878,1.0691659646449008,
2026-01-08 14:30:00,1.0691659646449008,1.069353360918756,1.0690562325631796,1.0692829535761803,
2026-01-08 14:35:00,1.0692829535761803,1.0693754048588413,1.0690802719650403,1.0691341614195542,
2026-01-08 14:40:00,1.0691341614195542,1.069265403059423,1.0688674949876824,1.0689744749229266,
2026-01-08 14:45:00,1.0689744749229266,1.0690569607665976,1.0688330290240986,1.0689809110504005,
2026-01-08 14:50:00,1.0689809110504005,1.0690602392630706,1.0688948307843342,1.0690091871142848,
2026-01-08 14:55:00,1.0690091871142848,1.0691856732661762,1.0685402195374396,1.0687121007899691,
2026-01-08 15:00:00,1.0687121007899691,1.0689068506669437,1.0685677651614875,1.0686837310779966,
2026-01-08 15:05:00,1.0686837310779966,1.0687890663027064,1.0685795334176085,1.0686865212144088,
2026-01-08 15:10:00,1.0686865212144088,1.0687653847626308,1.0684779989888604,1.068652567045048,
2026-01-08 15:15:00,1.068652567045048,1.068681113819048,1.0684193992919937,1.0685227244971574,
2026-01-08 15:20:00,1.0685227244971574,1.0685493577744671,1.068342192548664,1.0684367863741973,
2026-01-08 15:25:00,1.0684367863741973,1.068527505133413,1.0683703075730984,1.0684089765242584,
2026-01-08 15:30:00,1.0684089765242584,1.0686115061325925,1.068323727986064,1.068424062569298,
2026-01-08 15:35:00,1.068424062569298,1.0686730548463246,1.0683325938751966,1.0685215273085122,
2026-01-08 15:40:00,1.0685215273085122,1.0687781819140083,1.068469015291052,1.0686953134186117,
2026-01-08 15:45:00,1.0686953134186117,1.0688895617751442,1.0685228554032526,1.0686486635795611,
2026-01-08 15:50:00,1.0686486635795611,1.0687458400021472,1.0685301881898883,1.0685760797625874,
2026-01-08 15:55:00,1.0685760797625874,1.068716589340014,1.068515815600639,1.0686467666460986,
2026-01-08 16:00:00,1.0686467666460986,1.0688419657053805,1.068525770088668,1.0687452221213298,
2026-01-08 16:05:00,1.0687452221213298,1.0688032999021868,1.0686077342385676,1.068676151280218,
2026-01-08 16:10:00,1.068676151280218,1.068982809370344,1.068541010984395,1.068803394391708,
2026-01-08 16:15:00,1.068803394391708,1.0690459992272832,1.0686591020277822,1.068960988031408,
2026-01-08 16:20:00,1.068960988031408,1.0693070914611031,1.0688867557574988,1.069168657047494,
2026-01-08 16:25:00,1.069168657047494,1.0695444570582089,1.069132927264825,1.0694544285624197,
2026-01-08 16:30:00,1.0694544285624197,1.0696367402176532,1.0692078820349933,1.0693159833650825,
2026-01-08 16:35:00,1.0693159833650825,1.069454375798562,1.069279261649466,1.069318747263253,
2026-01-08 16:40:00,1.069318747263253,1.0694289761833085,1.0692060048405787,1.069321090843058,
2026-01-08 16:45:00,1.069321090843058,1.0693648765775106,1.0691551755797033,1.0693058947912866,
2026-01-08 16:50:00,1.0693058947912866,1.0694882397906,1.069070636000614,1.0692022953630789,
2026-01-08 16:55:00,1.0692022953630789,1.0693207223993677,1.0688639132679794,1.0689646014433976,
2026-01-08 17:00:00,1.0689646014433976,1.0690513062287543,1.068774346904776,1.0689799966936215,
2026-01-08 17:05:00,1.0689799966936215,1.0691580235341485,1.0688190201951766,1.0688573346971313,
2026-01-08 17:10:00,1.0688573346971313,1.0689014557130732,1.0686789344258871,1.0688716564361422,
2026-01-08 17:15:00,1.0688716564361422,1.0689481902812616,1.068580865597424,1.0687448887944997,
2026-01-08 17:20:00,1.0687448887944997,1.0688615179067158,1.068473596537448,1.0685691494819138,
2026-01-08 17:25:00,1.0685691494819138,1.06868840562577,1.0685216333909715,1.068607239045282,
2026-01-08 17:30:00,1.068607239045282,1.0687377771763371,1.068559183023842,1.068631965010369,
2026-01-08 17:35:00,1.068631965010369,1.068792936217378,1.0684460399734357,1.0687253592919586,
2026-01-08 17:40:00,1.0687253592919586,1.0691197794451883,1.0686632924523884,1.0690763644888204,
2026-01-08 17:45:00,1.0690763644888204,1.0691480002716829,1.068899023661383,1.0691213665267316,
2026-01-08 17:50:00,1.0691213665267316,1.0692480720306006,1.069010773387144,1.0691996956489165,
2026-01-08 17:55:00,1.0691996956489165,1.0693912260214409,1.068924312657151,1.069027424891762,
2026-01-08 18:00:00,1.069027424891762,1.0691509974557625,1.0686901062884595,1.0688216183166248,
2026-01-08 18:05:00,1.0688216183166248,1.0691839601539486,1.068762911281704,1.0690759473313984,
2026-01-08 18:10:00,1.0690759473313984,1.0691651256224737,1.0688312948274694,1.0689284015488,
2026-01-08 18:15:00,1.0689284015488,1.069075917175077,1.0685726366151969,1.0687615638141816,
2026-01-08 18:20:00,1.0687615638141816,1.0688069905198447,1.0686929438495003,1.0687558300967164,
2026-01-08 18:25:00,1.0687558300967164,1.0688255334728938,1.0685560204746,1.0687419055151983,
2026-01-08 18:30:00,1.0687419055151983,1.0688799678967378,1.0683988098828334,1.068597767628223,
2026-01-08 18:35:00,1.068597767628223,1.0687039992138485,1.0685200756719475,1.0685494189658011,
2026-01-08 18:40:00,1.0685494189658011,1.0689056354720123,1.0684337707237346,1.0687470188149997,
2026-01-08 18:45:00,1.0687470188149997,1.068928498586912,1.0685674229705004,1.0686183504444453,
2026-01-08 18:50:00,1.0686183504444453,1.068786557510892,1.0682636038261957,1.0683955123922677,
2026-01-08 18:55:00,1.0683955123922677,1.0686002741530232,1.0681973947164891,1.0685471167644562,
2026-01-08 19:00:00,1.0685471167644562,1.068663025000348,1.0683656782032809,1.068626560357953,
2026-01-08 19:05:00,1.068626560357953,1.068677059666051,1.0683411611255305,1.0685276338486196,
2026-01-08 19:10:00,1.0685276338486196,1.0686886693731077,1.0682162067317376,1.0682746096981337,
2026-01-08 19:15:00,1.0682746096981337,1.0684590992942424,1.0680382135776438,1.068155831105444,
2026-01-08 19:20:00,1.068155831105444,1.0683424119016307,1.0680853307026394,1.0681476002855903,
2026-01-08 19:25:00,1.0681476002855903,1.0684085961009189,1.0679657038382266,1.068334917258832,
2026-01-08 19:30:00,1.068334917258832,1.0685061787068744,1.0681149440303908,1.0681693517491442,
2026-01-08 19:35:00,1.0681693517491442,1.0682858741454482,1.0681086310767358,1.0681563436809696,
2026-01-08 19:40:00,1.0681563436809696,1.0684331598314405,1.0681341544072611,1.0682650572987378,
2026-01-08 19:45:00,1.0682650572987378,1.068383762970366,1.0678313350611623,1.067884085675978,
2026-01-08 19:50:00,1.067884085675978,1.068096487889895,1.0678299283635442,1.068050227110335,
2026-01-08 19:55:00,1.068050227110335,1.068084486629528,1.0678273921158303,1.067861340349585,
2026-01-08 20:00:00,1.067861340349585,1.0681073538508867,1.0676851469509705,1.067915054404029,
2026-01-08 20:05:00,1.067915054404029,1.0680517490700707,1.0677546547984638,1.067955104609913,
2026-01-08 20:10:00,1.067955104609913,1.0682124899602812,1.0678892979403904,1.0681293962441996,
2026-01-08 20:15:00,1.0681293962441996,1.0683023373346838,1.0679684098576034,1.0682182027794256,
2026-01-08 20:20:00,1.0682182027794256,1.0683064109734912,1.0677418952420217,1.067837884860445,
2026-01-08 20:25:00,1.067837884860445,1.068027984289466,1.0675531299076522,1.0677127235633348,
2026-01-08 20:30:00,1.0677127235633348,1.0677666789923252,1.0676345821860045,1.0677353921665926,
2026-01-08 20:35:00,1.0677353921665926,1.0677768231983211,1.0675830606759231,1.0677046984366911,
2026-01-08 20:40:00,1.0677046984366911,1.067943864423309,1.0676160085391393,1.0677817271505223,
2026-01-08 20:45:00,1.0677817271505223,1.0680275929761116,1.067727945503458,1.0679086992676703,
2026-01-08 20:50:00,1.0679086992676703,1.0680498399705547,1.0677832853485498,1.0680067033541216,
2026-01-08 20:55:00,1.0680067033541216,1.0680329061787417,1.0678177612868474,1.0679729108308431,
2026-01-08 21:00:00,1.0679729108308431,1.0680332730135336,1.067522150654156,1.0676777099365828,
2026-01-08 21:05:00,1.0676777099365828,1.0677446558693706,1.0675211680591583,1.067605300154456,
2026-01-08 21:10:00,1.067605300154456,1.0676950719443914,1.0674919320361431,1.067672513599068,
2026-01-08 21:15:00,1.067672513599068,1.0677314098959685,1.0673409453981193,1.0674984255458646,
2026-01-08 21:20:00,1.0674984255458646,1.0677529442574534,1.0674686159788505,1.0676000468488018,
2026-01-08 21:25:00,1.0676000468488018,1.0679200388060968,1.0675671069488075,1.0677460607419622,
2026-01-08 21:30:00,1.0677460607419622,1.0679485965251103,1.0676583406487672,1.067766914075752,
2026-01-08 21:35:00,1.067766914075752,1.0678570986016278,1.0672166251497504,1.0672768500379357,
2026-01-08 21:40:00,1.0672768500379357,1.0673543445085982,1.0669853557844835,1.0670727920680023,
2026-01-08 21:45:00,1.0670727920680023,1.0675752485907493,1.0670359165136278,1.067375273638072,
2026-01-08 21:50:00,1.067375273638072,1.067533754919238,1.0671617452843385,1.0672883067298595,
2026-01-08 21:55:00,1.0672883067298595,1.0674050301044231,1.0668303262598633,1.0669712395509423,
2026-01-08 22:00:00,1.0669712395509423,1.0672353463253883,1.0668087082595217,1.0671694874675042,
2026-01-08 22:05:00,1.0671694874675042,1.0672499939390785,1.0670323933386503,1.0671721589575591,
2026-01-08 22:10:00,1.0671721589575591,1.0674623471325484,1.067080810306458,1.0673495815497591,
2026-01-08 22:15:00,1.0673495815497591,1.0675120328524077,1.067161294469292,1.0673944579268453,
2026-01-08 22:20:00,1.0673944579268453,1.0674908758640789,1.0672437181639602,1.0674684137081096,
2026-01-08 22:25:00,1.0674684137081096,1.0677197662052609,1.0673534310838608,1.067527074189912,
2026-01-08 22:30:00,1.067527074189912,1.067762911125281,1.0674698411164116,1.067639302000758,
2026-01-08 22:35:00,1.067639302000758,1.0681306679292168,1.0675024865031455,1.0680046194452233,
2026-01-08 22:40:00,1.0680046194452233,1.0682187855463543,1.0678781097507075,1.0681607207422787,
2026-01-08 22:45:00,1.0681607207422787,1.068318418434463,1.0677650768479343,1.067908076247743,
2026-01-08 22:50:00,1.067908076247743,1.068132869264152,1.0677474737899877,1.0679801616505356,
2026-01-08 22:55:00,1.0679801616505356,1.068200701645575,1.0677954527191196,1.0681635732103625,
2026-01-08 23:00:00,1.0681635732103625,1.0684839259375762,1.067972743023918,1.0683568269505694,
2026-01-08 23:05:00,1.0683568269505694,1.0684953018247287,1.0681555649399586,1.0682889983303412,
2026-01-08 23:10:00,1.0682889983303412,1.0686466257507772,1.0680951262439056,1.068476223479354,
2026-01-08 23:15:00,1.068476223479354,1.068682555154943,1.068292167447534,1.068625458742738,
2026-01-08 23:20:00,1.068625458742738,1.0692164057393958,1.0686049881584752,1.0690384314759709,
2026-01-08 23:25:00,1.0690384314759709,1.069141498068878,1.0687839344540937,1.0689187055980178,
2026-01-08 23:30:00,1.0689187055980178,1.0689560798494928,1.0687857631238644,1.0688378876176343,
2026-01-08 23:35:00,1.0688378876176343,1.0688768994375064,1.0687162097155811,1.0687893443933838,
2026-01-08 23:40:00,1.0687893443933838,1.068844949195045,1.068637739970872,1.0687112900068243,
2026-01-08 23:45:00,1.0687112900068243,1.0687821851339017,1.068462194196033,1.0685691575311678,
2026-01-08 23:50:00,1.0685691575311678,1.0686785105759706,1.0681050109460288,1.0681269668580675,
2026-01-08 23:55:00,1.0681269668580675,1.0682817420736617,1.0679954126694822,1.0680578560229266,
2026-01-09 00:00:00,1.0680578560229266,1.0681711767498117,1.0680326142506738,1.0681175660874482,
2026-01-09 00:05:00,1.0681175660874482,1.068316243410458,1.067901979650563,1.0680390801923925,
2026-01-09 00:10:00,1.0680390801923925,1.0683987927362903,1.0678590084282278,1.0683497187885718,
2026-01-09 00:15:00,1.0683497187885718,1.0684802845078398,1.068150116829802,1.06835239647365,
2026-01-09 00:20:00,1.06835239647365,1.068747051163622,1.068251656233129,1.0685598418851652,
2026-01-09 00:25:00,1.0685598418851652,1.0687721298470765,1.068493016485312,1.0686022785109586,
2026-01-09 00:30:00,1.0686022785109586,1.0688719062555163,1.0684287198635471,1.068735286199217,
2026-01-09 00:35:00,1.068735286199217,1.0689293755616462,1.0686949176660596,1.068780586822224,
2026-01-09 00:40:00,1.068780586822224,1.0690447404304615,1.068585223805634,1.0690005834176548,
2026-01-09 00:45:00,1.0690005834176548,1.0690318271895638,1.0688519126758056,1.069010087839887,
2026-01-09 00:50:00,1.069010087839887,1.0691883258324792,1.0688993796001207,1.0690901790512943,
2026-01-09 00:55:00,1.0690901790512943,1.0691855750879629,1.069052781954576,1.069149461681222,
2026-01-09 01:00:00,1.069149461681222,1.0692338571423663,1.0690804889277967,1.0691037641962244,
2026-01-09 01:05:00,1.0691037641962244,1.0692295196744606,1.0689857484006775,1.069169245971618,
2026-01-09 01:10:00,1.069169245971618,1.0697131237613626,1.0690747528802789,1.069528181351334,
2026-01-09 01:15:00,1.069528181351334,1.0697065914311554,1.0693136577921414,1.0694853374011266,
2026-01-09 01:20:00,1.0694853374011266,1.0697205757402135,1.069349722414782,1.0695531660274782,
2026-01-09 01:25:00,1.0695531660274782,1.069904019134338,1.069455424685109,1.0697555091606237,
2026-01-09 01:30:00,1.0697555091606237,1.069986761559815,1.0696948278898053,1.0699390286125765,
2026-01-09 01:35:00,1.0699390286125765,1.069970150099422,1.0698325526149903,1.0699414439627062,
2026-01-09 01:40:00,1.0699414439627062,1.07007914377712,1.0695101951872343,1.0695595341574158,
2026-01-09 01:45:00,1.0695595341574158,1.0697785753199132,1.0694194718781709,1.0696429688552216,
2026-01-09 01:50:00,1.0696429688552216,1.0697294652264775,1.069158424781634,1.069287456014678,
2026-01-09 01:55:00,1.069287456014678,1.069628868186923,1.0691216431684152,1.0695237845869647,
2026-01-09 02:00:00,1.0695237845869647,1.069659555048467,1.069422869317961,1.0695515081585842,
2026-01-09 02:05:00,1.0695515081585842,1.0697756225321178,1.0694813514226391,1.0697124354682237,
2026-01-09 02:10:00,1.0697124354682237,1.0697889854583669,1.0693976789552366,1.069568230119899,
2026-01-09 02:15:00,1.069568230119899,1.0696635402397383,1.0691753374041717,1.0693197168788342,
2026-01-09 02:20:00,1.0693197168788342,1.069490649073711,1.0691725092293036,1.069362076848327,
2026-01-09 02:25:00,1.069362076848327,1.06955412430541,1.0692421661808842,1.0693572214037372,
2026-01-09 02:30:00,1.0693572214037372,1.0694741486334507,1.0691012378891616,1.069278914039841,
2026-01-09 02:35:00,1.069278914039841,1.069444637254509,1.0692179130084962,1.0692930277507913,
2026-01-09 02:40:00,1.0692930277507913,1.0699027949469255,1.0692007231862275,1.0697375347484943,
2026-01-09 02:45:00,1.0697375347484943,1.069912418023053,1.0695742128855947,1.0698719865612174,
2026-01-09 02:50:00,1.0698719865612174,1.0701785216532569,1.0698280535988631,1.070040959213097,
2026-01-09 02:55:00,1.070040959213097,1.0702837398613845,1.0698754995043542,1.0701769599317386,
2026-01-09 03:00:00,1.0701769599317386,1.070538052007719,1.070093492792007,1.0704150144381144,
2026-01-09 03:05:00,1.0704150144381144,1.0704419294865528,1.0703424410638431,1.0703850317296686,
2026-01-09 03:10:00,1.0703850317296686,1.070568150562247,1.0700214628237867,1.0700557097311831,
2026-01-09 03:15:00,1.0700557097311831,1.0702472108781067,1.0698542303525302,1.070025975521906,
2026-01-09 03:20:00,1.070025975521906,1.0701774320228834,1.0698658247236934,1.0701568052766202,
2026-01-09 03:25:00,1.0701568052766202,1.0702151077631876,1.0699298283837984,1.0700016758259685,
2026-01-09 03:30:00,1.0700016758259685,1.070054110777236,1.06993295921376,1.0699739044078227,
2026-01-09 03:35:00,1.0699739044078227,1.0701345392209332,1.0697989165669313,1.069863418763618,
2026-01-09 03:40:00,1.069863418763618,1.0702326803054851,1.0698050809891932,1.070105025894845,
2026-01-09 03:45:00,1.070105025894845,1.07027778748708,1.0699530758775404,1.0702258674276868,
2026-01-09 03:50:00,1.0702258674276868,1.0704975168201216,1.0701670660725024,1.0703310020481642,
2026-01-09 03:55:00,1.0703310020481642,1.070514965266809,1.070272104314246,1.0704313397898837,
2026-01-09 04:00:00,1.0704313397898837,1.0705342940276164,1.0704000858404583,1.0704258941043083,
2026-01-09 04:05:00,1.0704258941043083,1.0705478653962583,1.0702984593604126,1.0704581502073007,
2026-01-09 04:10:00,1.0704581502073007,1.0705719986444602,1.0701243823634827,1.0702683986821688,
2026-01-09 04:15:00,1.0702683986821688,1.070374824326558,1.0697803509470578,1.0699179792314684,
2026-01-09 04:20:00,1.0699179792314684,1.070012025769187,1.0697956313833603,1.0699426006487078,
2026-01-09 04:25:00,1.0699426006487078,1.0700915546430227,1.0697487071579166,1.069995134556274,
2026-01-09 04:30:00,1.069995134556274,1.0703732740223622,1.069890041624082,1.0701897733353885,
2026-01-09 04:35:00,1.0701897733353885,1.0705531033585924,1.0700149487639266,1.0704425824140262,
2026-01-09 04:40:00,1.0704425824140262,1.0708801859860664,1.0703063006301583,1.0706952364321904,
2026-01-09 04:45:00,1.0706952364321904,1.0708142593007977,1.0705003476815602,1.070535496830884,
2026-01-09 04:50:00,1.070535496830884,1.0706938839436717,1.0703136508083395,1.070479466731315,
2026-01-09 04:55:00,1.070479466731315,1.0706299794242382,1.070354276793811,1.0705571329884995,
2026-01-09 05:00:00,1.0705571329884995,1.0711266024075037,1.070419498369821,1.0709643279792955,
2026-01-09 05:05:00,1.0709643279792955,1.071270237884381,1.0709118870408834,1.0712026599940436,
2026-01-09 05:10:00,1.0712026599940436,1.07140659496436,1.071103911777098,1.0713830759694642,
2026-01-09 05:15:00,1.0713830759694642,1.0714320071792365,1.0711427881791915,1.0713212930245788,
2026-01-09 05:20:00,1.0713212930245788,1.0713451905420843,1.0711211318149472,1.0711799094297028,
2026-01-09 05:25:00,1.0711799094297028,1.0714976832003802,1.071159886946526,1.0713072119248397,
2026-01-09 05:30:00,1.0713072119248397,1.0715072077885148,1.0710645385693351,1.0711308901375165,
2026-01-09 05:35:00,1.0711308901375165,1.0712880915849678,1.0709853592470289,1.0710931168878806,
2026-01-09 05:40:00,1.0710931168878806,1.071132579957356,1.0709073818556292,1.0710752119034237,
2026-01-09 05:45:00,1.0710752119034237,1.0715135076267144,1.0709394195413202,1.0713316974438545,
2026-01-09 05:50:00,1.0713316974438545,1.0714855771568423,1.0710898034036749,1.0712752348280872,
2026-01-09 05:55:00,1.0712752348280872,1.0713550388408597,1.070781874211797,1.0708838758094898,
2026-01-09 06:00:00,1.0708838758094898,1.0710758546278398,1.0707935290693575,1.0709654446037142,
2026-01-09 06:05:00,1.0709654446037142,1.0711045612851413,1.070792036400988,1.0708536916799751,
2026-01-09 06:10:00,1.0708536916799751,1.0708854039563795,1.070794440432758,1.0708610748707583,
2026-01-09 06:15:00,1.0708610748707583,1.0709713522349362,1.0706951833002003,1.0708476830816618,
2026-01-09 06:20:00,1.0708476830816618,1.0709995142596478,1.0707697904505191,1.0708042550926675,
2026-01-09 06:25:00,1.0708042550926675,1.0709856236590705,1.0707405666473977,1.070931743092129,
2026-01-09 06:30:00,1.070931743092129,1.0710316253953551,1.0705066065465667,1.070686067693284,
2026-01-09 06:35:00,1.070686067693284,1.070801923116537,1.0704797264782078,1.0706035722254656,
2026-01-09 06:40:00,1.0706035722254656,1.0708663650000754,1.0705751864558333,1.0707139632331226,
2026-01-09 06:45:00,1.0707139632331226,1.070907564901065,1.0704691108029245,1.0706158767116236,
2026-01-09 06:50:00,1.0706158767116236,1.0707885663102643,1.0702468781351029,1.0703580809612985,
2026-01-09 06:55:00,1.0703580809612985,1.0705978339342566,1.0701842670503483,1.070465960618615,
2026-01-09 07:00:00,1.070465960618615,1.0707719016401047,1.0703231225215577,1.0706468463186345,
2026-01-09 07:05:00,1.0706468463186345,1.0707754199233877,1.0706193551805536,1.0706401555663896,
2026-01-09 07:10:00,1.0706401555663896,1.0707582877220685,1.0702687999943126,1.070325833030004,
2026-01-09 07:15:00,1.070325833030004,1.0704704022182077,1.0702593995639025,1.070439716899761,
2026-01-09 07:20:00,1.070439716899761,1.0705854102507868,1.0700273618643097,1.0701737636763589,
2026-01-09 07:25:00,1.0701737636763589,1.0703728108928965,1.0700620871243782,1.070223870268873,
2026-01-09 07:30:00,1.070223870268873,1.070336116734081,1.0699274064970523,1.0700819470465288,
2026-01-09 07:35:00,1.0700819470465288,1.0702586168155013,1.0697840136300758,1.0698963297258568,
2026-01-09 07:40:00,1.0698963297258568,1.070037368350353,1.0697470180734268,1.0698259473033522,
2026-01-09 07:45:00,1.0698259473033522,1.0699112269417663,1.06975840921742,1.0697970681338276,
2026-01-09 07:50:00,1.0697970681338276,1.0698206131174752,1.0696377601829257,1.069694232160686,
2026-01-09 07:55:00,1.069694232160686,1.069819880197497,1.0696020917462237,1.0697892311011274,
2026-01-09 08:00:00,1.0697892311011274,1.069872554788223,1.0695989265466763,1.0697181883221492,
2026-01-09 08:05:00,1.0697181883221492,1.0699791929819158,1.0695292335895747,1.06987601402338,
2026-01-09 08:10:00,1.06987601402338,1.0699717098010186,1.069812864391508,1.0699216729995071,
2026-01-09 08:15:00,1.0699216729995071,1.0699757520946631,1.0696703687360276,1.069810264025128,
2026-01-09 08:20:00,1.069810264025128,1.0698717020697082,1.0696243909148375,1.0696718491789066,
2026-01-09 08:25:00,1.0696718491789066,1.0698323415800304,1.0692595989189586,1.0694080744809047,
2026-01-09 08:30:00,1.0694080744809047,1.0696140788978863,1.0693860331230187,1.069455247086515,
2026-01-09 08:35:00,1.069455247086515,1.0695441761038895,1.0692608353806063,1.0693989009715936,
2026-01-09 08:40:00,1.0693989009715936,1.0694499265602788,1.0689696005018317,1.0690189796800402,
2026-01-09 08:45:00,1.0690189796800402,1.0690589431893516,1.0688811557927491,1.0689336141930978,
2026-01-09 08:50:00,1.0689336141930978,1.0689692974692664,1.0686690831422136,1.0687896865162103,
2026-01-09 08:55:00,1.0687896865162103,1.0691332913514058,1.0687021124379468,1.069042861086244,
2026-01-09 09:00:00,1.069042861086244,1.0690710587242418,1.0686655439143424,1.0687703788414415,
2026-01-09 09:05:00,1.0687703788414415,1.0688504331481243,1.068464267133613,1.0685398671324733,
2026-01-09 09:10:00,1.0685398671324733,1.06891139930858,1.0683482430635582,1.068718323324923,
2026-01-09 09:15:00,1.068718323324923,1.0690477304044723,1.068646005226908,1.0689363795736626,
2026-01-09 09:20:00,1.0689363795736626,1.069104455611893,1.0686999012149243,1.0688174697513768,
2026-01-09 09:25:00,1.0688174697513768,1.068860737621638,1.0685428872580167,1.068716671258014,
2026-01-09 09:30:00,1.068716671258014,1.0688842515688215,1.0685771187118072,1.0688159973879878,
2026-01-09 09:35:00,1.0688159973879878,1.0690063757480055,1.0683654106436686,1.0684435104941254,
2026-01-09 09:40:00,1.0684435104941254,1.0685325498355736,1.068026360550661,1.0681457991536671,
2026-01-09 09:45:00,1.0681457991536671,1.0682825122567878,1.0680664161181022,1.068101354520824,
2026-01-09 09:50:00,1.068101354520824,1.0685459364149503,1.0679831309683363,1.068350233594701,
2026-01-09 09:55:00,1.068350233594701,1.0684693753908403,1.0681832931297883,1.068280943165692,
2026-01-09 10:00:00,1.068280943165692,1.068372614035351,1.0681245150984189,1.0682976517644902,
2026-01-09 10:05:00,1.0682976517644902,1.068595635839192,1.068125029252726,1.0684798851171209,
2026-01-09 10:10:00,1.0684798851171209,1.0688479821793355,1.068423954143224,1.068818147483456,
2026-01-09 10:15:00,1.068818147483456,1.0688583740607926,1.0686915274669626,1.0687262039299454,
2026-01-09 10:20:00,1.0687262039299454,1.0687474947288549,1.068633738961439,1.0687240392180637,
2026-01-09 10:25:00,1.0687240392180637,1.0691958625852382,1.0686078921445874,1.0690167047777566,
2026-01-09 10:30:00,1.0690167047777566,1.0691575352549585,1.0686853542097643,1.068773178560461,
2026-01-09 10:35:00,1.068773178560461,1.069012162747084,1.0686400375496814,1.06893846338936,
2026-01-09 10:40:00,1.06893846338936,1.0689982724448173,1.068664715520148,1.0687757327504974,
2026-01-09 10:45:00,1.0687757327504974,1.0689356490580624,1.0685871400642577,1.068792695269854,
2026-01-09 10:50:00,1.068792695269854,1.0689782110415151,1.0686606435326178,1.0687543339348151,
2026-01-09 10:55:00,1.0687543339348151,1.0688281789712046,1.0685664484611297,1.0686012974122605,
2026-01-09 11:00:00,1.0686012974122605,1.0686791780519502,1.0683699133494815,1.0684442616532872,
2026-01-09 11:05:00,1.0684442616532872,1.0686628601478354,1.068315200758062,1.0684890968173004,
2026-01-09 11:10:00,1.0684890968173004,1.0688300091403613,1.068423012299551,1.0686492014935025,
2026-01-09 11:15:00,1.0686492014935025,1.0688337280755316,1.068560521715374,1.068628939636699,
2026-01-09 11:20:00,1.068628939636699,1.068713480516033,1.068547816589575,1.0686407127585915,
2026-01-09 11:25:00,1.0686407127585915,1.068774464288461,1.068486407238208,1.0687328080262934,
2026-01-09 11:30:00,1.0687328080262934,1.0688320075892532,1.0683883695537504,1.0685775935359232,
2026-01-09 11:35:00,1.0685775935359232,1.068769934963699,1.0684945257418306,1.0686966972879737,
2026-01-09 11:40:00,1.0686966972879737,1.0690076801629638,1.0686415094408168,1.0688285841629377,
2026-01-09 11:45:00,1.0688285841629377,1.0692732191291523,1.0687328695115477,1.0692466248396275,
2026-01-09 11:50:00,1.0692466248396275,1.0693807233241623,1.0691035077692517,1.069186838913988,
2026-01-09 11:55:00,1.069186838913988,1.0693699515598227,1.0689157052552023,1.0691139097397446,
2026-01-09 12:00:00,1.0691139097397446,1.0694335689531873,1.0690104134532117,1.0692377682871623,
2026-01-09 12:05:00,1.0692377682871623,1.0695067071176954,1.0690954972836562,1.0693696836098217,
2026-01-09 12:10:00,1.0693696836098217,1.0695606697420856,1.0690999089473343,1.0692843907993306,
2026-01-09 12:15:00,1.0692843907993306,1.0693180095026031,1.069087031947023,1.0692202630309484,
2026-01-09 12:20:00,1.0692202630309484,1.0693922595178431,1.0691553749054628,1.069307589415564,
2026-01-09 12:25:00,1.069307589415564,1.0693291580610826,1.0690460571082967,1.0691753909254569,
2026-01-09 12:30:00,1.0691753909254569,1.069372004004451,1.0690177498414797,1.0691100875819712,
2026-01-09 12:35:00,1.0691100875819712,1.0693074806867593,1.0690140646054722,1.0691249899205812,
2026-01-09 12:40:00,1.0691249899205812,1.0693103033944074,1.0689287114959345,1.0692852539342828,
2026-01-09 12:45:00,1.0692852539342828,1.0693085178113657,1.0691186732854967,1.0691888196679438,
2026-01-09 12:50:00,1.0691888196679438,1.069274874176883,1.0687895080832703,1.0688939164096365,
2026-01-09 12:55:00,1.0688939164096365,1.068960453243659,1.06853842289685,1.068587198965076,
2026-01-09 13:00:00,1.068587198965076,1.0687596467749796,1.0683337453664512,1.0683858833222146,
2026-01-09 13:05:00,1.0683858833222146,1.0684347705148036,1.068047365460763,1.0681759926570984,
2026-01-09 13:10:00,1.0681759926570984,1.0683383095603844,1.0679965714675477,1.068151754295015,
2026-01-09 13:15:00,1.068151754295015,1.0682715570410133,1.0678272568191205,1.0679618195963716,
2026-01-09 13:20:00,1.0679618195963716,1.0680497501152244,1.0677705110150253,1.0678497821346478,
2026-01-09 13:25:00,1.0678497821346478,1.0678960116917595,1.0676956008082783,1.06772633207934,
2026-01-09 13:30:00,1.06772633207934,1.0679259165144128,1.0675516694666292,1.0676563169618158,
2026-01-09 13:35:00,1.0676563169618158,1.0679999064224213,1.0675455484242589,1.0678686689206554,
2026-01-09 13:40:00,1.0678686689206554,1.0680743279378813,1.0677099516312225,1.067975239136019,
2026-01-09 13:45:00,1.067975239136019,1.0680651599607898,1.0678399870148063,1.0679783570006105,
2026-01-09 13:50:00,1.0679783570006105,1.068161388082124,1.067728212040198,1.0679050385931663,
2026-01-09 13:55:00,1.0679050385931663,1.0680728531186408,1.0676752401472749,1.06783617706544,
2026-01-09 14:00:00,1.06783617706544,1.068055222672893,1.067750319064354,1.0678892092309866,
2026-01-09 14:05:00,1.0678892092309866,1.0681142372249723,1.067755409374752,1.067983321499839,
2026-01-09 14:10:00,1.067983321499839,1.0681631536847245,1.067683955686802,1.067838467262104,
2026-01-09 14:15:00,1.067838467262104,1.0679187146404865,1.067646228795653,1.0678448445335045,
2026-01-09 14:20:00,1.0678448445335045,1.0679915116378338,1.0674239863111443,1.0675200097004165,
2026-01-09 14:25:00,1.0675200097004165,1.0676472459145845,1.0673833189418005,1.067554445320954,
2026-01-09 14:30:00,1.067554445320954,1.0678050312930898,1.0674637658306032,1.067677031507549,
2026-01-09 14:35:00,1.067677031507549,1.0678766990476594,1.06747990376769,1.0676327128398866,
2026-01-09 14:40:00,1.0676327128398866,1.0681214084458028,1.0674485540690506,1.0679241939852813,
2026-01-09 14:45:00,1.0679241939852813,1.0680364654082457,1.0675981121448517,1.067783572827681,
2026-01-09 14:50:00,1.067783572827681,1.067942229621898,1.0677352970745513,1.0678189342005084,
2026-01-09 14:55:00,1.0678189342005084,1.0680004521189532,1.0677569925836652,1.067813729971237,
2026-01-09 15:00:00,1.067813729971237,1.0680111443994893,1.0676423118059484,1.0677981991070906,
2026-01-09 15:05:00,1.0677981991070906,1.0679583485115631,1.067646840423932,1.0677804222034015,
2026-01-09 15:10:00,1.0677804222034015,1.067829844140683,1.0675975028917677,1.0677981109382504,
2026-01-09 15:15:00,1.0677981109382504,1.0680125460071248,1.0677216268375556,1.067934470854943,
2026-01-09 15:20:00,1.067934470854943,1.068337108763158,1.0677618271089366,1.0681557275419724,
2026-01-09 15:25:00,1.0681557275419724,1.06831420452917,1.0680126478877152,1.068155901078117,
2026-01-09 15:30:00,1.068155901078117,1.068440677863712,1.0681007189422889,1.0682870759109278,
2026-01-09 15:35:00,1.0682870759109278,1.068427302092412,1.0681323936465985,1.0681751626330178,
2026-01-09 15:40:00,1.0681751626330178,1.0683931775140554,1.0680286723846564,1.0682984300211216,
2026-01-09 15:45:00,1.0682984300211216,1.0683910134587835,1.0681283428628077,1.068176865935098,
2026-01-09 15:50:00,1.068176865935098,1.0685177749111228,1.0680138867079445,1.0683521670633565,
2026-01-09 15:55:00,1.0683521670633565,1.068779902057401,1.0682318899561336,1.0687070216048833,
2026-01-09 16:00:00,1.0687070216048833,1.0688502913419695,1.0685821492704486,1.068687985341692,
2026-01-09 16:05:00,1.068687985341692,1.0688387028759083,1.068267510340695,1.0683371055671604,
2026-01-09 16:10:00,1.0683371055671604,1.0685091256452457,1.0680527220973297,1.068249814304416,
2026-01-09 16:15:00,1.068249814304416,1.0685253387303542,1.0680998242244522,1.068447759324027,
2026-01-09 16:20:00,1.068447759324027,1.0686904773854256,1.0682877078675372,1.0685369373173947,
2026-01-09 16:25:00,1.0685369373173947,1.068616536538476,1.068378569350415,1.0685773683569115,
2026-01-09 16:30:00,1.0685773683569115,1.0687844420958166,1.06845224555302,1.0687395909846051,
2026-01-09 16:35:00,1.0687395909846051,1.0689129118880587,1.0685504451930523,1.0688177914008274,
2026-01-09 16:40:00,1.0688177914008274,1.0690435133302585,1.0686927035302185,1.0690135726905143,
2026-01-09 16:45:00,1.0690135726905143,1.0693521345942925,1.0688999644851955,1.0691615488964288,
2026-01-09 16:50:00,1.0691615488964288,1.0695884942411926,1.0690922810167929,1.069406152995301,
2026-01-09 16:55:00,1.069406152995301,1.069493052152265,1.0693354405297295,1.0694642440870703,
2026-01-09 17:00:00,1.0694642440870703,1.0697809062462835,1.0693116049839937,1.0696100101363428,
2026-01-09 17:05:00,1.0696100101363428,1.069721607487679,1.069481011987216,1.0695612701231112,
2026-01-09 17:10:00,1.0695612701231112,1.0697076234430185,1.0693141463957878,1.0694653143299142,
2026-01-09 17:15:00,1.0694653143299142,1.0699193311801307,1.0692738271133275,1.069739683569657,
2026-01-09 17:20:00,1.069739683569657,1.069898766835514,1.069640608231037,1.06977491142784,
2026-01-09 17:25:00,1.06977491142784,1.069945549210431,1.0697373928121217,1.0699046103323795,
2026-01-09 17:30:00,1.0699046103323795,1.0699454681307186,1.0697646319657403,1.069925003980831,
2026-01-09 17:35:00,1.069925003980831,1.0700344498566363,1.0698096997271729,1.0698314138728782,
2026-01-09 17:40:00,1.0698314138728782,1.0700245730513591,1.0696697532390491,1.0698337112675769,
2026-01-09 17:45:00,1.0698337112675769,1.0701877842782956,1.06971909370651,1.070064712341405,
2026-01-09 17:50:00,1.070064712341405,1.0702415015962552,1.0699565605446837,1.0701543725513991,
2026-01-09 17:55:00,1.0701543725513991,1.070179938514474,1.0697577120912558,1.0698802116801598,
2026-01-09 18:00:00,1.0698802116801598,1.0700649079752698,1.0697332507551365,1.0698462042930446,
2026-01-09 18:05:00,1.0698462042930446,1.070211682831508,1.0697679243841214,1.0701327946325536,
2026-01-09 18:10:00,1.0701327946325536,1.0702796545647904,1.070028339973481,1.070099011577223,
2026-01-09 18:15:00,1.070099011577223,1.0702439742736032,1.0697158283915542,1.0698105819344663,
2026-01-09 18:20:00,1.0698105819344663,1.0701806396547526,1.0696294982637218,1.0701149406857062,
2026-01-09 18:25:00,1.0701149406857062,1.0702564971184385,1.0700705740029444,1.0702250171672756,
2026-01-09 18:30:00,1.0702250171672756,1.0703143172354366,1.0701358552789586,1.0702143129063622,
2026-01-09 18:35:00,1.0702143129063622,1.0702913964888527,1.070100611081115,1.070155225158146,
2026-01-09 18:40:00,1.070155225158146,1.0704755632651048,1.0700583405023334,1.0703295171133078,
2026-01-09 18:45:00,1.0703295171133078,1.070497077962527,1.0701990109315558,1.070243040646998,
2026-01-09 18:50:00,1.070243040646998,1.0704879689289153,1.0700860974364956,1.0704279287537848,
2026-01-09 18:55:00,1.0704279287537848,1.0706306062907187,1.0703893046231197,1.070515524698159,
2026-01-09 19:00:00,1.070515524698159,1.07058266056924,1.070375777521308,1.07055535106671,
2026-01-09 19:05:00,1.07055535106671,1.0706378199073807,1.0704871632082336,1.070579253859253,
2026-01-09 19:10:00,1.070579253859253,1.0707363709482107,1.0704466977317113,1.0705516919311455,
2026-01-09 19:15:00,1.0705516919311455,1.0708829639275868,1.0704956940980366,1.0707201522298988,
2026-01-09 19:20:00,1.0707201522298988,1.0708799050333202,1.0704302752765549,1.0705817155388606,
2026-01-09 19:25:00,1.0705817155388606,1.0706273453653583,1.0701311321948448,1.0703218218729131,
2026-01-09 19:30:00,1.0703218218729131,1.070540195181097,1.0702619077211823,1.070421008930153,
2026-01-09 19:35:00,1.070421008930153,1.070618990119794,1.0702294413527649,1.070522902605194,
2026-01-09 19:40:00,1.070522902605194,1.070799024589293,1.070444353321012,1.07060055705587,
2026-01-09 19:45:00,1.07060055705587,1.0708043041007058,1.0704801445658008,1.0706665715242754,
2026-01-09 19:50:00,1.0706665715242754,1.0708549079007266,1.0704693430981316,1.070615629289327,
2026-01-09 19:55:00,1.070615629289327,1.070788798878471,1.0705597609384352,1.0707426358235694,
2026-01-09 20:00:00,1.0707426358235694,1.0708437930127277,1.0706357965533178,1.0707358540620555,
2026-01-09 20:05:00,1.0707358540620555,1.0708947434300748,1.0706259478094442,1.0706581567559637,
2026-01-09 20:10:00,1.0706581567559637,1.070744371147009,1.0704631342054878,1.0706086038851728,
2026-01-09 20:15:00,1.0706086038851728,1.0710675372000722,1.0705136129836224,1.0709336856707643,
2026-01-09 20:20:00,1.0709336856707643,1.0710457920617915,1.0704750545960735,1.0706555506119486,
2026-01-09 20:25:00,1.0706555506119486,1.0709349014185925,1.0705862320720054,1.0707363541249333,
2026-01-09 20:30:00,1.0707363541249333,1.070787651182145,1.070280992392599,1.0704672406309774,
2026-01-09 20:35:00,1.0704672406309774,1.0706556033961367,1.0704050097886195,1.070450396960663,
2026-01-09 20:40:00,1.070450396960663,1.0705426797323472,1.0702520539446063,1.070381307908489,
2026-01-09 20:45:00,1.070381307908489,1.0704855466424368,1.0699717235065918,1.0700471289789688,
2026-01-09 20:50:00,1.0700471289789688,1.0702252574784543,1.0699944082889972,1.07011010913939,
2026-01-09 20:55:00,1.07011010913939,1.0701778751182882,1.0700127348260462,1.0700496435169558,
2026-01-09 21:00:00,1.0700496435169558,1.0702431018566256,1.0695752775052514,1.0697132931658406,
2026-01-09 21:05:00,1.0697132931658406,1.070032618842018,1.069651322937854,1.0698485511450757,
2026-01-09 21:10:00,1.0698485511450757,1.0702745197811436,1.069725444550903,1.0700793968631055,
2026-01-09 21:15:00,1.0700793968631055,1.0705185869820475,1.069883101492995,1.07031914145905,
2026-01-09 21:20:00,1.07031914145905,1.0705178719086286,1.0702422683313997,1.070377307891496,
2026-01-09 21:25:00,1.070377307891496,1.0704865414367275,1.070351017921507,1.0703852380474828,
2026-01-09 21:30:00,1.0703852380474828,1.0707721725784676,1.0703395299768914,1.0705990404761982,
2026-01-09 21:35:00,1.0705990404761982,1.070894068619851,1.0705575625145043,1.0708697837418404,
2026-01-09 21:40:00,1.0708697837418404,1.0712226131480946,1.0707663927069435,1.0710524204200462,
2026-01-09 21:45:00,1.0710524204200462,1.071161931904404,1.0707476640302096,1.0709017011327484,
2026-01-09 21:50:00,1.0709017011327484,1.0710757597750662,1.0708283411433075,1.0709345801701913,
2026-01-09 21:55:00,1.0709345801701913,1.0710930502469993,1.0708883284714394,1.0710057219559577,
2026-01-09 22:00:00,1.0710057219559577,1.0710920741236536,1.0705802422292825,1.0707155802472217,
2026-01-09 22:05:00,1.0707155802472217,1.0708172101496858,1.0706413678096287,1.0707915010621798,
2026-01-09 22:10:00,1.0707915010621798,1.0712534660322253,1.0706679703993036,1.071157183934748,
2026-01-09 22:15:00,1.071157183934748,1.0713540490883164,1.0709691023540069,1.071260545333141,
2026-01-09 22:20:00,1.071260545333141,1.0715583310409245,1.0711881028812542,1.0714978686425882,
2026-01-09 22:25:00,1.0714978686425882,1.0715923219104304,1.071385620151981,1.0715278037211933,
2026-01-09 22:30:00,1.0715278037211933,1.071652948845673,1.0713513450790315,1.071516571223485,
2026-01-09 22:35:00,1.071516571223485,1.0716555884164736,1.0713720619632356,1.0715783895568165,
2026-01-09 22:40:00,1.0715783895568165,1.0717478349004397,1.071292533901609,1.0714477999730694,
2026-01-09 22:45:00,1.0714477999730694,1.0714878492923037,1.0711343891073557,1.0712934515948298,
2026-01-09 22:50:00,1.0712934515948298,1.0716214703278155,1.0711762667111695,1.0714974942374322,
2026-01-09 22:55:00,1.0714974942374322,1.0717674300585296,1.0713810030580098,1.0717186220076445,
2026-01-09 23:00:00,1.0717186220076445,1.0718337053204905,1.071410441441472,1.0715598415659526,
2026-01-09 23:05:00,1.0715598415659526,1.0718354372766945,1.0714142648773322,1.0717159790170432,
2026-01-09 23:10:00,1.0717159790170432,1.0718515926006178,1.0715619251205162,1.0717025355000416,
2026-01-09 23:15:00,1.0717025355000416,1.0718546353180998,1.071613751255456,1.0717576988275908,
2026-01-09 23:20:00,1.0717576988275908,1.0719439291711896,1.0715885611513818,1.0718322237278664,
2026-01-09 23:25:00,1.0718322237278664,1.072045209648803,1.0717697072077796,1.0719926381779084,
2026-01-09 23:30:00,1.0719926381779084,1.0721098180219986,1.0719446064239648,1.072006475259046,
2026-01-09 23:35:00,1.072006475259046,1.0723209362481954,1.0719243460596053,1.0722337907781585,
2026-01-09 23:40:00,1.0722337907781585,1.0724239961090714,1.0721681011548854,1.0722840925102337,
2026-01-09 23:45:00,1.0722840925102337,1.0724832967428082,1.072144719658037,1.072385028832579,
2026-01-09 23:50:00,1.072385028832579,1.0725453103297553,1.0721899533720052,1.072251536585212,
2026-01-09 23:55:00,1.072251536585212,1.0726960014952085,1.072113368414309,1.0725993229174653,
2026-01-10 00:00:00,1.0725993229174653,1.0727378908139908,1.072486942814394,1.0726754520028556,
2026-01-10 00:05:00,1.0726754520028556,1.0728599807277863,1.072628010990602,1.0727907167583737,
2026-01-10 00:10:00,1.0727907167583737,1.0728188680988902,1.0724659858863943,1.0725324972139365,
2026-01-10 00:15:00,1.0725324972139365,1.0726496825998444,1.0722867745610716,1.072400685382246,
2026-01-10 00:20:00,1.072400685382246,1.0727699248269646,1.0722487264275398,1.0726003662678625,
2026-01-10 00:25:00,1.0726003662678625,1.072805501619457,1.072508680971911,1.07264706151223,
2026-01-10 00:30:00,1.07264706151223,1.0727458636161709,1.072277810467842,1.0723397203434342,
2026-01-10 00:35:00,1.0723397203434342,1.072562581196708,1.0722666062657973,1.072507279532782,
2026-01-10 00:40:00,1.072507279532782,1.0726827067325757,1.072383216564054,1.0724203376581232,
2026-01-10 00:45:00,1.0724203376581232,1.0726781473562723,1.072395810747927,1.0726479267701443,
2026-01-10 00:50:00,1.0726479267701443,1.0727397868606807,1.0724391673903335,1.072634330666493,
2026-01-10 00:55:00,1.072634330666493,1.0728419945444378,1.072596976878307,1.0726678038188089,
2026-01-10 01:00:00,1.0726678038188089,1.0729488228182598,1.0726253240966888,1.072858051014527,
2026-01-10 01:05:00,1.072858051014527,1.072899268599263,1.0725373911738263,1.072714164709141,
2026-01-10 01:10:00,1.072714164709141,1.0727820356192033,1.0724155258143448,1.0725549567567745,
2026-01-10 01:15:00,1.0725549567567745,1.072682962056288,1.07242538712563,1.0725238801812542,
2026-01-10 01:20:00,1.0725238801812542,1.0727048656163545,1.0723870559682236,1.0726574991529692,
2026-01-10 01:25:00,1.0726574991529692,1.0727953875118008,1.0722556231595042,1.0724439204277396,
2026-01-10 01:30:00,1.0724439204277396,1.0725427895753554,1.072138271130879,1.0721761590469372,
2026-01-10 01:35:00,1.0721761590469372,1.07238936958708,1.0721122910620455,1.0723091794769322,
2026-01-10 01:40:00,1.0723091794769322,1.0723725460634264,1.0720378790195428,1.0722127330921676,
2026-01-10 01:45:00,1.0722127330921676,1.072380932489622,1.0719896734818355,1.0721501885639897,
2026-01-10 01:50:00,1.0721501885639897,1.072241589874533,1.0716531829184328,1.071852149128313,
2026-01-10 01:55:00,1.071852149128313,1.072005075396122,1.071667022156494,1.0717435257432069,
2026-01-10 02:00:00,1.0717435257432069,1.0718427896778815,1.071552765533525,1.07174284508501,
2026-01-10 02:05:00,1.07174284508501,1.0719294964339687,1.0716609810953768,1.071892960340329,
2026-01-10 02:10:00,1.071892960340329,1.0719922514158593,1.071620785194881,1.0717695019692943,
2026-01-10 02:15:00,1.0717695019692943,1.0721479036877992,1.0715906082387223,1.0720365198874469,
2026-01-10 02:20:00,1.0720365198874469,1.0721389314822756,1.071876240366502,1.0719269811436485,
2026-01-10 02:25:00,1.0719269811436485,1.072093904651763,1.0717606740413392,1.0718176889992457,
2026-01-10 02:30:00,1.0718176889992457,1.0722493718281851,1.0716931164425998,1.0720654185853573,
2026-01-10 02:35:00,1.0720654185853573,1.072261580203561,1.071893530126751,1.0720999600420231,
2026-01-10 02:40:00,1.0720999600420231,1.0722248607844214,1.0719775149532256,1.0720117258695656,
2026-01-10 02:45:00,1.0720117258695656,1.0721291868624654,1.0718141579272198,1.0719873164729758,
2026-01-10 02:50:00,1.0719873164729758,1.0723414771987725,1.0719055547776577,1.07220544631335,
2026-01-10 02:55:00,1.07220544631335,1.0725136285176389,1.072112325522835,1.0724418190642795,
2026-01-10 03:00:00,1.0724418190642795,1.0726079514965865,1.072229793796789,1.0723109687940129,
2026-01-10 03:05:00,1.0723109687940129,1.0724852014659816,1.072120613249112,1.072304679631941,
2026-01-10 03:10:00,1.072304679631941,1.0723878163173248,1.0722611366531565,1.0723197172279522,
2026-01-10 03:15:00,1.0723197172279522,1.0725022245054174,1.072038260927872,1.072161630334484,
2026-01-10 03:20:00,1.072161630334484,1.0723344022248025,1.072106551487319,1.0721532109418317,
2026-01-10 03:25:00,1.0721532109418317,1.0722510106757763,1.0719660639084143,1.0721546030576294,
2026-01-10 03:30:00,1.0721546030576294,1.0725221470714217,1.071990975421193,1.0723385270350447,
2026-01-10 03:35:00,1.0723385270350447,1.0725749751654885,1.0722764395656776,1.0725332961466023,
2026-01-10 03:40:00,1.0725332961466023,1.07255833372726,1.0724072704001533,1.0724808704884092,
2026-01-10 03:45:00,1.0724808704884092,1.0725634865170162,1.0723583154069398,1.072446988165973,
2026-01-10 03:50:00,1.072446988165973,1.0726761709348986,1.0723540129844198,1.0725543925091097,
2026-01-10 03:55:00,1.0725543925091097,1.0726376521797256,1.0722936641905212,1.072460785905075,
2026-01-10 04:00:00,1.072460785905075,1.07274559257765,1.072339169901119,1.072556020385589,
2026-01-10 04:05:00,1.072556020385589,1.072621868226819,1.072445383178385,1.0725424140550652,
2026-01-10 04:10:00,1.0725424140550652,1.072613032465912,1.0722375033849445,1.0723870034231928,
2026-01-10 04:15:00,1.0723870034231928,1.072521272393451,1.072131220018669,1.0722336356964108,
2026-01-10 04:20:00,1.0722336356964108,1.072487630440289,1.0721905524933717,1.0724669349414675,
2026-01-10 04:25:00,1.0724669349414675,1.0726178952108911,1.0724029598748812,1.0724423079280496,
2026-01-10 04:30:00,1.0724423079280496,1.0727946990244277,1.0723636357256865,1.0727067545174709,
2026-01-10 04:35:00,1.0727067545174709,1.0729027491336467,1.072496130207666,1.0726246468504368,
2026-01-10 04:40:00,1.0726246468504368,1.072816492457775,1.07258037541146,1.0726720372910297,
2026-01-10 04:45:00,1.0726720372910297,1.0730870252177478,1.072553013140304,1.073057626525833,
2026-01-10 04:50:00,1.073057626525833,1.0730942995314066,1.0728194511935156,1.0728879809295813,
2026-01-10 04:55:00,1.0728879809295813,1.0729238511888275,1.0724379649195168,1.0725831393343264,
2026-01-10 05:00:00,1.0725831393343264,1.0729821639438597,1.0725580520481146,1.072790691937079,
2026-01-10 05:05:00,1.072790691937079,1.0729338212144983,1.0725537633316475,1.072658187549314,
2026-01-10 05:10:00,1.072658187549314,1.072755156630626,1.0726259847075783,1.072655392254401,
2026-01-10 05:15:00,1.072655392254401,1.0727114791385794,1.0724821680289776,1.0725616594285272,
2026-01-10 05:20:00,1.0725616594285272,1.072782594920738,1.0725388559025557,1.0726053397663795,
2026-01-10 05:25:00,1.0726053397663795,1.0726616198333605,1.0723485165861737,1.0724529543630776,
2026-01-10 05:30:00,1.0724529543630776,1.072600156622043,1.0722664815177063,1.0724245443740323,
2026-01-10 05:35:00,1.0724245443740323,1.07265484039836,1.072386504767238,1.0724974420132818,
2026-01-10 05:40:00,1.0724974420132818,1.0725704801092757,1.072183439057599,1.072335779142158,
2026-01-10 05:45:00,1.072335779142158,1.0724466637948489,1.0720985572452577,1.0722237123933342,
2026-01-10 05:50:00,1.0722237123933342,1.0722838504641516,1.0720575501671228,1.0721683791162873,
2026-01-10 05:55:00,1.0721683791162873,1.0722565864546292,1.0718112431120537,1.071939150099264,
2026-01-10 06:00:00,1.071939150099264,1.0721328742909546,1.0717912827554152,1.0718717442391266,
2026-01-10 06:05:00,1.0718717442391266,1.0720361453992648,1.0717238831194482,1.071891380553027,
2026-01-10 06:10:00,1.071891380553027,1.0720637711101413,1.0716673375802133,1.071827677431759,
2026-01-10 06:15:00,1.071827677431759,1.071944985354623,1.0716245035906984,1.071784583886504,
2026-01-10 06:20:00,1.071784583886504,1.0718476110400914,1.0717134174744043,1.071781920236495,
2026-01-10 06:25:00,1.071781920236495,1.0719302386106957,1.0715393358996033,1.0716770391613477,
2026-01-10 06:30:00,1.0716770391613477,1.071898772429088,1.0716303819307134,1.0717886701961457,
2026-01-10 06:35:00,1.0717886701961457,1.0720719236300411,1.0716794946656982,1.0720200908337818,
2026-01-10 06:40:00,1.0720200908337818,1.0721143282139132,1.0719254823739983,1.0719459556408093,
2026-01-10 06:45:00,1.0719459556408093,1.0721587816736995,1.071891110024188,1.0720245104342765,
2026-01-10 06:50:00,1.0720245104342765,1.0721768701684793,1.071852803659438,1.0719865158002877,
2026-01-10 06:55:00,1.0719865158002877,1.0721096028031585,1.0718091307293511,1.072045823059898,
2026-01-10 07:00:00,1.072045823059898,1.072475856411539,1.0720169979661525,1.0722981768904565,
2026-01-10 07:05:00,1.0722981768904565,1.0724688506062428,1.0721776373878649,1.0723805314069692,
2026-01-10 07:10:00,1.0723805314069692,1.07244933601619,1.0719612196060948,1.0720958391097135,
2026-01-10 07:15:00,1.0720958391097135,1.0722245083143618,1.0719080087331008,1.07216938670438,
2026-01-10 07:20:00,1.07216938670438,1.07253296787774,1.072031460821344,1.0723682170375477,
2026-01-10 07:25:00,1.0723682170375477,1.0724519666610417,1.0722945630064662,1.072333108892911,
2026-01-10 07:30:00,1.072333108892911,1.0726008167489955,1.0722866949292529,1.0724938049239756,
2026-01-10 07:35:00,1.0724938049239756,1.0725539124922172,1.072248887622056,1.0723833251652557,
2026-01-10 07:40:00,1.0723833251652557,1.072526821558066,1.0720861162041035,1.072144927745921,
2026-01-10 07:45:00,1.072144927745921,1.0723287531307284,1.071957832760443,1.072168167117369,
2026-01-10 07:50:00,1.072168167117369,1.0722492636621808,1.071700530810488,1.0718862545066294,
2026-01-10 07:55:00,1.0718862545066294,1.0720763687959962,1.0716574819810938,1.0718482400359222,
2026-01-10 08:00:00,1.0718482400359222,1.072081200884889,1.071775508566516,1.0720556909751682,
2026-01-10 08:05:00,1.0720556909751682,1.0720996207337574,1.0716001140207052,1.071749165004138,
2026-01-10 08:10:00,1.071749165004138,1.0718751466698189,1.0714046830670605,1.0715440255703088,
2026-01-10 08:15:00,1.0715440255703088,1.0716902788054776,1.0713522852197723,1.071378693900413,
2026-01-10 08:20:00,1.071378693900413,1.0714438168385247,1.0713012519870997,1.0713690537008418,
2026-01-10 08:25:00,1.0713690537008418,1.0714887864982825,1.071253600309822,1.0713108183211644,
2026-01-10 08:30:00,1.0713108183211644,1.071613523699827,1.0712240727728517,1.0715362141753593,
2026-01-10 08:35:00,1.0715362141753593,1.0718098898836357,1.071344664506381,1.0716901538194237,
2026-01-10 08:40:00,1.0716901538194237,1.0719089885148847,1.0715179455244113,1.0717703095328872,
2026-01-10 08:45:00,1.0717703095328872,1.0719893634723048,1.071697493106441,1.0717942580226625,
2026-01-10 08:50:00,1.0717942580226625,1.0719600404634104,1.0716788523470644,1.0718580150286066,
2026-01-10 08:55:00,1.0718580150286066,1.0719946939158551,1.0716653635412905,1.0717199714431758,
2026-01-10 09:00:00,1.0717199714431758,1.071982366715041,1.0716500333245624,1.0718583196504154,
2026-01-10 09:05:00,1.0718583196504154,1.0719354795313152,1.0716483767337266,1.0716800773185493,
2026-01-10 09:10:00,1.0716800773185493,1.071880461715756,1.0715444081483845,1.0718149101720504,
2026-01-10 09:15:00,1.0718149101720504,1.0722039786535165,1.0716766644326412,1.0720061619236023,
2026-01-10 09:20:00,1.0720061619236023,1.0720978391280362,1.0718352316318578,1.07204060570293,
2026-01-10 09:25:00,1.07204060570293,1.0722028552510032,1.0718359266240989,1.0720128059505158,
2026-01-10 09:30:00,1.0720128059505158,1.0721241002544846,1.071963995258661,1.0720777145241007,
2026-01-10 09:35:00,1.0720777145241007,1.0722424977525855,1.071464436195383,1.071618183565692,
2026-01-10 09:40:00,1.071618183565692,1.0717207374308346,1.071573936191783,1.0716673063110964,
2026-01-10 09:45:00,1.0716673063110964,1.0718613945070192,1.0715623519225412,1.0716496206246555,
2026-01-10 09:50:00,1.0716496206246555,1.071793098402839,1.0715292215538297,1.0716420181367103,
2026-01-10 09:55:00,1.0716420181367103,1.0717923538061165,1.0716131135521747,1.0717561325222549,
2026-01-10 10:00:00,1.0717561325222549,1.0719009044037573,1.0716964308862398,1.071744648354318,
2026-01-10 10:05:00,1.071744648354318,1.0718733000916187,1.071493097321876,1.0715618982198742,
2026-01-10 10:10:00,1.0715618982198742,1.0716426565442791,1.0714967483541409,1.0715397059734748,
2026-01-10 10:15:00,1.0715397059734748,1.0716180325410347,1.0713515686444777,1.0715511000614386,
2026-01-10 10:20:00,1.0715511000614386,1.0717194865802269,1.071479202607583,1.0715701096395125,
2026-01-10 10:25:00,1.0715701096395125,1.071750116994032,1.0714598987399009,1.071596671946901,
2026-01-10 10:30:00,1.071596671946901,1.07184318556719,1.0713972957840745,1.0717642885143783,
2026-01-10 10:35:00,1.0717642885143783,1.0719420093943297,1.071468246890534,1.0715902425723816,
2026-01-10 10:40:00,1.0715902425723816,1.0716874094874853,1.071496173332883,1.0716190205880851,
2026-01-10 10:45:00,1.0716190205880851,1.0718594991391486,1.071431657955019,1.071826923542473,
2026-01-10 10:50:00,1.071826923542473,1.071954899754542,1.0714885655030872,1.0715486150990532,
2026-01-10 10:55:00,1.0715486150990532,1.071617299002893,1.0714963049657025,1.0715780262997832,
2026-01-10 11:00:00,1.0715780262997832,1.071647825831351,1.07136810877532,1.071484474361747,
2026-01-10 11:05:00,1.071484474361747,1.071595767912496,1.0713285158548338,1.0714254301676434,
2026-01-10 11:10:00,1.0714254301676434,1.0714969748996677,1.0711171031161222,1.071280560610039,
2026-01-10 11:15:00,1.071280560610039,1.071339259951675,1.0712262893179894,1.0712538511254242,
2026-01-10 11:20:00,1.0712538511254242,1.071696868961684,1.07112266047703,1.0715502955870009,
2026-01-10 11:25:00,1.0715502955870009,1.0716687554684532,1.0711996931778929,1.0713476154236143,
2026-01-10 11:30:00,1.0713476154236143,1.0715187724482993,1.0709652636404925,1.0711602086574403,
2026-01-10 11:35:00,1.0711602086574403,1.0712848317844783,1.0709053401059387,1.070951577481982,
2026-01-10 11:40:00,1.070951577481982,1.0713366667502815,1.0708872537026144,1.0712296462521624,
2026-01-10 11:45:00,1.0712296462521624,1.0712966723954525,1.0709680538244235,1.071155893606106,
2026-01-10 11:50:00,1.071155893606106,1.0713184654636223,1.0710187964832716,1.0711523096754585,
2026-01-10 11:55:00,1.0711523096754585,1.071207746457,1.0710612820668048,1.0710881308926972,
2026-01-10 12:00:00,1.0710881308926972,1.0711517320066724,1.0709030211673622,1.0709369430877682,
2026-01-10 12:05:00,1.0709369430877682,1.0711084290351838,1.0707383251755749,1.0708997044764876,
2026-01-10 12:10:00,1.0708997044764876,1.0714486074434837,1.0707775590667654,1.071295192788852,
2026-01-10 12:15:00,1.071295192788852,1.0716497669661775,1.0711734180021608,1.0715194497381613,
2026-01-10 12:20:00,1.0715194497381613,1.0715464554337029,1.071204527463884,1.07138290327968,
2026-01-10 12:25:00,1.07138290327968,1.0715304204226286,1.071319505654193,1.0714875140513374,
2026-01-10 12:30:00,1.0714875140513374,1.0715975063941712,1.071305535545712,1.07135441312244,
2026-01-10 12:35:00,1.07135441312244,1.071508754128667,1.07093903371893,1.071069518789502,
2026-01-10 12:40:00,1.071069518789502,1.0713374001470035,1.0708906826319242,1.071233861991449,
2026-01-10 12:45:00,1.071233861991449,1.0714439362770531,1.0711661168754087,1.0714208235326586,
2026-01-10 12:50:00,1.0714208235326586,1.071642655441587,1.071278190546996,1.071589486841827,
2026-01-10 12:55:00,1.071589486841827,1.0717154648477587,1.0714670716354586,1.0715144998611932,
2026-01-10 13:00:00,1.0715144998611932,1.071659458931937,1.071437286982628,1.071488230547877,
2026-01-10 13:05:00,1.071488230547877,1.0716352949701595,1.0713059587374618,1.0716092778738713,
2026-01-10 13:10:00,1.0716092778738713,1.071700544891402,1.071568044174788,1.0716727451757793,
2026-01-10 13:15:00,1.0716727451757793,1.0717397809965614,1.071585623069725,1.0716100052663229,
2026-01-10 13:20:00,1.0716100052663229,1.0716450355714924,1.0711908312263836,1.0713503205070436,
2026-01-10 13:25:00,1.0713503205070436,1.0714867067034388,1.071265068788309,1.071369156381644,
2026-01-10 13:30:00,1.071369156381644,1.071585375190346,1.0712777578422477,1.0715431088335936,
2026-01-10 13:35:00,1.0715431088335936,1.0716797883138758,1.0711871973174705,1.071351171675554,
2026-01-10 13:40:00,1.071351171675554,1.0716142632196954,1.07129878323307,1.0714543626622202,
2026-01-10 13:45:00,1.0714543626622202,1.0717028775099833,1.0713173038127464,1.071508184510508,
2026-01-10 13:50:00,1.071508184510508,1.0718200088622372,1.071431749411317,1.0716292956091424,
2026-01-10 13:55:00,1.0716292956091424,1.0718392115615811,1.071590527286226,1.0717700058345387,
2026-01-10 14:00:00,1.0717700058345387,1.071795299563011,1.071515152137453,1.0716589014262676,
2026-01-10 14:05:00,1.0716589014262676,1.0717381956251677,1.0713221847605066,1.0713995443047255,
2026-01-10 14:10:00,1.0713995443047255,1.071547070726094,1.071138352767269,1.0713143415060398,
2026-01-10 14:15:00,1.0713143415060398,1.0714885312077893,1.071128915088998,1.0714577669901202,
2026-01-10 14:20:00,1.0714577669901202,1.071542515268501,1.0711983667555696,1.0713711960727152,
2026-01-10 14:25:00,1.0713711960727152,1.0714448422912737,1.0711821774898889,1.0712602008044272,
2026-01-10 14:30:00,1.0712602008044272,1.0713196830188747,1.0709055203716014,1.070968105243986,
2026-01-10 14:35:00,1.070968105243986,1.0713973358625903,1.0707874011283527,1.0712502323267388,
2026-01-10 14:40:00,1.0712502323267388,1.0715220955859028,1.071148701869641,1.0713834581249984,
2026-01-10 14:45:00,1.0713834581249984,1.0716241180330834,1.071236064974758,1.0715077290961572,
2026-01-10 14:50:00,1.0715077290961572,1.0718477544372684,1.0713388395399033,1.0716638150021258,
2026-01-10 14:55:00,1.0716638150021258,1.0717956255063683,1.0715938314042497,1.071757060512877,
2026-01-10 15:00:00,1.071757060512877,1.071804004573283,1.0716768803782988,1.0717183179153271,
2026-01-10 15:05:00,1.0717183179153271,1.0718073388575866,1.0715600587748704,1.071692527736272,
2026-01-10 15:10:00,1.071692527736272,1.0718305865056077,1.0714980985160931,1.0716243331221305,
2026-01-10 15:15:00,1.0716243331221305,1.0721736049649264,1.071555697109052,1.0720484706923223,
2026-01-10 15:20:00,1.0720484706923223,1.072171732868857,1.071923223482473,1.0721384051851126,
2026-01-10 15:25:00,1.0721384051851126,1.072330921649787,1.0719020907660344,1.0720643550718405,
2026-01-10 15:30:00,1.0720643550718405,1.0722146617968582,1.0719813530950186,1.0721397501298953,
2026-01-10 15:35:00,1.0721397501298953,1.0722243652003762,1.0719141123414353,1.071977729530842,
2026-01-10 15:40:00,1.071977729530842,1.072352465958865,1.0718272293123925,1.0722202125950373,
2026-01-10 15:45:00,1.0722202125950373,1.07241034238818,1.0719529752134271,1.0721144321764298,
2026-01-10 15:50:00,1.0721144321764298,1.0723348383242253,1.0719226600776133,1.0721955544411867,
2026-01-10 15:55:00,1.0721955544411867,1.072559404002614,1.0721489889930615,1.0723675448032954,
2026-01-10 16:00:00,1.0723675448032954,1.0724837412004875,1.0721874772649556,1.0724299747991,
2026-01-10 16:05:00,1.0724299747991,1.072577093784351,1.0722722570130858,1.072445707997136,
2026-01-10 16:10:00,1.072445707997136,1.0726171801203694,1.0722993660137083,1.0724479819198318,
2026-01-10 16:15:00,1.0724479819198318,1.0725596063241176,1.0723630890035292,1.0724394386567837,
2026-01-10 16:20:00,1.0724394386567837,1.0725246299184328,1.0723232129809352,1.0723472077121492,
2026-01-10 16:25:00,1.0723472077121492,1.072544464247555,1.0721640868529536,1.072275445941895,
2026-01-10 16:30:00,1.072275445941895,1.072559365594525,1.0722040074541277,1.0725139878732537,
2026-01-10 16:35:00,1.0725139878732537,1.0726079551882086,1.072424895421868,1.0724970632052748,
2026-01-10 16:40:00,1.0724970632052748,1.0726742704807355,1.072184307268082,1.0723711922119763,
2026-01-10 16:45:00,1.0723711922119763,1.0725532787463476,1.072241147770974,1.0722886821715436,
2026-01-10 16:50:00,1.0722886821715436,1.0726626890440387,1.0721005203432172,1.072466220265758,
2026-01-10 16:55:00,1.072466220265758,1.072754719421092,1.072355535057956,1.0725754468544844,
2026-01-10 17:00:00,1.0725754468544844,1.0726953085383997,1.0724045565847935,1.07266613627383,
2026-01-10 17:05:00,1.07266613627383,1.0728534942437629,1.0725541924833106,1.07262523824617,
2026-01-10 17:10:00,1.07262523824617,1.0728150991250145,1.0724911325266349,1.0727180290305611,
2026-01-10 17:15:00,1.0727180290305611,1.0728553204843034,1.0724948304815634,1.0726150163927937,
2026-01-10 17:20:00,1.0726150163927937,1.0727059860492438,1.0723874337104762,1.0725737836065714,
2026-01-10 17:25:00,1.0725737836065714,1.0728968196049693,1.0725215098897398,1.0727303593511788,
2026-01-10 17:30:00,1.0727303593511788,1.0729952501127598,1.0726735367710252,1.0728715846430217,
2026-01-10 17:35:00,1.0728715846430217,1.0730437826786814,1.072523299568677,1.0727141131605786,
2026-01-10 17:40:00,1.0727141131605786,1.0727689920254524,1.0725393643546932,1.0725769979864348,
2026-01-10 17:45:00,1.0725769979864348,1.0726483200977597,1.0724427551420068,1.0725950231407035,
2026-01-10 17:50:00,1.0725950231407035,1.0729725795068794,1.0725641216003248,1.072873311682594,
2026-01-10 17:55:00,1.072873311682594,1.0728941669606873,1.0725317600931967,1.0725656184386585,
2026-01-10 18:00:00,1.0725656184386585,1.0727556487618777,1.0724381316649363,1.0726109352299962,
2026-01-10 18:05:00,1.0726109352299962,1.0726842249010016,1.07227085417,1.072390100403188,
2026-01-10 18:10:00,1.072390100403188,1.0725104142855066,1.072165459144169,1.0722886038599446,
2026-01-10 18:15:00,1.0722886038599446,1.0723212045008277,1.0721252683338198,1.0722305257111988,
2026-01-10 18:20:00,1.0722305257111988,1.0722812416958878,1.072009806962104,1.0721634316434088,
2026-01-10 18:25:00,1.0721634316434088,1.0722955462940127,1.071879529709607,1.072078123646153,
2026-01-10 18:30:00,1.072078123646153,1.0721548379391996,1.0720084830218026,1.0720798186663196,
2026-01-10 18:35:00,1.0720798186663196,1.072138468615985,1.0719160634749252,1.071994282615042,
2026-01-10 18:40:00,1.071994282615042,1.0720554749851874,1.0716815334755398,1.0717596823931617,
2026-01-10 18:45:00,1.0717596823931617,1.0719442680762052,1.0716022939828267,1.0718856005905546,
2026-01-10 18:50:00,1.0718856005905546,1.072139305525507,1.0718029578003525,1.0720071923546095,
2026-01-10 18:55:00,1.0720071923546095,1.0721935047578437,1.0718653796824449,1.0721433203392392,
2026-01-10 19:00:00,1.0721433203392392,1.0722286074838916,1.071795841927513,1.0718961016877753,
2026-01-10 19:05:00,1.0718961016877753,1.0720885197536676,1.071766696847711,1.0719447001178608,
2026-01-10 19:10:00,1.0719447001178608,1.072166394238485,1.071775477350756,1.0720539334481622,
2026-01-10 19:15:00,1.0720539334481622,1.0721814440049018,1.0717761260178684,1.071888656581628,
2026-01-10 19:20:00,1.071888656581628,1.0719558306892467,1.0717831254054755,1.0718906674329431,
2026-01-10 19:25:00,1.0718906674329431,1.072078556110113,1.0718044543372174,1.0718725097622663,
2026-01-10 19:30:00,1.0718725097622663,1.07226376763367,1.0717596469375388,1.072169269368973,
2026-01-10 19:35:00,1.072169269368973,1.0725510116213874,1.0721020351598494,1.0724793581127972,
2026-01-10 19:40:00,1.0724793581127972,1.0726621368259277,1.0720403368196136,1.0722121794566428,
2026-01-10 19:45:00,1.0722121794566428,1.0727518457641818,1.0721221839318078,1.0726138936334342,
2026-01-10 19:50:00,1.0726138936334342,1.072744403888799,1.0724239480267537,1.072467187400484,
2026-01-10 19:55:00,1.072467187400484,1.072805108543915,1.0724039932454572,1.0726254963065252,
2026-01-10 20:00:00,1.0726254963065252,1.072812728446861,1.072509271642381,1.072782191195332,
2026-01-10 20:05:00,1.072782191195332,1.0729529735074934,1.0724375839065117,1.072622515659361,
2026-01-10 20:10:00,1.072622515659361,1.072844434053432,1.0725484145896176,1.072702418467857,
2026-01-10 20:15:00,1.072702418467857,1.0727872171709174,1.0726180626772264,1.0726856521939645,
2026-01-10 20:20:00,1.0726856521939645,1.0728415288078508,1.0725924714236983,1.0727753855661966,
2026-01-10 20:25:00,1.0727753855661966,1.0728519066119613,1.072581189760104,1.0728130415499826,
2026-01-10 20:30:00,1.0728130415499826,1.0731955059685894,1.0726409020085796,1.0730061126179449,
2026-01-10 20:35:00,1.0730061126179449,1.073064329000032,1.0729591723867515,1.0730187848214323,
2026-01-10 20:40:00,1.0730187848214323,1.073085483757864,1.072861826261466,1.072992301853144,
2026-01-10 20:45:00,1.072992301853144,1.073313662505194,1.072829766296542,1.0731692632128715,
2026-01-10 20:50:00,1.0731692632128715,1.073411060816745,1.0730110213514248,1.0732632333779255,
2026-01-10 20:55:00,1.0732632333779255,1.0734305291634785,1.0731552411894096,1.07338159079665,
2026-01-10 21:00:00,1.07338159079665,1.0735481344055875,1.0731233998530292,1.0732751295024503,
2026-01-10 21:05:00,1.0732751295024503,1.0733869812109025,1.0729823554754794,1.073107401065386,
2026-01-10 21:10:00,1.073107401065386,1.0732801232674467,1.072960297342511,1.0730165574394244,
2026-01-10 21:15:00,1.0730165574394244,1.073052268809597,1.0728870861510753,1.0729171758063898,
2026-01-10 21:20:00,1.0729171758063898,1.0730719581941277,1.0728306658639808,1.0730442487942908,
2026-01-10 21:25:00,1.0730442487942908,1.0733365462740247,1.0730130997739402,1.0732018880053558,
2026-01-10 21:30:00,1.0732018880053558,1.0732488922888357,1.0730863495538516,1.0731774519665571,
2026-01-10 21:35:00,1.0731774519665571,1.0735228487249169,1.0730082537462746,1.0734083578966849,
2026-01-10 21:40:00,1.0734083578966849,1.0736517958766518,1.073236384949972,1.0736292562999803,
2026-01-10 21:45:00,1.0736292562999803,1.0738293791464466,1.0736031229941394,1.073668991879548,
2026-01-10 21:50:00,1.073668991879548,1.07385090731018,1.073504654466331,1.0735371708504826,
2026-01-10 21:55:00,1.0735371708504826,1.0739624204278289,1.0733965947747162,1.0737914215306752,
2026-01-10 22:00:00,1.0737914215306752,1.0739839250370422,1.0736721307152777,1.0737821304803672,
2026-01-10 22:05:00,1.0737821304803672,1.0739855458998653,1.0737352459696756,1.0738029886640268,
2026-01-10 22:10:00,1.0738029886640268,1.0739029119073191,1.0735838312666095,1.0737488265978012,
2026-01-10 22:15:00,1.0737488265978012,1.073840529275321,1.0735470919569703,1.0736060612662577,
2026-01-10 22:20:00,1.0736060612662577,1.0737873743264923,1.0733360461054982,1.073370112971343,
2026-01-10 22:25:00,1.073370112971343,1.073659398818867,1.073215201686485,1.0734725498357027,
2026-01-10 22:30:00,1.0734725498357027,1.0736676603064,1.0732174873158855,1.0733469499913193,
2026-01-10 22:35:00,1.0733469499913193,1.0739984878400672,1.0732559502983476,1.0738401907377957,
2026-01-10 22:40:00,1.0738401907377957,1.073896548727185,1.0735211106835036,1.0736658014001847,
2026-01-10 22:45:00,1.0736658014001847,1.0738558931446849,1.0732798074190308,1.0734638559429952,
2026-01-10 22:50:00,1.0734638559429952,1.0737370236439447,1.0734377031032971,1.073546538179918,
2026-01-10 22:55:00,1.073546538179918,1.0739332753494208,1.0734135558811362,1.0737933717039163,
2026-01-10 23:00:00,1.0737933717039163,1.0739786224961034,1.0737341015904538,1.0738043120481606,
2026-01-10 23:05:00,1.0738043120481606,1.0740180361650429,1.0736989672513713,1.0738970244092332,
2026-01-10 23:10:00,1.0738970244092332,1.074086967259407,1.073504318649996,1.073600635253195,
2026-01-10 23:15:00,1.073600635253195,1.0736375438045815,1.0734018746788911,1.0734920710191014,
2026-01-10 23:20:00,1.0734920710191014,1.0736675844844683,1.0732654798044807,1.0733197439025253,
2026-01-10 23:25:00,1.0733197439025253,1.073349734555752,1.072850748261559,1.073015225250119,
2026-01-10 23:30:00,1.073015225250119,1.0731156294376942,1.072926911544832,1.073034590168295,
2026-01-10 23:35:00,1.073034590168295,1.0730789487839656,1.072494497152487,1.0726741924794556,
2026-01-10 23:40:00,1.0726741924794556,1.072780436796099,1.0723781666928445,1.0724620069819748,
2026-01-10 23:45:00,1.0724620069819748,1.0725238112904134,1.07220498025934,1.0723761286613822,
2026-01-10 23:50:00,1.0723761286613822,1.0725675016896623,1.0721249515165396,1.072242955456214,
2026-01-10 23:55:00,1.072242955456214,1.0724279282789309,1.0721535429139393,1.072307250438873,
2026-01-11 00:00:00,1.072307250438873,1.0725385306545423,1.0721605246402457,1.0723569391220078,
2026-01-11 00:05:00,1.0723569391220078,1.0725713062281237,1.0721953412895793,1.0725012557036946,
2026-01-11 00:10:00,1.0725012557036946,1.0726475146808756,1.0723943713614452,1.0726228387200851,
2026-01-11 00:15:00,1.0726228387200851,1.072966558007518,1.0725262630429762,1.072806940106855,
2026-01-11 00:20:00,1.072806940106855,1.072953595778218,1.072683004692188,1.0728071677994229,
2026-01-11 00:25:00,1.0728071677994229,1.0729747280552222,1.072681838391292,1.0728565395590008,
2026-01-11 00:30:00,1.0728565395590008,1.0731061580009988,1.072759953300147,1.0729393963096476,
2026-01-11 00:35:00,1.0729393963096476,1.0731339465778804,1.072783016991528,1.0729627313908037,
2026-01-11 00:40:00,1.0729627313908037,1.073088553986247,1.072807393680293,1.072899343540889,
2026-01-11 00:45:00,1.072899343540889,1.0730932105434223,1.0727448399896404,1.0728463796913592,
2026-01-11 00:50:00,1.0728463796913592,1.0729959278419303,1.0725863996503178,1.072715356930688,
2026-01-11 00:55:00,1.072715356930688,1.0729255742626296,1.0725177241283406,1.0727837366949202,
2026-01-11 01:00:00,1.0727837366949202,1.0728687926175808,1.0727022209935857,1.0727691444935683,
2026-01-11 01:05:00,1.0727691444935683,1.0727895510377163,1.0726012197779784,1.0726629712819624,
2026-01-11 01:10:00,1.0726629712819624,1.0727263409632637,1.0725051183202214,1.0725569580281935,
2026-01-11 01:15:00,1.0725569580281935,1.0727144637194204,1.0722186786910473,1.0723627786496228,
2026-01-11 01:20:00,1.0723627786496228,1.0726685542482866,1.0722619416148875,1.072520777422488,
2026-01-11 01:25:00,1.072520777422488,1.0726135456125871,1.0724308282812745,1.0725339616265177,
2026-01-11 01:30:00,1.0725339616265177,1.0726665665619346,1.0723389631902602,1.072395699457607,
2026-01-11 01:35:00,1.072395699457607,1.0725814578238009,1.0722152945496743,1.0725263060774954,
2026-01-11 01:40:00,1.0725263060774954,1.072593759066964,1.0723369105254392,1.0724366816717792,
2026-01-11 01:45:00,1.0724366816717792,1.0726272151286815,1.0720815994169524,1.07221098421302,
2026-01-11 01:50:00,1.07221098421302,1.0724701503477077,1.0721707288889273,1.0723757778445793,
2026-01-11 01:55:00,1.0723757778445793,1.072439875611553,1.072250487000221,1.0722899219992243,
2026-01-11 02:00:00,1.0722899219992243,1.0723976014836554,1.072192567554822,1.0722246913723217,
2026-01-11 02:05:00,1.0722246913723217,1.0723215135021218,1.0721385690777707,1.07223185064376,
2026-01-11 02:10:00,1.07223185064376,1.0725674859107228,1.0721267310553655,1.072416170684,
2026-01-11 02:15:00,1.072416170684,1.0726131110450547,1.072352146617099,1.0724199301458863,
2026-01-11 02:20:00,1.0724199301458863,1.0725464428822886,1.072144648089399,1.072227590040457,
2026-01-11 02:25:00,1.072227590040457,1.072442010249412,1.0722064632343329,1.0723156037557633,
2026-01-11 02:30:00,1.0723156037557633,1.0724012738503337,1.0721549374810606,1.0722381334048077,
2026-01-11 02:35:00,1.0722381334048077,1.0726639918534406,1.0721966825645382,1.072542358285685,
2026-01-11 02:40:00,1.072542358285685,1.0726201936104822,1.0724992490795775,1.0725427144145323,
2026-01-11 02:45:00,1.0725427144145323,1.072562910987909,1.0721629240208372,1.072183735118398,
2026-01-11 02:50:00,1.072183735118398,1.0724176442273234,1.0720383866165064,1.072241746916205,
2026-01-11 02:55:00,1.072241746916205,1.072652390588218,1.0720541158368764,1.072555090652824,
2026-01-11 03:00:00,1.072555090652824,1.072917772152968,1.0724232124518709,1.0728091962256583,
2026-01-11 03:05:00,1.0728091962256583,1.073139443096424,1.0727718798563115,1.0731044129316474,
2026-01-11 03:10:00,1.0731044129316474,1.0732750928240604,1.0727426786813758,1.0729408155822664,
2026-01-11 03:15:00,1.0729408155822664,1.0731388256726837,1.0727452102515087,1.0730881650000157,
2026-01-11 03:20:00,1.0730881650000157,1.073182076808597,1.0728682109930858,1.0729724932095042,
2026-01-11 03:25:00,1.0729724932095042,1.0731803765730643,1.072933076750191,1.0730091287745929,
2026-01-11 03:30:00,1.0730091287745929,1.0731115297038314,1.072655068223913,1.0728048012996496,
2026-01-11 03:35:00,1.0728048012996496,1.0729924087200335,1.0725085721001049,1.072701636376912,
2026-01-11 03:40:00,1.072701636376912,1.0727593129515276,1.0724332006224646,1.0725933665512095,
2026-01-11 03:45:00,1.0725933665512095,1.0728872222377424,1.0724610100373868,1.0727384803283504,
2026-01-11 03:50:00,1.0727384803283504,1.073063908566373,1.0726085305859236,1.0728678688321318,
2026-01-11 03:55:00,1.0728678688321318,1.0730318853170422,1.0726718435715747,1.0729129548623426,
2026-01-11 04:00:00,1.0729129548623426,1.0730575479640985,1.0726630190448962,1.0726961805255235,
2026-01-11 04:05:00,1.0726961805255235,1.072786961324252,1.0725996537725746,1.0726465738561008,
2026-01-11 04:10:00,1.0726465738561008,1.072801814577251,1.0723575228835571,1.0725270689436102,
2026-01-11 04:15:00,1.0725270689436102,1.0728511243522454,1.0724809485891529,1.0726675270220711,
2026-01-11 04:20:00,1.0726675270220711,1.0730042002998312,1.072578533654424,1.072857650297762,
2026-01-11 04:25:00,1.072857650297762,1.0732166701532655,1.072786980431672,1.073028202985217,
2026-01-11 04:30:00,1.073028202985217,1.0731541604625756,1.0728433705140827,1.072907190563042,
2026-01-11 04:35:00,1.072907190563042,1.0730310753023231,1.0724422977023107,1.07246692765351,
2026-01-11 04:40:00,1.07246692765351,1.0725417605833698,1.0720613249540938,1.07218325018153,
2026-01-11 04:45:00,1.07218325018153,1.072560180410555,1.07209102706778,1.0724124474621457,
2026-01-11 04:50:00,1.0724124474621457,1.0725911989160617,1.0722291527216612,1.0723484389599358,
2026-01-11 04:55:00,1.0723484389599358,1.072484775880639,1.0721534146396912,1.0722282261168607,
2026-01-11 05:00:00,1.0722282261168607,1.072554937984307,1.0720387631629509,1.0724929909245993,
2026-01-11 05:05:00,1.0724929909245993,1.0728150175034374,1.0723665484299958,1.0726970778627876,
2026-01-11 05:10:00,1.0726970778627876,1.0728576168665762,1.0725040605944118,1.072701548131525,
2026-01-11 05:15:00,1.072701548131525,1.072890633528202,1.0725718743334145,1.072654875405181,
2026-01-11 05:20:00,1.072654875405181,1.0727030626940948,1.07261374496449,1.0726341570812126,
2026-01-11 05:25:00,1.0726341570812126,1.0727141929022963,1.0724735292795191,1.0726712434259222,
2026-01-11 05:30:00,1.0726712434259222,1.0730235893291082,1.0725023152321014,1.0729292594936664,
2026-01-11 05:35:00,1.0729292594936664,1.0730403998063922,1.0728986928821702,1.072997789795889,
2026-01-11 05:40:00,1.072997789795889,1.0733116640529587,1.0728652233347655,1.073115186848708,
2026-01-11 05:45:00,1.073115186848708,1.0734003290198575,1.072976203632641,1.0733039542337468,
2026-01-11 05:50:00,1.0733039542337468,1.073420004127179,1.0730699625329765,1.0731161946290448,
2026-01-11 05:55:00,1.0731161946290448,1.0732991221062966,1.0729967402095313,1.073238246305664,
2026-01-11 06:00:00,1.073238246305664,1.0733390890079006,1.0731275867822867,1.0731913625808092,
2026-01-11 06:05:00,1.0731913625808092,1.0733886074890842,1.0727639763467365,1.0727869376533132,
2026-01-11 06:10:00,1.0727869376533132,1.072894901340559,1.0722690236618762,1.0724450676581438,
2026-01-11 06:15:00,1.0724450676581438,1.0724666559647886,1.0721733298920002,1.072281835022821,
2026-01-11 06:20:00,1.072281835022821,1.0724314727190898,1.072121129184657,1.0723678177636446,
2026-01-11 06:25:00,1.0723678177636446,1.0725827812312938,1.0722176970178434,1.0723866593618077,
2026-01-11 06:30:00,1.0723866593618077,1.072614884992179,1.072187792414825,1.072416852839765,
2026-01-11 06:35:00,1.072416852839765,1.0727891575867556,1.0723180212270629,1.0727312688305968,
2026-01-11 06:40:00,1.0727312688305968,1.0728620163664089,1.0724306566038462,1.0725276157130623,
2026-01-11 06:45:00,1.0725276157130623,1.0725614592125534,1.072453022527316,1.072523738529385,
2026-01-11 06:50:00,1.072523738529385,1.0726971925785742,1.0723912120309729,1.0725732530829342,
2026-01-11 06:55:00,1.0725732530829342,1.0726159188092017,1.072347839573564,1.0724553398236638,
2026-01-11 07:00:00,1.0724553398236638,1.0726277920130367,1.0723041628216785,1.072460432938781,
2026-01-11 07:05:00,1.072460432938781,1.0726495564365497,1.0721194454638434,1.0722036175695628,
2026-01-11 07:10:00,1.0722036175695628,1.0724820713718743,1.0721600655160732,1.0724309337464255,
2026-01-11 07:15:00,1.0724309337464255,1.0725342219367726,1.072146589451288,1.0723218278326696,
2026-01-11 07:20:00,1.0723218278326696,1.0726875288941369,1.072152779383116,1.0726491611544111,
2026-01-11 07:25:00,1.0726491611544111,1.0727302063556845,1.0725612924221122,1.072644472455793,
2026-01-11 07:30:00,1.072644472455793,1.0728421496073406,1.072500209146641,1.0728104320114835,
2026-01-11 07:35:00,1.0728104320114835,1.072878050386527,1.0726937583426197,1.0728023908657494,
2026-01-11 07:40:00,1.0728023908657494,1.073000631125825,1.072641004990016,1.0727979799674996,
2026-01-11 07:45:00,1.0727979799674996,1.0728260085556174,1.072614314786427,1.072704538612787,
2026-01-11 07:50:00,1.072704538612787,1.07289885716231,1.0725881235504164,1.0727242428629786,
2026-01-11 07:55:00,1.0727242428629786,1.0728098906715082,1.072693835964247,1.0727759492075124,
2026-01-11 08:00:00,1.0727759492075124,1.0728911686551137,1.0725988091086087,1.0726502929052946,
2026-01-11 08:05:00,1.0726502929052946,1.0727516744679315,1.072469992260406,1.0726307100698054,
2026-01-11 08:10:00,1.0726307100698054,1.072818389908609,1.072444407423923,1.072533089210714,
2026-01-11 08:15:00,1.072533089210714,1.0729594883267497,1.0725067702343527,1.0729036593515384,
2026-01-11 08:20:00,1.0729036593515384,1.0729560021143068,1.0728395804913284,1.0728897550227563,
2026-01-11 08:25:00,1.0728897550227563,1.0732937685120685,1.0727956673769812,1.0731389999761265,
2026-01-11 08:30:00,1.0731389999761265,1.0732896294812844,1.0729588231398834,1.0731080474991466,
2026-01-11 08:35:00,1.0731080474991466,1.0732961741527174,1.073022620191621,1.0731503214340288,
2026-01-11 08:40:00,1.0731503214340288,1.0731750243149398,1.0727840422034605,1.0729381756392486,
2026-01-11 08:45:00,1.0729381756392486,1.073004968382859,1.072692311391653,1.0728667622973662,
2026-01-11 08:50:00,1.0728667622973662,1.0730723617624218,1.0727853577068092,1.072901180630408,
2026-01-11 08:55:00,1.072901180630408,1.073285145841772,1.0727371130276542,1.0731569913799095,
2026-01-11 09:00:00,1.0731569913799095,1.0733216570125337,1.0731141528600423,1.073193261926802,
2026-01-11 09:05:00,1.073193261926802,1.073489836647498,1.073098510892289,1.0734165716585249,
2026-01-11 09:10:00,1.0734165716585249,1.0735871099189345,1.0733790104271943,1.0735202787629945,
2026-01-11 09:15:00,1.0735202787629945,1.0739732847731227,1.0734908237250111,1.0737829048932794,
2026-01-11 09:20:00,1.0737829048932794,1.073933900843473,1.0737423171157332,1.0737739320436803,
2026-01-11 09:25:00,1.0737739320436803,1.0742023578733133,1.073735076678806,1.074159521972109,
2026-01-11 09:30:00,1.074159521972109,1.0743483092216948,1.073911422250798,1.0740818529170129,
2026-01-11 09:35:00,1.0740818529170129,1.07420667954434,1.0738410487003196,1.0739589105825738,
2026-01-11 09:40:00,1.0739589105825738,1.074038915808626,1.0735740032246628,1.0737645330984626,
2026-01-11 09:45:00,1.0737645330984626,1.074232066657333,1.0736476930442265,1.0741405815569811,
2026-01-11 09:50:00,1.0741405815569811,1.0744237299038446,1.074007413517165,1.0742731570919812,
2026-01-11 09:55:00,1.0742731570919812,1.0743608861692848,1.074166647897675,1.0742198550106803,
2026-01-11 10:00:00,1.0742198550106803,1.0745458438867064,1.074102550426966,1.074421669822865,
2026-01-11 10:05:00,1.074421669822865,1.0746809334230305,1.0743323153640805,1.0745330435136338,
2026-01-11 10:10:00,1.0745330435136338,1.0749056955132203,1.0743453851520486,1.0748505280137053,
2026-01-11 10:15:00,1.0748505280137053,1.075040491481229,1.0744134351226409,1.0746015409414815,
2026-01-11 10:20:00,1.0746015409414815,1.0746856520403398,1.0745035758648211,1.0745593056150715,
2026-01-11 10:25:00,1.0745593056150715,1.0746547930713453,1.074353670889549,1.0744852944450578,
2026-01-11 10:30:00,1.0744852944450578,1.074631027031274,1.0740329030155935,1.0741677746601286,
2026-01-11 10:35:00,1.0741677746601286,1.0744687521298868,1.074046518345826,1.074339170813797,
2026-01-11 10:40:00,1.074339170813797,1.074438392384446,1.0742537548562283,1.0742961342036674,
2026-01-11 10:45:00,1.0742961342036674,1.074552819032209,1.074158411446276,1.0744158654649547,
2026-01-11 10:50:00,1.0744158654649547,1.0749792857350209,1.0742520301136684,1.074796776639658,
2026-01-11 10:55:00,1.074796776639658,1.0749608276906542,1.0746582250551708,1.0747403657412644,
2026-01-11 11:00:00,1.0747403657412644,1.0749087323630562,1.0745603913991966,1.0746730107055464,
2026-01-11 11:05:00,1.0746730107055464,1.0747591905126173,1.0746320716752036,1.0746926769990752,
2026-01-11 11:10:00,1.0746926769990752,1.0749478669375714,1.0745051530310077,1.0748523743346978,
2026-01-11 11:15:00,1.0748523743346978,1.0749720617801957,1.0747218288590714,1.0747615456726425,
2026-01-11 11:20:00,1.0747615456726425,1.0747895000200915,1.0746028599477364,1.0746603678269366,
2026-01-11 11:25:00,1.0746603678269366,1.0749898992594549,1.0745866417012926,1.074831336666987,
2026-01-11 11:30:00,1.074831336666987,1.074971145274906,1.0746626944239344,1.0748929218585113,
2026-01-11 11:35:00,1.0748929218585113,1.0749637891525587,1.0744177120367673,1.0745638301024576,
2026-01-11 11:40:00,1.0745638301024576,1.0746305026641416,1.0743456085824206,1.074366871181261,
2026-01-11 11:45:00,1.074366871181261,1.0746803757070615,1.0743138301027724,1.074609367439286,
2026-01-11 11:50:00,1.074609367439286,1.074755536784023,1.0744543402270317,1.0746746941142344,
2026-01-11 11:55:00,1.0746746941142344,1.074803562534688,1.0744596813034306,1.0745523715118108,
2026-01-11 12:00:00,1.0745523715118108,1.0746774132697527,1.0745007235744035,1.0745254420102477,
2026-01-11 12:05:00,1.0745254420102477,1.07459414086319,1.07433193697215,1.0745281127475417,
2026-01-11 12:10:00,1.0745281127475417,1.0747043979114346,1.0744808908232124,1.0746472415416517,
2026-01-11 12:15:00,1.0746472415416517,1.0748159860158644,1.0743169689618242,1.0744288529570325,
2026-01-11 12:20:00,1.0744288529570325,1.0744655431578145,1.074229170751229,1.0742938676488052,
2026-01-11 12:25:00,1.0742938676488052,1.0744506990337843,1.0741411231711646,1.074338390922368,
2026-01-11 12:30:00,1.074338390922368,1.074452091879722,1.074163029087903,1.0743228397857314,
2026-01-11 12:35:00,1.0743228397857314,1.074538879778303,1.074231340113097,1.074415535153077,
2026-01-11 12:40:00,1.074415535153077,1.0745949521739404,1.074079419323723,1.0742179402555858,
2026-01-11 12:45:00,1.0742179402555858,1.074408328548688,1.0740343070103675,1.074276024039471,
2026-01-11 12:50:00,1.074276024039471,1.0746477290615255,1.0741093583981425,1.0744524749836009,
2026-01-11 12:55:00,1.0744524749836009,1.07470831817787,1.0743577933944248,1.0745314746228674,
2026-01-11 13:00:00,1.0745314746228674,1.074613087372026,1.074432008933166,1.0745544341253184,
2026-01-11 13:05:00,1.0745544341253184,1.074617847121159,1.0743598785942123,1.0745395166835372,
2026-01-11 13:10:00,1.0745395166835372,1.074621576028002,1.0743793131240424,1.0744055002281192,
2026-01-11 13:15:00,1.0744055002281192,1.0744959728228336,1.0743703280522834,1.0743944341352998,
2026-01-11 13:20:00,1.0743944341352998,1.0747175428808415,1.074337390973818,1.0745980037591862,
2026-01-11 13:25:00,1.0745980037591862,1.0746598560331075,1.0744103831546252,1.0745793550506686,
2026-01-11 13:30:00,1.0745793550506686,1.074639377183269,1.0743888987165202,1.0744364770902912,
2026-01-11 13:35:00,1.0744364770902912,1.0745251272826175,1.074286333692316,1.0743576839636066,
2026-01-11 13:40:00,1.0743576839636066,1.0745315535657614,1.0742244515993815,1.0743905894053831,
2026-01-11 13:45:00,1.0743905894053831,1.0745344520157405,1.074277769562611,1.074330933268422,
2026-01-11 13:50:00,1.074330933268422,1.0746053807822942,1.074256372326998,1.074409679769087,
2026-01-11 13:55:00,1.074409679769087,1.0745509173582193,1.0743056354782048,1.0744944825801133,
2026-01-11 14:00:00,1.0744944825801133,1.0747290252283497,1.074433422909035,1.074638310581015,
2026-01-11 14:05:00,1.074638310581015,1.075061986198368,1.0744396761178991,1.074868344248739,
2026-01-11 14:10:00,1.074868344248739,1.0751736578826572,1.0748189239656212,1.0750294563089773,
2026-01-11 14:15:00,1.0750294563089773,1.0751560664434452,1.074706365447908,1.0748793541267938,
2026-01-11 14:20:00,1.0748793541267938,1.074996490416046,1.0746296048172213,1.074734222786891,
2026-01-11 14:25:00,1.074734222786891,1.0747678146553157,1.0746793028252668,1.0747225450876163,
2026-01-11 14:30:00,1.0747225450876163,1.0749033523732032,1.0746090241162398,1.0746503516245292,
2026-01-11 14:35:00,1.0746503516245292,1.074782942563304,1.0743573557503456,1.0744674090404347,
2026-01-11 14:40:00,1.0744674090404347,1.0745903091738618,1.074313127450333,1.0743967610811975,
2026-01-11 14:45:00,1.0743967610811975,1.0745138711429956,1.0742586002752583,1.0743208286890986,
2026-01-11 14:50:00,1.0743208286890986,1.0744113732464164,1.074020495202984,1.074213104247674,
2026-01-11 14:55:00,1.074213104247674,1.074278943892119,1.0740593504000964,1.0741627587534104,
2026-01-11 15:00:00,1.0741627587534104,1.0745091478727564,1.0739755727767637,1.0743531899153962,
2026-01-11 15:05:00,1.0743531899153962,1.074497557544939,1.0743036699647046,1.074385835391742,
2026-01-11 15:10:00,1.074385835391742,1.0748109072564764,1.0743328114996404,1.0747847981406644,
2026-01-11 15:15:00,1.0747847981406644,1.0749046618493798,1.0746575131562948,1.0748128248394209,
2026-01-11 15:20:00,1.0748128248394209,1.074999973494301,1.0746980206621872,1.0747665982778585,
2026-01-11 15:25:00,1.0747665982778585,1.0748551029655438,1.074713309463848,1.0747678019444664,
2026-01-11 15:30:00,1.0747678019444664,1.0749040724840506,1.074730758575092,1.074809690542624,
2026-01-11 15:35:00,1.074809690542624,1.07501271555125,1.0747759618219688,1.0748804025491,
2026-01-11 15:40:00,1.0748804025491,1.075380126224143,1.0747248322397256,1.075215824759456,
2026-01-11 15:45:00,1.075215824759456,1.075356147760643,1.0750092462850132,1.0750800356513597,
2026-01-11 15:50:00,1.0750800356513597,1.0753921235281652,1.0748839202037643,1.075219113676563,
2026-01-11 15:55:00,1.075219113676563,1.0752936731427718,1.0751661518736166,1.0752531584371046,
2026-01-11 16:00:00,1.0752531584371046,1.075439585096702,1.074916526224912,1.075000326621916,
2026-01-11 16:05:00,1.075000326621916,1.0753078525322448,1.0749128430704094,1.0751251465844107,
2026-01-11 16:10:00,1.0751251465844107,1.075443578526493,1.075015119081718,1.0753301317809076,
2026-01-11 16:15:00,1.0753301317809076,1.0754625853837094,1.0750157016665276,1.0751924161229438,
2026-01-11 16:20:00,1.0751924161229438,1.07525072247198,1.0750212542376871,1.0751915128754808,
2026-01-11 16:25:00,1.0751915128754808,1.0752921434143174,1.0748920312583754,1.074913823397931,
2026-01-11 16:30:00,1.074913823397931,1.0749703100028964,1.074617747732714,1.0747114136447666,
2026-01-11 16:35:00,1.0747114136447666,1.0749048695701278,1.0745423850331792,1.0748809137679185,
2026-01-11 16:40:00,1.0748809137679185,1.0750774763201811,1.0747862168660496,1.0748062524714583,
2026-01-11 16:45:00,1.0748062524714583,1.0748728988442862,1.0745119872718971,1.0746280423948966,
2026-01-11 16:50:00,1.0746280423948966,1.0747923275410356,1.0745613367830569,1.074665568045434,
2026-01-11 16:55:00,1.074665568045434,1.0747396131144709,1.0744875974989772,1.0745818958378408,
2026-01-11 17:00:00,1.0745818958378408,1.0746686077294787,1.0744108904603111,1.0745065453062894,
2026-01-11 17:05:00,1.0745065453062894,1.0747178479055703,1.0744160295069602,1.0746262508250255,
2026-01-11 17:10:00,1.0746262508250255,1.074706559236664,1.0742589889634653,1.0744395399854634,
2026-01-11 17:15:00,1.0744395399854634,1.0745742719421445,1.074177609562869,1.0742941730124835,
2026-01-11 17:20:00,1.0742941730124835,1.0745125080733955,1.0741114986021945,1.0743195395447076,
2026-01-11 17:25:00,1.0743195395447076,1.0745734607602544,1.0741687259113897,1.0744763065232532,
2026-01-11 17:30:00,1.0744763065232532,1.0748716172901311,1.0743931049104778,1.0746764184798014,
2026-01-11 17:35:00,1.0746764184798014,1.0748166219825237,1.074460910727072,1.0745697521897508,
2026-01-11 17:40:00,1.0745697521897508,1.0748506762284014,1.074479577652874,1.0747213917132976,
2026-01-11 17:45:00,1.0747213917132976,1.0747840704066214,1.0744263829002851,1.0745955262703613,
2026-01-11 17:50:00,1.0745955262703613,1.0749217952233094,1.0745417586642063,1.0748904694962476,
2026-01-11 17:55:00,1.0748904694962476,1.0750638177549,1.0745196662322298,1.074708220443037,
2026-01-11 18:00:00,1.074708220443037,1.075046254900029,1.0745837440340715,1.074922938308519,
2026-01-11 18:05:00,1.074922938308519,1.0750175328037554,1.0746875137007976,1.074817630132512,
2026-01-11 18:10:00,1.074817630132512,1.0753089517538017,1.0747046058804666,1.075142797635826,
2026-01-11 18:15:00,1.075142797635826,1.0753146070867043,1.0750229882699578,1.0752387026178405,
2026-01-11 18:20:00,1.0752387026178405,1.0753997537239142,1.0749352020225935,1.07507538359755,
2026-01-11 18:25:00,1.07507538359755,1.075154417087923,1.0748538011858029,1.074991707531721,
2026-01-11 18:30:00,1.074991707531721,1.0753039755822726,1.0749331610557245,1.07511821696872,
2026-01-11 18:35:00,1.07511821696872,1.075356759631439,1.074993377739763,1.0752885255940368,
2026-01-11 18:40:00,1.0752885255940368,1.0753332853352002,1.0751938245842458,1.0752776573435698,
2026-01-11 18:45:00,1.0752776573435698,1.0754310554255233,1.0751429918885254,1.0752853980180204,
2026-01-11 18:50:00,1.0752853980180204,1.0754575720761668,1.0751667877935722,1.0754082595706151,
2026-01-11 18:55:00,1.0754082595706151,1.075620943412272,1.0753559171825469,1.07543005806322,
2026-01-11 19:00:00,1.07543005806322,1.07556805798345,1.0750697027095106,1.0752219548146678,
2026-01-11 19:05:00,1.0752219548146678,1.075283509733699,1.074989118806088,1.0750913812266345,
2026-01-11 19:10:00,1.0750913812266345,1.0751874231818783,1.0749721217472228,1.0751298357737071,
2026-01-11 19:15:00,1.0751298357737071,1.0755127090259655,1.0749887600580206,1.0753264115189238,
2026-01-11 19:20:00,1.0753264115189238,1.07571705161786,1.0751888945996186,1.075587637193547,
2026-01-11 19:25:00,1.075587637193547,1.075894822716026,1.0754328300059308,1.075713950234825,
2026-01-11 19:30:00,1.075713950234825,1.0758006860527456,1.0756567349236692,1.0757608455158734,
2026-01-11 19:35:00,1.0757608455158734,1.07606879253721,1.0757209750938006,1.0758822219420057,
2026-01-11 19:40:00,1.0758822219420057,1.0759958308181643,1.0756347110786717,1.0757751634021129,
2026-01-11 19:45:00,1.0757751634021129,1.0759154793470525,1.0756884979620305,1.07575097525243,
2026-01-11 19:50:00,1.07575097525243,1.0758380928373077,1.0755779084905135,1.0756185373668528,
2026-01-11 19:55:00,1.0756185373668528,1.0756491826248138,1.0753739955899102,1.075417618338616,
2026-01-11 20:00:00,1.075417618338616,1.0756643981324931,1.075341314316314,1.0754719630930516,
2026-01-11 20:05:00,1.0754719630930516,1.075701456113768,1.0752734414244027,1.0755024284145285,
2026-01-11 20:10:00,1.0755024284145285,1.075699526163266,1.0754541215557247,1.0756139077304891,
2026-01-11 20:15:00,1.0756139077304891,1.0758924562400385,1.0755401711492754,1.075702560012683,
2026-01-11 20:20:00,1.075702560012683,1.0757924412881308,1.0755168278653442,1.0757422505557577,
2026-01-11 20:25:00,1.0757422505557577,1.0758804518321636,1.0755488551043924,1.075832608631225,
2026-01-11 20:30:00,1.075832608631225,1.075865768762427,1.0757650667812488,1.075826258586256,
2026-01-11 20:35:00,1.075826258586256,1.0759838570003009,1.075647777100787,1.0758934285069357,
2026-01-11 20:40:00,1.0758934285069357,1.0759228429119685,1.0757317794484595,1.0757767846784736,
2026-01-11 20:45:00,1.0757767846784736,1.075928020702983,1.0756197081244394,1.075836982408853,
2026-01-11 20:50:00,1.075836982408853,1.0759903023360604,1.0758146409399365,1.0759453920589035,
2026-01-11 20:55:00,1.0759453920589035,1.0760968870621066,1.0757446627757417,1.075837854309005,
2026-01-11 21:00:00,1.075837854309005,1.07601676198177,1.075773333971796,1.0758467567048895,
2026-01-11 21:05:00,1.0758467567048895,1.075990563481893,1.0755999427314962,1.0757466641740447,
2026-01-11 21:10:00,1.0757466641740447,1.075802753121483,1.075639357082764,1.075662247186408,
2026-01-11 21:15:00,1.075662247186408,1.0758202798611314,1.0753776113269224,1.0754812936340117,
2026-01-11 21:20:00,1.0754812936340117,1.0757509584868037,1.0753358824095576,1.0756860484513375,
2026-01-11 21:25:00,1.0756860484513375,1.076015259473293,1.0756576415741526,1.0758585515258388,
2026-01-11 21:30:00,1.0758585515258388,1.0760679549792738,1.0756770194930554,1.0759458234157924,
2026-01-11 21:35:00,1.0759458234157924,1.0763507132859187,1.075860807882461,1.0762647050329863,
2026-01-11 21:40:00,1.0762647050329863,1.0762997336610292,1.0761849439644549,1.0762346918142585,
2026-01-11 21:45:00,1.0762346918142585,1.0768937263768052,1.076174108204973,1.07672477466504,
2026-01-11 21:50:00,1.07672477466504,1.0769139121907836,1.076607562585321,1.0766885656525016,
2026-01-11 21:55:00,1.0766885656525016,1.076870184571343,1.0766328581341735,1.076730319370943,
2026-01-11 22:00:00,1.076730319370943,1.0769239368529475,1.0765547105139666,1.0766666146896713,
2026-01-11 22:05:00,1.0766666146896713,1.0769154253627966,1.0765326869771017,1.0767272853073688,
2026-01-11 22:10:00,1.0767272853073688,1.0769178211181152,1.0766292678877698,1.0768627916059703,
2026-01-11 22:15:00,1.0768627916059703,1.0770144098287182,1.0767480635497757,1.0768449293367566,
2026-01-11 22:20:00,1.0768449293367566,1.0772153687797623,1.0766842234232703,1.0771324939122635,
2026-01-11 22:25:00,1.0771324939122635,1.077279425635724,1.0770583109039311,1.0771716725108222,
2026-01-11 22:30:00,1.0771716725108222,1.0772641696622207,1.077039574120719,1.077215915884614,
2026-01-11 22:35:00,1.077215915884614,1.0774113761816644,1.076888860529288,1.0770695864145958,
2026-01-11 22:40:00,1.0770695864145958,1.0772884447282955,1.0770097138288786,1.0771377399993418,
2026-01-11 22:45:00,1.0771377399993418,1.0772057834950757,1.076985041777131,1.0771166239085352,
2026-01-11 22:50:00,1.0771166239085352,1.0772034888127655,1.0768282602116928,1.0770188951321027,
2026-01-11 22:55:00,1.0770188951321027,1.077114942058932,1.0767786360965848,1.0768939992424766,
2026-01-11 23:00:00,1.0768939992424766,1.0774807613611548,1.0766981576522112,1.0773262052908088,
2026-01-11 23:05:00,1.0773262052908088,1.077512830798827,1.077208358844244,1.077284167132197,
2026-01-11 23:10:00,1.077284167132197,1.0773620263561343,1.0769277203825636,1.0770492932832434,
2026-01-11 23:15:00,1.0770492932832434,1.077154343299134,1.076861048383842,1.0769370348190583,
2026-01-11 23:20:00,1.0769370348190583,1.0770638121821683,1.0769085735218304,1.0769292430183426,
2026-01-11 23:25:00,1.0769292430183426,1.0771088953236694,1.0767297275602623,1.0770180934050373,
2026-01-11 23:30:00,1.0770180934050373,1.077219017210587,1.0769548825927906,1.0771082645723815,
2026-01-11 23:35:00,1.0771082645723815,1.0772571541710334,1.076913106215039,1.0772181267978098,
2026-01-11 23:40:00,1.0772181267978098,1.0772683081875996,1.076976926203718,1.0771144721125143,
2026-01-11 23:45:00,1.0771144721125143,1.0772622143274186,1.0769317640629037,1.077170016101119,
2026-01-11 23:50:00,1.077170016101119,1.0773547051232375,1.076834917673005,1.0770290141674743,
2026-01-11 23:55:00,1.0770290141674743,1.0771118986157089,1.0768072420063597,1.0769294512635013,
2026-01-12 00:00:00,1.0769294512635013,1.0769944139690502,1.0765818092419652,1.0767817536839397,
2026-01-12 00:05:00,1.0767817536839397,1.0769354688836923,1.0764322443869894,1.0765903637706589,
2026-01-12 00:10:00,1.0765903637706589,1.0769536169515863,1.076476077150562,1.0767627735216925,
2026-01-12 00:15:00,1.0767627735216925,1.0769771806709416,1.076624883730538,1.07687453841987,
2026-01-12 00:20:00,1.07687453841987,1.0770543992951946,1.0768195695755514,1.0770328504031923,
2026-01-12 00:25:00,1.0770328504031923,1.0771836070408538,1.0770108645313332,1.0770397401611882,
2026-01-12 00:30:00,1.0770397401611882,1.0772604949144224,1.0769735180786189,1.0771657839701316,
2026-01-12 00:35:00,1.0771657839701316,1.0773070401667226,1.0767834851422085,1.076881779897318,
2026-01-12 00:40:00,1.076881779897318,1.0770917328893372,1.076820730431683,1.077021743916488,
2026-01-12 00:45:00,1.077021743916488,1.0770713305740331,1.0769092174548505,1.077050897108146,
2026-01-12 00:50:00,1.077050897108146,1.0772347641126665,1.0769124671625456,1.077152754793292,
2026-01-12 00:55:00,1.077152754793292,1.0773615592437766,1.077014711900454,1.0772146966221063,
2026-01-12 01:00:00,1.0772146966221063,1.077305457013048,1.0768748788108924,1.0770557564083882,
2026-01-12 01:05:00,1.0770557564083882,1.0771152077535258,1.0766203637132536,1.0768143011506206,
2026-01-12 01:10:00,1.0768143011506206,1.0769178223861648,1.0765195080235137,1.0766998331259183,
2026-01-12 01:15:00,1.0766998331259183,1.0769470350728645,1.076568201633236,1.0767916123386707,
2026-01-12 01:20:00,1.0767916123386707,1.0769451172122673,1.0767345747908443,1.0769036192566446,
2026-01-12 01:25:00,1.0769036192566446,1.077048134622701,1.076493387760195,1.0766832089688456,
2026-01-12 01:30:00,1.0766832089688456,1.0768233308931303,1.0764738340365814,1.0765253089076394,
2026-01-12 01:35:00,1.0765253089076394,1.0766120417259828,1.0763618092897758,1.0764090662186276,
2026-01-12 01:40:00,1.0764090662186276,1.076603726733076,1.076274752500454,1.076351914979477,
2026-01-12 01:45:00,1.076351914979477,1.0765329619333834,1.0760093196043712,1.0761325686054122,
2026-01-12 01:50:00,1.0761325686054122,1.0762094776719566,1.0757609185307284,1.075903583604486,
2026-01-12 01:55:00,1.075903583604486,1.075929180001297,1.075749104651906,1.0757714973338284,
2026-01-12 02:00:00,1.0757714973338284,1.075861448594706,1.0756114533249188,1.0757859537294918,
2026-01-12 02:05:00,1.0757859537294918,1.0758428036791492,1.0755444948549902,1.075595998373826,
2026-01-12 02:10:00,1.075595998373826,1.0757145037183544,1.0755044853828286,1.075577852656101,
2026-01-12 02:15:00,1.075577852656101,1.0759345614805704,1.0754998770454578,1.0757491874847576,
2026-01-12 02:20:00,1.0757491874847576,1.0759258482365643,1.0754598472078296,1.0755396874876313,
2026-01-12 02:25:00,1.0755396874876313,1.075614736735651,1.0753500534972738,1.0755069196656717,
2026-01-12 02:30:00,1.0755069196656717,1.075769937708296,1.075479549680475,1.075672790152256,
2026-01-12 02:35:00,1.075672790152256,1.0756993677480904,1.0755504688758204,1.075605842083131,
2026-01-12 02:40:00,1.075605842083131,1.0757237915145077,1.0754898099898105,1.0755138274514178,
2026-01-12 02:45:00,1.0755138274514178,1.075733491294565,1.0753537335492096,1.075702085058156,
2026-01-12 02:50:00,1.075702085058156,1.0758910341680772,1.075456146666134,1.0756532166870398,
2026-01-12 02:55:00,1.0756532166870398,1.076008025500227,1.0755144981983715,1.0758319774099532,
2026-01-12 03:00:00,1.0758319774099532,1.0759602955633516,1.075705752357388,1.075901741790593,
2026-01-12 03:05:00,1.075901741790593,1.076047628152968,1.0756634991443368,1.0758469510627466,
2026-01-12 03:10:00,1.0758469510627466,1.076047146518189,1.0757810593452013,1.0759249028493507,
2026-01-12 03:15:00,1.0759249028493507,1.0761414034108263,1.075892939634426,1.0759771590225735,
2026-01-12 03:20:00,1.0759771590225735,1.0762480940787365,1.0758653644396785,1.0761424766995211,
2026-01-12 03:25:00,1.0761424766995211,1.076196995654241,1.0759876409114344,1.0760545036780056,
2026-01-12 03:30:00,1.0760545036780056,1.0761968645373552,1.075953308987363,1.076061692725333,
2026-01-12 03:35:00,1.076061692725333,1.0760961431841922,1.075950167624106,1.0760523015972103,
2026-01-12 03:40:00,1.0760523015972103,1.076291726555468,1.0759749118688784,1.0761665007170578,
2026-01-12 03:45:00,1.0761665007170578,1.0762247875820414,1.0758940234906549,1.0760015619153396,
2026-01-12 03:50:00,1.0760015619153396,1.0763095414110222,1.075913134576841,1.07616625285234,
2026-01-12 03:55:00,1.07616625285234,1.0764111184683052,1.076125902171719,1.0762420706991942,
2026-01-12 04:00:00,1.0762420706991942,1.076281785150465,1.0758540195584525,1.0760300301857852,
2026-01-12 04:05:00,1.0760300301857852,1.0763176533741652,1.0758838009171878,1.0762256050347785,
2026-01-12 04:10:00,1.0762256050347785,1.0767388958780668,1.0761981694390783,1.0765868619922672,
2026-01-12 04:15:00,1.0765868619922672,1.076798663267908,1.0765460204357182,1.0767491967168348,
2026-01-12 04:20:00,1.0767491967168348,1.0771022098408591,1.0767118241121063,1.076980235580253,
2026-01-12 04:25:00,1.076980235580253,1.0771354966760445,1.076949121741791,1.0769945656593067,
2026-01-12 04:30:00,1.0769945656593067,1.07707842850861,1.0766960924826314,1.0767267227022828,
2026-01-12 04:35:00,1.0767267227022828,1.0768964795116391,1.076381179821952,1.0764294600418804,
2026-01-12 04:40:00,1.0764294600418804,1.0765831042126175,1.076256843548345,1.0764711857393092,
2026-01-12 04:45:00,1.0764711857393092,1.0766040448104983,1.076207058958361,1.0763761409516768,
2026-01-12 04:50:00,1.0763761409516768,1.0764214980550837,1.0760680586160445,1.076229024981595,
2026-01-12 04:55:00,1.076229024981595,1.0762531938130109,1.076088786497293,1.0762194336684698,
2026-01-12 05:00:00,1.0762194336684698,1.0763484868864506,1.0760692048288911,1.076319352143702,
2026-01-12 05:05:00,1.076319352143702,1.0765020577703777,1.0759324444624518,1.076085371080403,
2026-01-12 05:10:00,1.076085371080403,1.0762642467095678,1.075833380613442,1.0760134569300974,
2026-01-12 05:15:00,1.0760134569300974,1.0764230852921726,1.075861635184763,1.0762577188331237,
2026-01-12 05:20:00,1.0762577188331237,1.0763136490095455,1.0759321150859529,1.0760846777613966,
2026-01-12 05:25:00,1.0760846777613966,1.076340198092808,1.075919943150308,1.076225615535457,
2026-01-12 05:30:00,1.076225615535457,1.0763889166135558,1.0760277606306408,1.0761479045047078,
2026-01-12 05:35:00,1.0761479045047078,1.0763779899036798,1.0760895593225002,1.0762365494510535,
2026-01-12 05:40:00,1.0762365494510535,1.0764550436483706,1.0762013318050914,1.076414249833509,
2026-01-12 05:45:00,1.076414249833509,1.07671568110964,1.0763188219926405,1.076534483693674,
2026-01-12 05:50:00,1.076534483693674,1.0767307661256749,1.0764979802727703,1.0766818432949747,
2026-01-12 05:55:00,1.0766818432949747,1.0767327665197892,1.076445937902633,1.0764964126283127,
2026-01-12 06:00:00,1.0764964126283127,1.076858975142548,1.0764721214261954,1.0766767935892971,
2026-01-12 06:05:00,1.0766767935892971,1.0767840246383342,1.0764655922998343,1.0765396294322211,
2026-01-12 06:10:00,1.0765396294322211,1.076669200117054,1.0763450298241888,1.0765820795883818,
2026-01-12 06:15:00,1.0765820795883818,1.076743980404321,1.0764938719593022,1.0766243221907077,
2026-01-12 06:20:00,1.0766243221907077,1.0768998591245649,1.0765609615216185,1.076703207604655,
2026-01-12 06:25:00,1.076703207604655,1.0767997011909591,1.07661058669877,1.0767581677090157,
2026-01-12 06:30:00,1.0767581677090157,1.0769144185017985,1.0765481868181563,1.0766224277517935,
2026-01-12 06:35:00,1.0766224277517935,1.0767026064069976,1.0762636955647424,1.0764049933928694,
2026-01-12 06:40:00,1.0764049933928694,1.0765874598216263,1.0762707893758607,1.076546390952874,
2026-01-12 06:45:00,1.076546390952874,1.0766728865949895,1.0765214692294751,1.076576938591026,
2026-01-12 06:50:00,1.076576938591026,1.0768818773815534,1.0764649004229807,1.0767631018635628,
2026-01-12 06:55:00,1.0767631018635628,1.076820174958354,1.0767298993061485,1.0767564152499298,
2026-01-12 07:00:00,1.0767564152499298,1.0768493637525671,1.0763880990821624,1.076530024470117,
2026-01-12 07:05:00,1.076530024470117,1.0768210059442278,1.076341578970604,1.0766865842596427,
2026-01-12 07:10:00,1.0766865842596427,1.0768103449031925,1.076443960456522,1.076627308274693,
2026-01-12 07:15:00,1.076627308274693,1.0768332484790233,1.0765702800945167,1.0766830795720934,
2026-01-12 07:20:00,1.0766830795720934,1.0768536323880222,1.0764253805207122,1.076579056647302,
2026-01-12 07:25:00,1.076579056647302,1.076938806196008,1.0764163047725148,1.0768451609362897,
2026-01-12 07:30:00,1.0768451609362897,1.0769412950458723,1.0765285337518469,1.0767041199078065,
2026-01-12 07:35:00,1.0767041199078065,1.0768135244920083,1.0765834350501853,1.0766501628109293,
2026-01-12 07:40:00,1.0766501628109293,1.0767899975922584,1.0765490125386543,1.0766680539841498,
2026-01-12 07:45:00,1.0766680539841498,1.0767075520655125,1.0764323482075664,1.076492219004793,
2026-01-12 07:50:00,1.076492219004793,1.076622403219606,1.076467843302495,1.076546128855851,
2026-01-12 07:55:00,1.076546128855851,1.0768579336504494,1.0764075065828351,1.0768069931272817,
2026-01-12 08:00:00,1.0768069931272817,1.0768964466245037,1.0766306509914163,1.0767283144426372,
2026-01-12 08:05:00,1.0767283144426372,1.0769878776824933,1.0766636534041358,1.07679267394943,
2026-01-12 08:10:00,1.07679267394943,1.0769175655216323,1.0761767391925126,1.0763492179030263,
2026-01-12 08:15:00,1.0763492179030263,1.0764465065766122,1.0762342483656078,1.076343470880804,
2026-01-12 08:20:00,1.076343470880804,1.076465339521944,1.076094430679016,1.0762934690609145,
2026-01-12 08:25:00,1.0762934690609145,1.0764339028408911,1.0759990693007635,1.0761618737096126,
2026-01-12 08:30:00,1.0761618737096126,1.0764352900260454,1.07598541569366,1.0763369984026532,
2026-01-12 08:35:00,1.0763369984026532,1.0764375861674187,1.0761256658071912,1.0762848656119748,
2026-01-12 08:40:00,1.0762848656119748,1.0764311178152637,1.076217685189787,1.0762567516715982,
2026-01-12 08:45:00,1.0762567516715982,1.0762877069365753,1.0761646928154298,1.0761963980355476,
2026-01-12 08:50:00,1.0761963980355476,1.0763136125378394,1.075702835729425,1.0758875499084954,
2026-01-12 08:55:00,1.0758875499084954,1.0760060689146946,1.075660544258359,1.0757054197522065,
2026-01-12 09:00:00,1.0757054197522065,1.0760172622892576,1.0756149990450852,1.0758610468822545,
2026-01-12 09:05:00,1.0758610468822545,1.076057922937675,1.075391352481341,1.075521136463421,
2026-01-12 09:10:00,1.075521136463421,1.0756843723250429,1.075339911311069,1.0753980530140517,
2026-01-12 09:15:00,1.0753980530140517,1.0755087349643289,1.0752735625805336,1.075334113888401,
2026-01-12 09:20:00,1.075334113888401,1.0756664364621673,1.0752301904467885,1.075615934889838,
2026-01-12 09:25:00,1.075615934889838,1.0758663752522817,1.0755309737733751,1.0757404882773876,
2026-01-12 09:30:00,1.0757404882773876,1.0759106620769958,1.0755093406053806,1.0756511242254445,
2026-01-12 09:35:00,1.0756511242254445,1.0760499975259985,1.0756176105102506,1.0758621629945422,
2026-01-12 09:40:00,1.0758621629945422,1.076030718862851,1.075635226999493,1.0757432035599994,
2026-01-12 09:45:00,1.0757432035599994,1.0759605980246276,1.0756918367748107,1.0759065836754824,
2026-01-12 09:50:00,1.0759065836754824,1.0760548473310654,1.0755586296203503,1.0756878401219705,
2026-01-12 09:55:00,1.0756878401219705,1.076039993443251,1.0756469217294535,1.0758615655527035,
2026-01-12 10:00:00,1.0758615655527035,1.0760041486066965,1.075740990174286,1.0757965639102611,
2026-01-12 10:05:00,1.0757965639102611,1.0759399992776284,1.0754664453113754,1.0756311453282872,
2026-01-12 10:10:00,1.0756311453282872,1.0757411745398124,1.0755343186738506,1.0755966487320574,
2026-01-12 10:15:00,1.0755966487320574,1.0757765897741882,1.0754439769710744,1.0756419340542056,
2026-01-12 10:20:00,1.0756419340542056,1.0757149225836655,1.075493497687604,1.075562648973548,
2026-01-12 10:25:00,1.075562648973548,1.075688548083551,1.075500344022606,1.0756525622679296,
2026-01-12 10:30:00,1.0756525622679296,1.0758215509507838,1.0754851914695054,1.075559039330424,
2026-01-12 10:35:00,1.075559039330424,1.0758494348628496,1.0753804715732278,1.075659668887519,
2026-01-12 10:40:00,1.075659668887519,1.0759057892056183,1.0755681790688385,1.0757315611852507,
2026-01-12 10:45:00,1.0757315611852507,1.0758116656249312,1.0756583916678764,1.0757222685632557,
2026-01-12 10:50:00,1.0757222685632557,1.075759103990491,1.0755349929239104,1.075651588029176,
2026-01-12 10:55:00,1.075651588029176,1.0757470018196449,1.0755621725750546,1.075676576909871,
2026-01-12 11:00:00,1.075676576909871,1.0759376130838858,1.0755143413563122,1.07576590271624,
2026-01-12 11:05:00,1.07576590271624,1.0762372408137446,1.0755676225049438,1.0760991942023703,
2026-01-12 11:10:00,1.0760991942023703,1.0764453844099804,1.0759844108026908,1.0762513794460418,
2026-01-12 11:15:00,1.0762513794460418,1.0764911733473954,1.0761500646444642,1.0764094907640769,
2026-01-12 11:20:00,1.0764094907640769,1.0770280853060978,1.0763277443923802,1.0769088203244452,
2026-01-12 11:25:00,1.0769088203244452,1.0771549149610578,1.0767136193526363,1.0769927080811628,
2026-01-12 11:30:00,1.0769927080811628,1.077133661641553,1.0768857170914818,1.0770715430918614,
2026-01-12 11:35:00,1.0770715430918614,1.0773793650763237,1.0770195036570729,1.0771858288808849,
2026-01-12 11:40:00,1.0771858288808849,1.0773124604619333,1.0768288942875237,1.0770233531504927,
2026-01-12 11:45:00,1.0770233531504927,1.0770447747118903,1.0767592213669193,1.0769521801495991,
2026-01-12 11:50:00,1.0769521801495991,1.0769767077392125,1.0767725231652834,1.0768709536747036,
2026-01-12 11:55:00,1.0768709536747036,1.0771549056289216,1.0767882801923576,1.076976106745969,
2026-01-12 12:00:00,1.076976106745969,1.0771122574209664,1.0768060295709545,1.076948508311358,
2026-01-12 12:05:00,1.076948508311358,1.077128729008605,1.076779301967817,1.0769713759551731,
2026-01-12 12:10:00,1.0769713759551731,1.077308725362356,1.0768616401713622,1.0771476024821838,
2026-01-12 12:15:00,1.0771476024821838,1.077383294026483,1.0770680561437942,1.0772876112667578,
2026-01-12 12:20:00,1.0772876112667578,1.0774513612910634,1.0771877662876843,1.0772620172096397,
2026-01-12 12:25:00,1.0772620172096397,1.0774507730497058,1.0770755094153637,1.077154297186262,
2026-01-12 12:30:00,1.077154297186262,1.077389272182157,1.07711305125704,1.0773382813827583,
2026-01-12 12:35:00,1.0773382813827583,1.0776214333147822,1.0771781297042144,1.0774638887628647,
2026-01-12 12:40:00,1.0774638887628647,1.0775392913242354,1.0771659633036723,1.077204856079106,
2026-01-12 12:45:00,1.077204856079106,1.0772827248196557,1.0770630995941195,1.0771547962032078,
2026-01-12 12:50:00,1.0771547962032078,1.077276373865342,1.0769845064025223,1.0771820779921553,
2026-01-12 12:55:00,1.0771820779921553,1.077483934722752,1.0770893389309306,1.077308465209169,
2026-01-12 13:00:00,1.077308465209169,1.0774800530749322,1.077235408085542,1.0774560829828164,
2026-01-12 13:05:00,1.0774560829828164,1.0776006138653842,1.0772653973125317,1.0775025071481583,
2026-01-12 13:10:00,1.0775025071481583,1.0777400495281688,1.0774597292725223,1.0775976409512464,
2026-01-12 13:15:00,1.0775976409512464,1.0776484216377855,1.0774183672487452,1.0776085468552947,
2026-01-12 13:20:00,1.0776085468552947,1.0777711525027578,1.0774689950353202,1.0775001688590928,
2026-01-12 13:25:00,1.0775001688590928,1.0776897113267143,1.0773640462574832,1.077458481551797,
2026-01-12 13:30:00,1.077458481551797,1.0774984578871405,1.077324771761807,1.0774620896193463,
2026-01-12 13:35:00,1.0774620896193463,1.077509620284156,1.0773704166165774,1.0774570235257228,
2026-01-12 13:40:00,1.0774570235257228,1.0776523610262132,1.0770366324730096,1.0771528616287829,
2026-01-12 13:45:00,1.0771528616287829,1.077208475644124,1.077032459241018,1.0770891795410036,
2026-01-12 13:50:00,1.0770891795410036,1.07713300804529,1.0769667533278595,1.0770987989036636,
2026-01-12 13:55:00,1.0770987989036636,1.0772901935602148,1.077009658328684,1.077053878897726,
2026-01-12 14:00:00,1.077053878897726,1.0772345509854917,1.0768512444271858,1.077014541764082,
2026-01-12 14:05:00,1.077014541764082,1.0772319498518104,1.0768894595796623,1.0770939192667184,
2026-01-12 14:10:00,1.0770939192667184,1.0772131768336302,1.0768134033177788,1.076920151098446,
2026-01-12 14:15:00,1.076920151098446,1.0771056129837806,1.0766278907932565,1.0766577308165062,
2026-01-12 14:20:00,1.0766577308165062,1.076795724430026,1.0764920822506523,1.0766020416311175,
2026-01-12 14:25:00,1.0766020416311175,1.076864495533983,1.0764805991336526,1.0767259841353063,
2026-01-12 14:30:00,1.0767259841353063,1.0771709753665832,1.076658163982893,1.0769991119650268,
2026-01-12 14:35:00,1.0769991119650268,1.0772635948747442,1.0768571457036633,1.0771260106528315,
2026-01-12 14:40:00,1.0771260106528315,1.0772366724924982,1.0768555317289967,1.0768893494557652,
2026-01-12 14:45:00,1.0768893494557652,1.076979499325387,1.076794789430496,1.0768523534651566,
2026-01-12 14:50:00,1.0768523534651566,1.0770049104113764,1.0766995947320384,1.076894346310674,
2026-01-12 14:55:00,1.076894346310674,1.0770376183417223,1.0768478463112672,1.0769235721848869,
2026-01-12 15:00:00,1.0769235721848869,1.0770961824206662,1.0768593733973546,1.077011232682065,
2026-01-12 15:05:00,1.077011232682065,1.0771118939956814,1.0767264765378324,1.076863630500455,
2026-01-12 15:10:00,1.076863630500455,1.077038996164016,1.076712438993769,1.0768746592161007,
2026-01-12 15:15:00,1.0768746592161007,1.0770380674848758,1.0768453911502684,1.0769430950785142,
2026-01-12 15:20:00,1.0769430950785142,1.0771016227296264,1.0769003089841287,1.077077021971632,
2026-01-12 15:25:00,1.077077021971632,1.0771479654495513,1.076847093991521,1.0769473952325723,
2026-01-12 15:30:00,1.0769473952325723,1.077009108768109,1.0767654746634414,1.0768921777535112,
2026-01-12 15:35:00,1.0768921777535112,1.077055022515641,1.0763543658993373,1.0764560465215196,
2026-01-12 15:40:00,1.0764560465215196,1.0765569192720446,1.0762197703038665,1.0763562429025726,
2026-01-12 15:45:00,1.0763562429025726,1.0764266988003188,1.0761160370587566,1.0762721157819306,
2026-01-12 15:50:00,1.0762721157819306,1.076438042661022,1.0759171459732275,1.0761080638657792,
2026-01-12 15:55:00,1.0761080638657792,1.0761587937757278,1.0760250853374158,1.0761353347509075,
2026-01-12 16:00:00,1.0761353347509075,1.076186699902599,1.0760774832653188,1.0761268421236496,
2026-01-12 16:05:00,1.0761268421236496,1.0762956939911408,1.0756952265645572,1.0757627616853291,
2026-01-12 16:10:00,1.0757627616853291,1.0759171927745277,1.0757160920852198,1.0757980754635486,
2026-01-12 16:15:00,1.0757980754635486,1.0759573324229728,1.0755578561047467,1.0756488203203018,
2026-01-12 16:20:00,1.0756488203203018,1.0758985973347182,1.0754717582124396,1.075727725652061,
2026-01-12 16:25:00,1.075727725652061,1.075917279080007,1.0754389740760315,1.0755214448574817,
2026-01-12 16:30:00,1.0755214448574817,1.075558239960879,1.0754746567710811,1.0755268235330044,
2026-01-12 16:35:00,1.0755268235330044,1.0756906857867985,1.0753676058617532,1.0754816797805171,
2026-01-12 16:40:00,1.0754816797805171,1.0756786936428526,1.0752831298935186,1.075531115736173,
2026-01-12 16:45:00,1.075531115736173,1.0756090356785148,1.0754772431168127,1.075551771070393,
2026-01-12 16:50:00,1.075551771070393,1.0757394774783342,1.0753511257802637,1.0755111432715796,
2026-01-12 16:55:00,1.0755111432715796,1.0756038996100348,1.0750956631488398,1.0752638677586832,
2026-01-12 17:00:00,1.0752638677586832,1.0754436376536252,1.0749339325123886,1.0750261734142188,
2026-01-12 17:05:00,1.0750261734142188,1.0751550938810586,1.0748010416831586,1.0749325609421183,
2026-01-12 17:10:00,1.0749325609421183,1.0750473755724956,1.074833936140034,1.074931763361169,
2026-01-12 17:15:00,1.074931763361169,1.0749804776692704,1.0747670126476576,1.074834231496235,
2026-01-12 17:20:00,1.074834231496235,1.0751201525407423,1.074737530112222,1.0749355735683706,
2026-01-12 17:25:00,1.0749355735683706,1.0750557727116958,1.0748539380571576,1.074891090281751,
2026-01-12 17:30:00,1.074891090281751,1.0749121869147404,1.0745887942728147,1.0747360463732736,
2026-01-12 17:35:00,1.0747360463732736,1.0747593375906663,1.074522497891815,1.0746917526375084,
2026-01-12 17:40:00,1.0746917526375084,1.0748886739428931,1.0746164206495017,1.0747287000739898,
2026-01-12 17:45:00,1.0747287000739898,1.0748307617241954,1.0746067342456014,1.0747816131805874,
2026-01-12 17:50:00,1.0747816131805874,1.075212793410239,1.0747198264448203,1.075085020491826,
2026-01-12 17:55:00,1.075085020491826,1.075227615244974,1.074934750349252,1.0749776932302832,
2026-01-12 18:00:00,1.0749776932302832,1.075047979037014,1.0748269312485932,1.0749663825903133,
2026-01-12 18:05:00,1.0749663825903133,1.0751581091271374,1.074922243222942,1.0750356326416233,
2026-01-12 18:10:00,1.0750356326416233,1.0750988792159013,1.0748716368544993,1.0750323930869563,
2026-01-12 18:15:00,1.0750323930869563,1.0752227298638826,1.0748832906665575,1.0749522064853327,
2026-01-12 18:20:00,1.0749522064853327,1.0751270371134756,1.0745356338367755,1.0747029662475165,
2026-01-12 18:25:00,1.0747029662475165,1.0747748139499858,1.074534826577124,1.0746211574005142,
2026-01-12 18:30:00,1.0746211574005142,1.0747363440088853,1.074362243395062,1.074448635061738,
2026-01-12 18:35:00,1.074448635061738,1.0745587489760255,1.074015832553307,1.074170935650228,
2026-01-12 18:40:00,1.074170935650228,1.074363739836659,1.0739314282198242,1.0740432760592586,
2026-01-12 18:45:00,1.0740432760592586,1.0741342012396915,1.073818957033727,1.0738751329704812,
2026-01-12 18:50:00,1.0738751329704812,1.0740909121105662,1.0737020594318316,1.0739697111507345,
2026-01-12 18:55:00,1.0739697111507345,1.074254252900826,1.0738884835730718,1.0740670857137462,
2026-01-12 19:00:00,1.0740670857137462,1.074116391702958,1.0738835086800518,1.0739220084970027,
2026-01-12 19:05:00,1.0739220084970027,1.0740410959055928,1.073785746279199,1.073880626467285,
2026-01-12 19:10:00,1.073880626467285,1.0739196475929504,1.073458562234755,1.0735818753521256,
2026-01-12 19:15:00,1.0735818753521256,1.073713025159853,1.0733730285330716,1.0735028078931803,
2026-01-12 19:20:00,1.0735028078931803,1.0736534158045774,1.073332398481026,1.0735675928279678,
2026-01-12 19:25:00,1.0735675928279678,1.0738951563785966,1.073450139599685,1.0737009818854242,
2026-01-12 19:30:00,1.0737009818854242,1.0737957555380309,1.0735264170301693,1.0735866849171214,
2026-01-12 19:35:00,1.0735866849171214,1.0738011375395855,1.073519584977589,1.0737566237648282,
2026-01-12 19:40:00,1.0737566237648282,1.0739267437577953,1.0734749143282871,1.07351306563418,
2026-01-12 19:45:00,1.07351306563418,1.0736808216386362,1.0731602530044482,1.0733127193765106,
2026-01-12 19:50:00,1.0733127193765106,1.0735725902689888,1.0732736498981408,1.073427515537471,
2026-01-12 19:55:00,1.073427515537471,1.0738519463635163,1.0732984692636616,1.0736971602391772,
2026-01-12 20:00:00,1.0736971602391772,1.0738448182865157,1.0735697097082488,1.0737771695473315,
2026-01-12 20:05:00,1.0737771695473315,1.0739127391774077,1.0736098180021627,1.0737712086424185,
2026-01-12 20:10:00,1.0737712086424185,1.0737980522192352,1.0733848014444958,1.073418234790439,
2026-01-12 20:15:00,1.073418234790439,1.0734736750163394,1.0730366569519243,1.0730931809937565,
2026-01-12 20:20:00,1.0730931809937565,1.0733023583273695,1.072909459765892,1.07311454802681,
2026-01-12 20:25:00,1.07311454802681,1.073267610380285,1.0729344471349034,1.0730574497642065,
2026-01-12 20:30:00,1.0730574497642065,1.0731189708215845,1.0727776230252142,1.072880007263574,
2026-01-12 20:35:00,1.072880007263574,1.0729311390063023,1.0727254255357908,1.0728910900501891,
2026-01-12 20:40:00,1.0728910900501891,1.0731009606779585,1.0727086345689931,1.072910155177882,
2026-01-12 20:45:00,1.072910155177882,1.073102887261608,1.0728428134432313,1.0730626934817171,
2026-01-12 20:50:00,1.0730626934817171,1.0731514902801689,1.072880427868531,1.0730852176715202,
2026-01-12 20:55:00,1.0730852176715202,1.073336372425106,1.0730456526388328,1.073283498306366,
2026-01-12 21:00:00,1.073283498306366,1.0733066654163383,1.0730875153577746,1.0732853219286642,
2026-01-12 21:05:00,1.0732853219286642,1.0733618661880018,1.0732176172907182,1.0732672906192362,
2026-01-12 21:10:00,1.0732672906192362,1.0736345369320266,1.0731993680728875,1.0734391847351388,
2026-01-12 21:15:00,1.0734391847351388,1.0735207273301846,1.0732448015103289,1.0732821884195454,
2026-01-12 21:20:00,1.0732821884195454,1.0738467002703134,1.0731175266483055,1.0737359253920091,
2026-01-12 21:25:00,1.0737359253920091,1.0739511715478185,1.0735387636208416,1.0737969031067125,
2026-01-12 21:30:00,1.0737969031067125,1.073977976197228,1.07372344733517,1.0738587817788536,
2026-01-12 21:35:00,1.0738587817788536,1.0740977503915508,1.0737801716259814,1.0739439039202163,
2026-01-12 21:40:00,1.0739439039202163,1.074385968967139,1.0738736875376085,1.0742468745108646,
2026-01-12 21:45:00,1.0742468745108646,1.0745046629246102,1.074199005452826,1.0743751215804704,
2026-01-12 21:50:00,1.0743751215804704,1.0745120583837686,1.073955284983314,1.074117024942327,
2026-01-12 21:55:00,1.074117024942327,1.0745075592178794,1.0740860953711255,1.074343709632705,
2026-01-12 22:00:00,1.074343709632705,1.0744915440837697,1.074095112823916,1.074289312167401,
2026-01-12 22:05:00,1.074289312167401,1.0744696362777486,1.0741023953729898,1.0743071167920215,
2026-01-12 22:10:00,1.0743071167920215,1.0743533243669128,1.0740602078376142,1.0741015268729657,
2026-01-12 22:15:00,1.0741015268729657,1.0743288277427192,1.0739862125797477,1.0741868464708313,
2026-01-12 22:20:00,1.0741868464708313,1.07433951041505,1.0738837207403704,1.0740824339849264,
2026-01-12 22:25:00,1.0740824339849264,1.0741731036807296,1.0739089625200977,1.0740991097228805,
2026-01-12 22:30:00,1.0740991097228805,1.074276533641892,1.0739051510809832,1.0740538751516555,
2026-01-12 22:35:00,1.0740538751516555,1.074439440321691,1.0740298321814763,1.0743645922330964,
2026-01-12 22:40:00,1.0743645922330964,1.0747485173958904,1.0743322842929302,1.0746846276144026,
2026-01-12 22:45:00,1.0746846276144026,1.0748687404618948,1.074521704536683,1.0746926630351084,
2026-01-12 22:50:00,1.0746926630351084,1.0747679774636305,1.074604902961354,1.0747035138927694,
2026-01-12 22:55:00,1.0747035138927694,1.0747983043360072,1.0745035340924858,1.0746438518304284,
2026-01-12 23:00:00,1.0746438518304284,1.0749089145698274,1.0744907991375607,1.0748226884604208,
2026-01-12 23:05:00,1.0748226884604208,1.0750043395884814,1.0746742044206978,1.0747701975726522,
2026-01-12 23:10:00,1.0747701975726522,1.074872140005544,1.07465700224335,1.074702810958476,
2026-01-12 23:15:00,1.074702810958476,1.0750060900509688,1.0746132059479216,1.0748611144429754,
2026-01-12 23:20:00,1.0748611144429754,1.0750240414458112,1.0745980770996415,1.074774865819259,
2026-01-12 23:25:00,1.074774865819259,1.0749078884637937,1.07468972105648,1.0747693164967058,
2026-01-12 23:30:00,1.0747693164967058,1.0749591815064043,1.0744836754402802,1.074514952339947,
2026-01-12 23:35:00,1.074514952339947,1.074793446462449,1.074322308684854,1.0746289951071826,
2026-01-12 23:40:00,1.0746289951071826,1.0750344720999443,1.0744864732635673,1.074942434906963,
2026-01-12 23:45:00,1.074942434906963,1.0752504162226508,1.0748250806916142,1.0750592700908643,
2026-01-12 23:50:00,1.0750592700908643,1.075409985166338,1.074890030768462,1.075295561696349,
2026-01-12 23:55:00,1.075295561696349,1.0753196256144797,1.0750656275330042,1.0751596364550615,
2026-01-13 00:00:00,1.0751596364550615,1.0752650900693157,1.0749623156121395,1.0751982876789778,
2026-01-13 00:05:00,1.0751982876789778,1.0753301990046449,1.0748723602188404,1.075046723371332,
2026-01-13 00:10:00,1.075046723371332,1.0750949500537503,1.074940034659854,1.075010532713352,
2026-01-13 00:15:00,1.075010532713352,1.0752607300618229,1.07492374407566,1.075135597813742,
2026-01-13 00:20:00,1.075135597813742,1.075237643804159,1.0750659640801865,1.075152556160144,
2026-01-13 00:25:00,1.075152556160144,1.0752687455465546,1.074786615715447,1.0749252970671597,
2026-01-13 00:30:00,1.0749252970671597,1.0749456345397768,1.074578741879468,1.0747138216270602,
2026-01-13 00:35:00,1.0747138216270602,1.0748865374709005,1.074377677482962,1.0744917285401945,
2026-01-13 00:40:00,1.0744917285401945,1.0746566245946692,1.0742978772727714,1.0745714780068696,
2026-01-13 00:45:00,1.0745714780068696,1.0749499658075683,1.0744664684549976,1.0749047372893985,
2026-01-13 00:50:00,1.0749047372893985,1.0752237990782143,1.0747436672584432,1.0751249742239537,
2026-01-13 00:55:00,1.0751249742239537,1.0752324861367817,1.0746813348319288,1.074819791953021,
2026-01-13 01:00:00,1.074819791953021,1.0751841964675704,1.0747065186637947,1.075049463979681,
2026-01-13 01:05:00,1.075049463979681,1.075315434939612,1.075021886860383,1.0752010137003485,
2026-01-13 01:10:00,1.0752010137003485,1.0752288479451206,1.07481400474438,1.0749523538486676,
2026-01-13 01:15:00,1.0749523538486676,1.0751292260666416,1.074768336203356,1.0749040033185258,
2026-01-13 01:20:00,1.0749040033185258,1.075183364194633,1.0748615259994991,1.075081192586911,
2026-01-13 01:25:00,1.075081192586911,1.0752043557428943,1.074917927891346,1.0751704979438383,
2026-01-13 01:30:00,1.0751704979438383,1.0753296070264136,1.0748558721591006,1.0749599310941207,
2026-01-13 01:35:00,1.0749599310941207,1.0751977794317102,1.0748815848115278,1.0750589516363294,
2026-01-13 01:40:00,1.0750589516363294,1.0751958504354278,1.074546540684043,1.0747148533734956,
2026-01-13 01:45:00,1.0747148533734956,1.074811697893808,1.0745976639953805,1.07467947076809,
2026-01-13 01:50:00,1.07467947076809,1.074957354144734,1.074547537625659,1.074863464673462,
2026-01-13 01:55:00,1.074863464673462,1.074983508755995,1.0747322400092,1.0748669678014449,
2026-01-13 02:00:00,1.0748669678014449,1.0748960747957668,1.0747575594044163,1.0747870644812798,
2026-01-13 02:05:00,1.0747870644812798,1.0750048025855317,1.0746909544277763,1.0749309901879724,
2026-01-13 02:10:00,1.0749309901879724,1.0752865288140911,1.0748708900129846,1.07508870786285,
2026-01-13 02:15:00,1.07508870786285,1.075439722251535,1.0750327851437078,1.075300527603492,
2026-01-13 02:20:00,1.075300527603492,1.07553750985373,1.075162634463539,1.075442101703955,
2026-01-13 02:25:00,1.075442101703955,1.0756771224167336,1.0754200479048035,1.0756170970582044,
2026-01-13 02:30:00,1.0756170970582044,1.0758900284575863,1.0754226628421255,1.0757358907724444,
2026-01-13 02:35:00,1.0757358907724444,1.0758461275756477,1.0756447203913635,1.0757792753199005,
2026-01-13 02:40:00,1.0757792753199005,1.0758434837215862,1.0757054906847805,1.0757942571028938,
2026-01-13 02:45:00,1.0757942571028938,1.075842069784936,1.0755709138738163,1.0757565092658052,
2026-01-13 02:50:00,1.0757565092658052,1.075907776656055,1.075453831885646,1.075561432871225,
2026-01-13 02:55:00,1.075561432871225,1.0756971387169971,1.075277278639698,1.0754078571849657,
2026-01-13 03:00:00,1.0754078571849657,1.0754404222828522,1.0752176506052649,1.0753629037400194,
2026-01-13 03:05:00,1.0753629037400194,1.0754430971574664,1.075186049710792,1.0754023894507012,
2026-01-13 03:10:00,1.0754023894507012,1.07576946281809,1.0753590358925342,1.0756353703819663,
2026-01-13 03:15:00,1.0756353703819663,1.0757581712803033,1.0755944668588149,1.0756291644310514,
2026-01-13 03:20:00,1.0756291644310514,1.0759350995979535,1.0754302964898712,1.075791619767087,
2026-01-13 03:25:00,1.075791619767087,1.076018386663783,1.0757700206827945,1.0759663396602774,
2026-01-13 03:30:00,1.0759663396602774,1.0761171254833966,1.0757820488731022,1.075929523928753,
2026-01-13 03:35:00,1.075929523928753,1.0762145403000185,1.0757995321636005,1.0760260429358988,
2026-01-13 03:40:00,1.0760260429358988,1.0761542319925153,1.075867816086139,1.0759872752700466,
2026-01-13 03:45:00,1.0759872752700466,1.076256528145004,1.075825826237394,1.0762012247414685,
2026-01-13 03:50:00,1.0762012247414685,1.076446729989482,1.076002579610894,1.0763044120955307,
2026-01-13 03:55:00,1.0763044120955307,1.076386166798569,1.0760843294259193,1.0761127688737882,
2026-01-13 04:00:00,1.0761127688737882,1.0761682518646514,1.0759821533851124,1.076139380070302,
2026-01-13 04:05:00,1.076139380070302,1.0764804118858051,1.0759903600899647,1.0764059909206418,
2026-01-13 04:10:00,1.0764059909206418,1.0765889962389927,1.0763021987060624,1.0763772677811736,
2026-01-13 04:15:00,1.0763772677811736,1.0765441000531812,1.0761965527318875,1.0764500949755496,
2026-01-13 04:20:00,1.0764500949755496,1.0767144183133597,1.0763478362640886,1.0765387785525138,
2026-01-13 04:25:00,1.0765387785525138,1.076650337234348,1.0763223289164572,1.0763719350396086,
2026-01-13 04:30:00,1.0763719350396086,1.0765679892189133,1.0761981416327249,1.0764549331809006,
2026-01-13 04:35:00,1.0764549331809006,1.0764758721186922,1.076040708101102,1.0762304347127785,
2026-01-13 04:40:00,1.0762304347127785,1.0763651134459704,1.076092067475558,1.0761299801608644,
2026-01-13 04:45:00,1.0761299801608644,1.0763435814753812,1.0759746776047765,1.0763041749832758,
2026-01-13 04:50:00,1.0763041749832758,1.0764684861627738,1.076245472423826,1.076362311448131,
2026-01-13 04:55:00,1.076362311448131,1.0764291684821496,1.0762924814626982,1.0763136914618785,
2026-01-13 05:00:00,1.0763136914618785,1.076476940818846,1.076246780973759,1.0763863118849966,
2026-01-13 05:05:00,1.0763863118849966,1.0765029858090165,1.0762032639758836,1.0763771477462234,
2026-01-13 05:10:00,1.0763771477462234,1.076402320360364,1.0763317346484025,1.0763797168197358,
2026-01-13 05:15:00,1.0763797168197358,1.076557533252953,1.076336196420796,1.076486308207964,
2026-01-13 05:20:00,1.076486308207964,1.0766844383561365,1.076216374000316,1.076369402587432,
2026-01-13 05:25:00,1.076369402587432,1.0764067851687862,1.0762762578524905,1.0763764533261384,
2026-01-13 05:30:00,1.0763764533261384,1.0764539441540066,1.076279847457236,1.0763265749502922,
2026-01-13 05:35:00,1.0763265749502922,1.076404430815786,1.0760097493010183,1.0760711493687851,
2026-01-13 05:40:00,1.0760711493687851,1.076159438834553,1.0757600978572124,1.07592312620371,
2026-01-13 05:45:00,1.07592312620371,1.0763200450644343,1.0757909378214994,1.0761767844991148,
2026-01-13 05:50:00,1.0761767844991148,1.0763040228394138,1.0760198173200528,1.076239428955651,
2026-01-13 05:55:00,1.076239428955651,1.0763422774375957,1.0759887143078994,1.0760263134909174,
2026-01-13 06:00:00,1.0760263134909174,1.0761623889329508,1.0756758020528456,1.0757782608237585,
2026-01-13 06:05:00,1.0757782608237585,1.0758562787942576,1.0755972202082824,1.075760699333423,
2026-01-13 06:10:00,1.075760699333423,1.076203965371179,1.0756928566382666,1.0760131863066884,
2026-01-13 06:15:00,1.0760131863066884,1.0762095273809782,1.0759331275738888,1.0759835815881964,
2026-01-13 06:20:00,1.0759835815881964,1.076236628116256,1.075894860487309,1.0761950868740722,
2026-01-13 06:25:00,1.0761950868740722,1.0763343260038865,1.0761150784787812,1.0762524384246943,
2026-01-13 06:30:00,1.0762524384246943,1.0763864919187442,1.0761990533244956,1.076329056946179,
2026-01-13 06:35:00,1.076329056946179,1.0763826790733793,1.0759222552993335,1.0761139653858978,
2026-01-13 06:40:00,1.0761139653858978,1.076374222757238,1.076007007673078,1.076265846386337,
2026-01-13 06:45:00,1.076265846386337,1.076387335265801,1.0760828607196185,1.0762123144637183,
2026-01-13 06:50:00,1.0762123144637183,1.076448809635581,1.0761705152201435,1.0763521922682735,
2026-01-13 06:55:00,1.0763521922682735,1.076421252145431,1.0760914820425451,1.076221288358409,
2026-01-13 07:00:00,1.076221288358409,1.076320560387907,1.0761013302736315,1.0762504085045412,
2026-01-13 07:05:00,1.0762504085045412,1.0765063577251397,1.0760626612255422,1.0763077746569982,
2026-01-13 07:10:00,1.0763077746569982,1.0764940365843163,1.0761892279732514,1.0762834449974443,
2026-01-13 07:15:00,1.0762834449974443,1.0763829577390744,1.0761226738193586,1.0763492959476963,
2026-01-13 07:20:00,1.0763492959476963,1.0764874750650557,1.07623207193853,1.076306824514653,
2026-01-13 07:25:00,1.076306824514653,1.076409062484,1.0760783703362775,1.0762025796004164,
2026-01-13 07:30:00,1.0762025796004164,1.0766063093825973,1.0760157249289124,1.0764623228451011,
2026-01-13 07:35:00,1.0764623228451011,1.076759701149529,1.0763298100091647,1.0766322482225317,
2026-01-13 07:40:00,1.0766322482225317,1.0768123136545464,1.0763619091977388,1.0765099177608168,
2026-01-13 07:45:00,1.0765099177608168,1.07663430826172,1.0763322405462803,1.076602250365148,
2026-01-13 07:50:00,1.076602250365148,1.0766851779893185,1.0762962834423735,1.0764828598277694,
2026-01-13 07:55:00,1.0764828598277694,1.076680248770409,1.0762346315848932,1.0762921210624297,
2026-01-13 08:00:00,1.0762921210624297,1.076512385739914,1.0762368702167364,1.076459574377096,
2026-01-13 08:05:00,1.076459574377096,1.0765024943962072,1.0760659027773534,1.076184988480197,
2026-01-13 08:10:00,1.076184988480197,1.0764863722730365,1.075985795532462,1.0763351573119564,
2026-01-13 08:15:00,1.0763351573119564,1.0764950956407595,1.0761866667279238,1.07629489414612,
2026-01-13 08:20:00,1.07629489414612,1.0764359033847013,1.0761817169458168,1.0762612798391753,
2026-01-13 08:25:00,1.0762612798391753,1.0764876851909266,1.0761445728096874,1.0763279699417498,
2026-01-13 08:30:00,1.0763279699417498,1.07656721620672,1.076296378702409,1.0764223463237437,
2026-01-13 08:35:00,1.0764223463237437,1.0764667850465557,1.0762375713792145,1.0762894685978703,
2026-01-13 08:40:00,1.0762894685978703,1.0765353650568812,1.076242662922748,1.076405885115335,
2026-01-13 08:45:00,1.076405885115335,1.0765845661932183,1.0763808603172222,1.076424728390358,
2026-01-13 08:50:00,1.076424728390358,1.0766005213794962,1.076072480125104,1.076222478339652,
2026-01-13 08:55:00,1.076222478339652,1.0762868006833353,1.0761170079577878,1.076195593376043,
2026-01-13 09:00:00,1.076195593376043,1.0764620711822164,1.0761452568400194,1.076419133645247,
2026-01-13 09:05:00,1.076419133645247,1.0768510101210962,1.0763069297665526,1.0766904138412514,
2026-01-13 09:10:00,1.0766904138412514,1.0768729915111013,1.0766121938481763,1.076806812808995,
2026-01-13 09:15:00,1.076806812808995,1.0768325601150928,1.076524359584649,1.0766151027833926,
2026-01-13 09:20:00,1.0766151027833926,1.07686341170761,1.0765383070563217,1.0766948732661532,
2026-01-13 09:25:00,1.0766948732661532,1.0769439164921009,1.0766741562335689,1.076832838088015,
2026-01-13 09:30:00,1.076832838088015,1.0770293968354032,1.0766889388924197,1.076950602871566,
2026-01-13 09:35:00,1.076950602871566,1.0771000096639312,1.076910678585394,1.0770779524249894,
2026-01-13 09:40:00,1.0770779524249894,1.0771635409305371,1.077018506793518,1.0771371819904898,
2026-01-13 09:45:00,1.0771371819904898,1.0772998541791907,1.0770717638456755,1.0771260209135172,
2026-01-13 09:50:00,1.0771260209135172,1.0772341679728108,1.0769486245300564,1.077028270643246,
2026-01-13 09:55:00,1.077028270643246,1.0770752206121197,1.076673397532192,1.0767222331145014,
2026-01-13 10:00:00,1.0767222331145014,1.0768621588896643,1.0766397817321476,1.0767776278767598,
2026-01-13 10:05:00,1.0767776278767598,1.076857972257567,1.0767138402945144,1.0768082173310105,
2026-01-13 10:10:00,1.0768082173310105,1.0769391385635243,1.0767771986106394,1.0768988198839518,
2026-01-13 10:15:00,1.0768988198839518,1.076968555291673,1.0765066186786243,1.0766833200145152,
2026-01-13 10:20:00,1.0766833200145152,1.076906946793123,1.0766083154152375,1.0767880352545798,
2026-01-13 10:25:00,1.0767880352545798,1.077178272580217,1.076750884468232,1.077120471390811,
2026-01-13 10:30:00,1.077120471390811,1.0772155458630042,1.0770065966425997,1.0771336850683728,
2026-01-13 10:35:00,1.0771336850683728,1.077239712627485,1.077082070814263,1.0771242604075697,
2026-01-13 10:40:00,1.0771242604075697,1.0772703305950306,1.0769651036313073,1.0771747252419777,
2026-01-13 10:45:00,1.0771747252419777,1.0775468443670484,1.0771436412121944,1.0775036913632066,
2026-01-13 10:50:00,1.0775036913632066,1.077530687177603,1.077235160626554,1.077338795097544,
2026-01-13 10:55:00,1.077338795097544,1.0773985552617429,1.077148906358123,1.0773721726908918,
2026-01-13 11:00:00,1.0773721726908918,1.0774552049141368,1.0771948753348008,1.0772434897644594,
2026-01-13 11:05:00,1.0772434897644594,1.077392874138596,1.0770993970152174,1.0771556433770604,
2026-01-13 11:10:00,1.0771556433770604,1.0771992693308317,1.0770200858247612,1.0771481695088123,
2026-01-13 11:15:00,1.0771481695088123,1.0775280766262427,1.0769517957759251,1.077366420205297,
2026-01-13 11:20:00,1.077366420205297,1.0778068687460869,1.0772769697706055,1.0776580473704105,
2026-01-13 11:25:00,1.0776580473704105,1.0777517400972934,1.0775212912537109,1.077731030268934,
2026-01-13 11:30:00,1.077731030268934,1.077755844886071,1.077623273579522,1.0776706906508229,
2026-01-13 11:35:00,1.0776706906508229,1.0781293637526046,1.0775352391668354,1.0780742577738078,
2026-01-13 11:40:00,1.0780742577738078,1.078104359537797,1.0779401794998396,1.0780056586715314,
2026-01-13 11:45:00,1.0780056586715314,1.0781213004304802,1.0777834566526925,1.077913848422041,
2026-01-13 11:50:00,1.077913848422041,1.0779409813291034,1.0775914810652936,1.0776274400827486,
2026-01-13 11:55:00,1.0776274400827486,1.0780181488787195,1.0775129456588417,1.0778536726278802,
2026-01-13 12:00:00,1.0778536726278802,1.0781195002342334,1.077790939728839,1.078010767061823,
2026-01-13 12:05:00,1.078010767061823,1.0785533720129687,1.0778680594952237,1.0784023402269678,
2026-01-13 12:10:00,1.0784023402269678,1.0785574666861362,1.07802355239159,1.0781781329532625,
2026-01-13 12:15:00,1.0781781329532625,1.0785257406437252,1.0780054672977617,1.0784145231345843,
2026-01-13 12:20:00,1.0784145231345843,1.078612972999296,1.078215891968179,1.0784264076815706,
2026-01-13 12:25:00,1.0784264076815706,1.0787555961474162,1.078323723821233,1.0785573528081225,
2026-01-13 12:30:00,1.0785573528081225,1.0786420114516049,1.0781506345783909,1.078291341573488,
2026-01-13 12:35:00,1.078291341573488,1.0785720155179437,1.078268025304563,1.0785293599726988,
2026-01-13 12:40:00,1.0785293599726988,1.0787425318907131,1.0783464443067037,1.0786571490185566,
2026-01-13 12:45:00,1.0786571490185566,1.0787173527200191,1.0785205590082163,1.0786513927744117,
2026-01-13 12:50:00,1.0786513927744117,1.0788718959776806,1.0785555506781426,1.0787563149576096,
2026-01-13 12:55:00,1.0787563149576096,1.078844424725835,1.0785348176579874,1.0786329939516843,
2026-01-13 13:00:00,1.0786329939516843,1.078739474846256,1.07838334760004,1.0785397868163848,
2026-01-13 13:05:00,1.0785397868163848,1.0786971605800786,1.078295327536072,1.0784653521367085,
2026-01-13 13:10:00,1.0784653521367085,1.078534675912126,1.0780007947800556,1.0781662174417923,
2026-01-13 13:15:00,1.0781662174417923,1.07842287888756,1.078054312204244,1.078306133437125,
2026-01-13 13:20:00,1.078306133437125,1.0785797543426898,1.0782193270423626,1.0784994253178106,
2026-01-13 13:25:00,1.0784994253178106,1.0786607182733523,1.0781963135043786,1.0783865105894337,
2026-01-13 13:30:00,1.0783865105894337,1.078578492491077,1.078252354674975,1.0784433758972436,
2026-01-13 13:35:00,1.0784433758972436,1.0784649067487355,1.0782831027845572,1.078400960398176,
2026-01-13 13:40:00,1.078400960398176,1.0785934118175518,1.078273262990411,1.0784546025761528,
2026-01-13 13:45:00,1.0784546025761528,1.0785052317376047,1.0782202485250372,1.0783536244965106,
2026-01-13 13:50:00,1.0783536244965106,1.0785040297787472,1.078062923242492,1.0782112763616312,
2026-01-13 13:55:00,1.0782112763616312,1.078504103790174,1.0780917031165238,1.0783819828301415,
2026-01-13 14:00:00,1.0783819828301415,1.078474249712132,1.078194626568556,1.0783721905323584,
2026-01-13 14:05:00,1.0783721905323584,1.0788447993588086,1.0781974419737892,1.078699867401551,
2026-01-13 14:10:00,1.078699867401551,1.0788820867557811,1.0786002610075138,1.0787078999643247,
2026-01-13 14:15:00,1.0787078999643247,1.0788680738328198,1.078508267995734,1.0785586044959166,
2026-01-13 14:20:00,1.0785586044959166,1.0788758295574428,1.0784348064674378,1.07875766128766,
2026-01-13 14:25:00,1.07875766128766,1.0790103626009664,1.0786259281736763,1.0788602776233196,
2026-01-13 14:30:00,1.0788602776233196,1.0790729572839706,1.078746069300008,1.07897845266418,
2026-01-13 14:35:00,1.07897845266418,1.0793337290312353,1.078798148657791,1.0791717043293538,
2026-01-13 14:40:00,1.0791717043293538,1.0793409336698458,1.0790298334963893,1.0790665771426535,
2026-01-13 14:45:00,1.0790665771426535,1.0791112900332915,1.0789747843126034,1.0790465196434738,
2026-01-13 14:50:00,1.0790465196434738,1.079109365288201,1.0788434669858926,1.0790193091582307,
2026-01-13 14:55:00,1.0790193091582307,1.0790879071309536,1.078621863324284,1.078810957720628,
2026-01-13 15:00:00,1.078810957720628,1.0788608524300447,1.0786721768433565,1.0787688433568028,
2026-01-13 15:05:00,1.0787688433568028,1.0790763075045635,1.078714167440071,1.0789856512033222,
2026-01-13 15:10:00,1.0789856512033222,1.0790793500385891,1.0788899918939503,1.0790246040605282,
2026-01-13 15:15:00,1.0790246040605282,1.0791518011364951,1.0787051905031624,1.0788073004633387,
2026-01-13 15:20:00,1.0788073004633387,1.0788455912430603,1.078442578991803,1.0785561014798724,
2026-01-13 15:25:00,1.0785561014798724,1.078894593127904,1.0784867179254394,1.078826007680359,
2026-01-13 15:30:00,1.078826007680359,1.0789658013966297,1.078735658477327,1.0788119314106082,
2026-01-13 15:35:00,1.0788119314106082,1.078903669532772,1.0785697049993062,1.0787077107729484,
2026-01-13 15:40:00,1.0787077107729484,1.078803574066482,1.0785319945141851,1.0786639174613646,
2026-01-13 15:45:00,1.0786639174613646,1.078827544006897,1.0782862769176655,1.0784254553703865,
2026-01-13 15:50:00,1.0784254553703865,1.0788534366552054,1.0783375440734106,1.078656224575613,
2026-01-13 15:55:00,1.078656224575613,1.0787779367765988,1.078512608166165,1.0785931703970948,
2026-01-13 16:00:00,1.0785931703970948,1.078849195077526,1.0785098934359596,1.0788149629866626,
2026-01-13 16:05:00,1.0788149629866626,1.0788623833625597,1.0786237512192745,1.0788238608271992,
2026-01-13 16:10:00,1.0788238608271992,1.0792500872695128,1.0787327167086331,1.0790557571395474,
2026-01-13 16:15:00,1.0790557571395474,1.079240107924082,1.0789266533082065,1.079097845639787,
2026-01-13 16:20:00,1.079097845639787,1.079391946766714,1.078983733866097,1.0792365023254138,
2026-01-13 16:25:00,1.0792365023254138,1.079495096476464,1.0790587823985347,1.0793534590000806,
2026-01-13 16:30:00,1.0793534590000806,1.0795072473184537,1.0792670179759405,1.0794549161501483,
2026-01-13 16:35:00,1.0794549161501483,1.0796124995022858,1.0793567701501643,1.0795117943133372,
2026-01-13 16:40:00,1.0795117943133372,1.0796754487921087,1.0793029269728434,1.079474629944824,
2026-01-13 16:45:00,1.079474629944824,1.079961309203528,1.0794256575742986,1.0797853638701984,
2026-01-13 16:50:00,1.0797853638701984,1.0798480842628528,1.079512046069944,1.0796390190885616,
2026-01-13 16:55:00,1.0796390190885616,1.0797675296359432,1.0795470356111858,1.0796402565135932,
2026-01-13 17:00:00,1.0796402565135932,1.0796914853887654,1.0794428140329866,1.0796432070462725,
2026-01-13 17:05:00,1.0796432070462725,1.0799014125687847,1.0794933579052484,1.0797089227316228,
2026-01-13 17:10:00,1.0797089227316228,1.0797743195036411,1.0796180088473368,1.079639908974642,
2026-01-13 17:15:00,1.079639908974642,1.0798422162475343,1.0794688036725617,1.0796914219243856,
2026-01-13 17:20:00,1.0796914219243856,1.0797530222543466,1.07951804508108,1.0796646174191926,
2026-01-13 17:25:00,1.0796646174191926,1.0797955071289107,1.079288017829246,1.0794089907940507,
2026-01-13 17:30:00,1.0794089907940507,1.0795497446993767,1.0793464876683916,1.0794110771241126,
2026-01-13 17:35:00,1.0794110771241126,1.0794901941827344,1.079186560089668,1.0792334370867414,
2026-01-13 17:40:00,1.0792334370867414,1.079400827182518,1.0788201300950002,1.0789532420163148,
2026-01-13 17:45:00,1.0789532420163148,1.0791553004801997,1.0788540527672084,1.078975933718515,
2026-01-13 17:50:00,1.078975933718515,1.0792293508806148,1.0788008420623134,1.079055438293169,
2026-01-13 17:55:00,1.079055438293169,1.0792207753688368,1.078988211050519,1.0791412316893332,
2026-01-13 18:00:00,1.0791412316893332,1.0793875650523617,1.0790064780927808,1.0792335838057394,
2026-01-13 18:05:00,1.0792335838057394,1.079354292141616,1.0788565196158522,1.0789213113624507,
2026-01-13 18:10:00,1.0789213113624507,1.0790479844608594,1.078567071595838,1.0787016086700747,
2026-01-13 18:15:00,1.0787016086700747,1.0791274580777763,1.0786729066344758,1.0790215215624297,
2026-01-13 18:20:00,1.0790215215624297,1.0791495685690642,1.0787620728447869,1.0788525801816136,
2026-01-13 18:25:00,1.0788525801816136,1.0789963930481032,1.0788014967707578,1.0789519752996568,
2026-01-13 18:30:00,1.0789519752996568,1.079045567801618,1.078712276422925,1.0788413445422451,
2026-01-13 18:35:00,1.0788413445422451,1.0789067581004723,1.0787643334926733,1.0788547771833148,
2026-01-13 18:40:00,1.0788547771833148,1.0789251961788895,1.0785939671571871,1.078752843028369,
2026-01-13 18:45:00,1.078752843028369,1.078887257511303,1.0787122160434917,1.0788442508948373,
2026-01-13 18:50:00,1.0788442508948373,1.0789251734596756,1.078724132542792,1.0788669242507356,
2026-01-13 18:55:00,1.0788669242507356,1.0790276715167777,1.078668057320434,1.0787949193357635,
2026-01-13 19:00:00,1.0787949193357635,1.0789138898989554,1.0786015552424877,1.0786255339804374,
2026-01-13 19:05:00,1.0786255339804374,1.078693654159442,1.0785990565524843,1.0786693983981095,
2026-01-13 19:10:00,1.0786693983981095,1.0788313328051942,1.0783982538509649,1.0784737370819837,
2026-01-13 19:15:00,1.0784737370819837,1.0787271369435878,1.0783441035028896,1.0785434326323204,
2026-01-13 19:20:00,1.0785434326323204,1.0791474498075375,1.0783501592331912,1.0789689725378966,
2026-01-13 19:25:00,1.0789689725378966,1.0793561960389526,1.0789326315060983,1.0791880530000355,
2026-01-13 19:30:00,1.0791880530000355,1.079503482745861,1.0790414837008575,1.0793048837861567,
2026-01-13 19:35:00,1.0793048837861567,1.0794304361381537,1.079146875162626,1.079291564064608,
2026-01-13 19:40:00,1.079291564064608,1.0794848298377406,1.0788377719210855,1.078978277284916,
2026-01-13 19:45:00,1.078978277284916,1.0791690692467664,1.078651923623153,1.078764830144629,
2026-01-13 19:50:00,1.078764830144629,1.0790493473470344,1.0785708014735194,1.0789729643755437,
2026-01-13 19:55:00,1.0789729643755437,1.0791483824516337,1.078735373025119,1.078845692550047,
2026-01-13 20:00:00,1.078845692550047,1.0790083376298476,1.0785621866093078,1.0787330800835635,
2026-01-13 20:05:00,1.0787330800835635,1.078892723863496,1.0786395621641447,1.078706815872662,
2026-01-13 20:10:00,1.078706815872662,1.0788881464114946,1.078370387817047,1.0785355233469225,
2026-01-13 20:15:00,1.0785355233469225,1.0786246775487078,1.0781382354939817,1.0783376137260905,
2026-01-13 20:20:00,1.0783376137260905,1.0784296236199502,1.0781461732303768,1.078329988708176,
2026-01-13 20:25:00,1.078329988708176,1.078465198123833,1.0781116000915725,1.0781863330009478,
2026-01-13 20:30:00,1.0781863330009478,1.0783391378177545,1.0778947269331134,1.078067035278766,
2026-01-13 20:35:00,1.078067035278766,1.0782453879572444,1.0779041089241743,1.0779412552063194,
2026-01-13 20:40:00,1.0779412552063194,1.0782039107297363,1.077799267845589,1.0780262585720175,
2026-01-13 20:45:00,1.0780262585720175,1.0781760997044072,1.0779076762595965,1.0779892625815342,
2026-01-13 20:50:00,1.0779892625815342,1.078181503281542,1.0778223665328517,1.0779609271489787,
2026-01-13 20:55:00,1.0779609271489787,1.078110146303728,1.0778667223276144,1.0780579931523178,
2026-01-13 21:00:00,1.0780579931523178,1.0782490543248102,1.078013937407433,1.0780355633744014,
2026-01-13 21:05:00,1.0780355633744014,1.0780671178411674,1.0779294784103777,1.0779911081901064,
2026-01-13 21:10:00,1.0779911081901064,1.0781877330416112,1.0779634786681918,1.0780677211029968,
2026-01-13 21:15:00,1.0780677211029968,1.0782125554375597,1.0779708125168928,1.078176319985298,
2026-01-13 21:20:00,1.078176319985298,1.0782985601608337,1.0779818608177851,1.0781530736493965,
2026-01-13 21:25:00,1.0781530736493965,1.078256868687796,1.0780002342327808,1.078166648939554,
2026-01-13 21:30:00,1.078166648939554,1.0782013386372244,1.077878756156586,1.07804076035011,
2026-01-13 21:35:00,1.07804076035011,1.0781774213750142,1.0777368346376202,1.077902130574405,
2026-01-13 21:40:00,1.077902130574405,1.0781786522614916,1.0778151814125572,1.0780270366215594,
2026-01-13 21:45:00,1.0780270366215594,1.0781508803826492,1.0779159519902506,1.0780995270081977,
2026-01-13 21:50:00,1.0780995270081977,1.0783186957733324,1.0779880057975824,1.078173697163857,
2026-01-13 21:55:00,1.078173697163857,1.0782718872549022,1.0781333196308085,1.0782196586960555,
2026-01-13 22:00:00,1.0782196586960555,1.0782724017885692,1.0780919931140724,1.0782276704276923,
2026-01-13 22:05:00,1.0782276704276923,1.078387374454719,1.0780780380674724,1.0783408490667443,
2026-01-13 22:10:00,1.0783408490667443,1.0786204879421275,1.0782108748593042,1.0784926538177158,
2026-01-13 22:15:00,1.0784926538177158,1.0788007984647512,1.078338379949468,1.0786406161192883,
2026-01-13 22:20:00,1.0786406161192883,1.0787680569855536,1.0785834496535558,1.0786248500818183,
2026-01-13 22:25:00,1.0786248500818183,1.079015502837347,1.0784677964714782,1.0788498195758036,
2026-01-13 22:30:00,1.0788498195758036,1.0790137967890092,1.0787923543571971,1.0788873308676166,
2026-01-13 22:35:00,1.0788873308676166,1.0791537324404157,1.0787095020395054,1.0789902146158927,
2026-01-13 22:40:00,1.0789902146158927,1.0792321846611768,1.0789261269796695,1.0790364106109729,
2026-01-13 22:45:00,1.0790364106109729,1.0791673030400406,1.0789278519819083,1.0790769302746064,
2026-01-13 22:50:00,1.0790769302746064,1.0791239198664533,1.0788506784417125,1.0789583863751109,
2026-01-13 22:55:00,1.0789583863751109,1.079116812563572,1.07888999331744,1.079072441137465,
2026-01-13 23:00:00,1.079072441137465,1.0796611669790703,1.0789873334122695,1.0795336210116722,
2026-01-13 23:05:00,1.0795336210116722,1.079652099563526,1.0794200644567638,1.0794734718715973,
2026-01-13 23:10:00,1.0794734718715973,1.0795386695803544,1.0793508537460548,1.079485507212217,
2026-01-13 23:15:00,1.079485507212217,1.079664286105497,1.079229453474854,1.079413798519414,
2026-01-13 23:20:00,1.079413798519414,1.0796060132257357,1.079258335403606,1.079335324766631,
2026-01-13 23:25:00,1.079335324766631,1.0796515191731717,1.0792238734968722,1.079585940357413,
2026-01-13 23:30:00,1.079585940357413,1.0796431792849752,1.0793023675788551,1.0794775060889987,
2026-01-13 23:35:00,1.0794775060889987,1.079536012022414,1.0792998348093494,1.0794012846377996,
2026-01-13 23:40:00,1.0794012846377996,1.079491020513144,1.0789751966821788,1.0791448235413013,
2026-01-13 23:45:00,1.0791448235413013,1.079318404432855,1.0789223837852004,1.079022734104931,
2026-01-13 23:50:00,1.079022734104931,1.0791500070147204,1.078647554911914,1.078746798555922,
2026-01-13 23:55:00,1.078746798555922,1.0788817360373035,1.0786984953627297,1.0788495764195916,
2026-01-14 00:00:00,1.0788495764195916,1.079408415277983,1.0788070802311949,1.079303279042652,
2026-01-14 00:05:00,1.079303279042652,1.079339538745597,1.0791143872396451,1.079244456653618,
2026-01-14 00:10:00,1.079244456653618,1.0793375751941396,1.078806283944951,1.0789752039793932,
2026-01-14 00:15:00,1.0789752039793932,1.0792140485964037,1.0789308308117602,1.0791214149707888,
2026-01-14 00:20:00,1.0791214149707888,1.0792581184506165,1.0788204779338089,1.079004294844108,
2026-01-14 00:25:00,1.079004294844108,1.0793340567986824,1.0789196964797725,1.0792151550846292,
2026-01-14 00:30:00,1.0792151550846292,1.07939261094545,1.079073493834658,1.0791700401318318,
2026-01-14 00:35:00,1.0791700401318318,1.0791929696647116,1.0788873074153975,1.079068309027761,
2026-01-14 00:40:00,1.079068309027761,1.079227628815738,1.0788587113172188,1.0790400446782766,
2026-01-14 00:45:00,1.0790400446782766,1.0791873204525353,1.0789255700804323,1.0791632419511632,
2026-01-14 00:50:00,1.0791632419511632,1.0792380141202889,1.079057150854641,1.0791269685446423,
2026-01-14 00:55:00,1.0791269685446423,1.0793053079095147,1.0789961576049685,1.0790471067099894,
2026-01-14 01:00:00,1.0790471067099894,1.079191381260891,1.0789465799890714,1.0790154643976089,
2026-01-14 01:05:00,1.0790154643976089,1.0790664237997147,1.0786496577939686,1.078810170725541,
2026-01-14 01:10:00,1.078810170725541,1.0789833015536068,1.0787317443811426,1.0788749603356669,
2026-01-14 01:15:00,1.0788749603356669,1.0790249030882426,1.0784413691219767,1.0785863901849626,
2026-01-14 01:20:00,1.0785863901849626,1.0787751119828035,1.0784599421842396,1.07851507833225,
2026-01-14 01:25:00,1.07851507833225,1.078772653724033,1.0784089476783658,1.0786384759081735,
2026-01-14 01:30:00,1.0786384759081735,1.0787124898712706,1.0785550967892832,1.0786880482972123,
2026-01-14 01:35:00,1.0786880482972123,1.0788940540148824,1.078577398079015,1.078784107680137,
2026-01-14 01:40:00,1.078784107680137,1.0788316407751877,1.0786515314303449,1.0787741215827105,
2026-01-14 01:45:00,1.0787741215827105,1.0789925617769922,1.0785757532890765,1.0789639614579067,
2026-01-14 01:50:00,1.0789639614579067,1.0792419008749718,1.0787819803494128,1.079114168960729,
2026-01-14 01:55:00,1.079114168960729,1.0793467724747932,1.0789689129947748,1.0791869265323413,
2026-01-14 02:00:00,1.0791869265323413,1.0793641168382644,1.0791392527076458,1.079337625938275,
2026-01-14 02:05:00,1.079337625938275,1.0796207126315525,1.079152200798134,1.0794596665627787,
2026-01-14 02:10:00,1.0794596665627787,1.0796068163811448,1.0792083856390862,1.0793890511318136,
2026-01-14 02:15:00,1.0793890511318136,1.079544408771684,1.0789924175644054,1.0791720241818188,
2026-01-14 02:20:00,1.0791720241818188,1.0793046635113708,1.0790658011462353,1.079240612404282,
2026-01-14 02:25:00,1.079240612404282,1.0794204071231466,1.0791898851962909,1.079329559941158,
2026-01-14 02:30:00,1.079329559941158,1.0795482160811372,1.0791737673624635,1.07950666093224,
2026-01-14 02:35:00,1.07950666093224,1.079569661303282,1.0792656637914182,1.0793555964984365,
2026-01-14 02:40:00,1.0793555964984365,1.0794300986393024,1.0791273695715933,1.079209391863738,
2026-01-14 02:45:00,1.079209391863738,1.0793618819719226,1.0791190511014772,1.079284383376806,
2026-01-14 02:50:00,1.079284383376806,1.0793358905566637,1.0791527689615714,1.0792734016619152,
2026-01-14 02:55:00,1.0792734016619152,1.079327369785568,1.0788886630778076,1.0789686964673415,
2026-01-14 03:00:00,1.0789686964673415,1.079212211857094,1.0788245107573615,1.0790299471851312,
2026-01-14 03:05:00,1.0790299471851312,1.079191048035798,1.0785941149481593,1.078730705231393,
2026-01-14 03:10:00,1.078730705231393,1.0788127112180217,1.0784667085027717,1.0785783037732604,
2026-01-14 03:15:00,1.0785783037732604,1.0789881253102074,1.078548588591557,1.0787975494731008,
2026-01-14 03:20:00,1.0787975494731008,1.0791564367802258,1.078608971790274,1.079093430691923,
2026-01-14 03:25:00,1.079093430691923,1.079186658373544,1.0788031117286108,1.0788972170595723,
2026-01-14 03:30:00,1.0788972170595723,1.079063651615631,1.0787435492816284,1.0788444508566,
2026-01-14 03:35:00,1.0788444508566,1.0789516073119705,1.078742365004396,1.078851887765334,
2026-01-14 03:40:00,1.078851887765334,1.0792029504102825,1.078766182732851,1.079140717852159,
2026-01-14 03:45:00,1.079140717852159,1.079227054236331,1.0789200532653829,1.079061479089294,
2026-01-14 03:50:00,1.079061479089294,1.0791716088823216,1.0789623280801064,1.0789848332653549,
2026-01-14 03:55:00,1.0789848332653549,1.079367775697834,1.0788076017660788,1.0792360597087751,
2026-01-14 04:00:00,1.0792360597087751,1.0793290688786998,1.0791374890822294,1.079175928106778,
2026-01-14 04:05:00,1.079175928106778,1.0793910162704017,1.078975979645259,1.0792933814908,
2026-01-14 04:10:00,1.0792933814908,1.0793608913411044,1.0789217520423593,1.0790548069156112,
2026-01-14 04:15:00,1.0790548069156112,1.0791711694293262,1.0789957069925422,1.079027631357881,
2026-01-14 04:20:00,1.079027631357881,1.0790871334799597,1.0786383528714003,1.078759591542097,
2026-01-14 04:25:00,1.078759591542097,1.078935746261357,1.0785097250549514,1.0785893604575951,
2026-01-14 04:30:00,1.0785893604575951,1.0788802074868191,1.0783978126774325,1.0787256814141712,
2026-01-14 04:35:00,1.0787256814141712,1.078819531632086,1.078562160888422,1.0787181456692827,
2026-01-14 04:40:00,1.0787181456692827,1.0788726466817486,1.0785557898251368,1.0786670524654935,
2026-01-14 04:45:00,1.0786670524654935,1.0786883117350192,1.078449090877127,1.0785464508090383,
2026-01-14 04:50:00,1.0785464508090383,1.078628458869114,1.0783120360857807,1.078511292481623,
2026-01-14 04:55:00,1.078511292481623,1.0786598001612109,1.07837116334633,1.0785605459545442,
2026-01-14 05:00:00,1.0785605459545442,1.0788246809652071,1.078448038600914,1.078720117233849,
2026-01-14 05:05:00,1.078720117233849,1.0788748888998367,1.0782043402799877,1.0782959702211232,
2026-01-14 05:10:00,1.0782959702211232,1.0784892755580844,1.0780835600713647,1.078161984985704,
2026-01-14 05:15:00,1.078161984985704,1.0782766535982335,1.0780150094894196,1.0781882541147538,
2026-01-14 05:20:00,1.0781882541147538,1.078271362087669,1.078046984969332,1.0781728043620151,
2026-01-14 05:25:00,1.0781728043620151,1.0783684745897992,1.0780001310916605,1.0782385818490148,
2026-01-14 05:30:00,1.0782385818490148,1.0783530183476997,1.07811894091882,1.078282392697145,
2026-01-14 05:35:00,1.078282392697145,1.0783278357572317,1.0781088032437447,1.0782336228939684,
2026-01-14 05:40:00,1.0782336228939684,1.078426700250657,1.0780430305416258,1.0781489547106975,
2026-01-14 05:45:00,1.0781489547106975,1.0783146701029231,1.0779525196499735,1.0781097914203062,
2026-01-14 05:50:00,1.0781097914203062,1.078488647050156,1.0780150928286083,1.0782961171306116,
2026-01-14 05:55:00,1.0782961171306116,1.078355327048775,1.078004915393887,1.0781782645227385,
2026-01-14 06:00:00,1.0781782645227385,1.078201470181433,1.078089778071202,1.0781686461282098,
2026-01-14 06:05:00,1.0781686461282098,1.0782975437928486,1.0780239736198614,1.0781988367092157,
2026-01-14 06:10:00,1.0781988367092157,1.0786398103664314,1.0780181019473778,1.078451760753093,
2026-01-14 06:15:00,1.078451760753093,1.07849665931409,1.0782452875580346,1.0784037208535,
2026-01-14 06:20:00,1.0784037208535,1.0786004617806175,1.078322051387847,1.0785593683865071,
2026-01-14 06:25:00,1.0785593683865071,1.0787916521236955,1.0784122273659762,1.0787592406225313,
2026-01-14 06:30:00,1.0787592406225313,1.078916943862339,1.0786922064544533,1.078749463721083,
2026-01-14 06:35:00,1.078749463721083,1.0789109304971731,1.0786854369556087,1.07871590666991,
2026-01-14 06:40:00,1.07871590666991,1.0788610743599296,1.0785007552876849,1.0786632040008208,
2026-01-14 06:45:00,1.0786632040008208,1.078692796532943,1.0784569104150423,1.0786223520557845,
2026-01-14 06:50:00,1.0786223520557845,1.078911302523033,1.0785982244867796,1.0787611106225865,
2026-01-14 06:55:00,1.0787611106225865,1.0788997845420905,1.0785705075200898,1.0787990313565674,
2026-01-14 07:00:00,1.0787990313565674,1.0788860669896545,1.0786987693877246,1.0788376459937057,
2026-01-14 07:05:00,1.0788376459937057,1.078910768675593,1.078473161678648,1.0786561106651864,
2026-01-14 07:10:00,1.0786561106651864,1.0787663170963744,1.078338251496051,1.0785001229106668,
2026-01-14 07:15:00,1.0785001229106668,1.078926811498851,1.0783180052756611,1.0788474742338423,
2026-01-14 07:20:00,1.0788474742338423,1.079042029094656,1.0786492293879717,1.0788192370019327,
2026-01-14 07:25:00,1.0788192370019327,1.07892469051544,1.0784990886275525,1.078694407794078,
2026-01-14 07:30:00,1.078694407794078,1.0790135170045332,1.0785611696138484,1.0789265299126878,
2026-01-14 07:35:00,1.0789265299126878,1.0791138477479951,1.0788656233202183,1.0789726779707811,
2026-01-14 07:40:00,1.0789726779707811,1.0792038916756677,1.078882556607249,1.0790667935654337,
2026-01-14 07:45:00,1.0790667935654337,1.079087232635907,1.07888965075215,1.0790449890169014,
2026-01-14 07:50:00,1.0790449890169014,1.0791763142825954,1.0789456958860817,1.078993950356266,
2026-01-14 07:55:00,1.078993950356266,1.0790578287717243,1.078779671167742,1.0789670427882545,
2026-01-14 08:00:00,1.0789670427882545,1.07905458484374,1.0786868658249409,1.0787438160293938,
2026-01-14 08:05:00,1.0787438160293938,1.0788909588297262,1.0785524523628995,1.078730127815772,
2026-01-14 08:10:00,1.078730127815772,1.0788988987580952,1.078623057505701,1.0787785692383132,
2026-01-14 08:15:00,1.0787785692383132,1.0791649442763898,1.0786072576116064,1.0790785863504415,
2026-01-14 08:20:00,1.0790785863504415,1.0791431798123678,1.0788860931248958,1.079093045949037,
2026-01-14 08:25:00,1.079093045949037,1.0792040327427417,1.0786198457678422,1.078715832309216,
2026-01-14 08:30:00,1.078715832309216,1.0787933181934473,1.0785557754133412,1.0787011642307065,
2026-01-14 08:35:00,1.0787011642307065,1.0793293878404282,1.0786403550620929,1.079145060834915,
2026-01-14 08:40:00,1.079145060834915,1.07940203221231,1.0789809194059126,1.079285849817058,
2026-01-14 08:45:00,1.079285849817058,1.0794617233360086,1.0789875336167036,1.0791551202335743,
2026-01-14 08:50:00,1.0791551202335743,1.079341581029587,1.0790819760068486,1.07925134844446,
2026-01-14 08:55:00,1.07925134844446,1.0794202871339418,1.079107426509269,1.079131771846514,
2026-01-14 09:00:00,1.079131771846514,1.0791619484889048,1.0788155761006075,1.078913193045928,
2026-01-14 09:05:00,1.078913193045928,1.0789868544705303,1.0788067548060287,1.078857354902193,
2026-01-14 09:10:00,1.078857354902193,1.0789067777038548,1.0786900157077446,1.078872706035907,
2026-01-14 09:15:00,1.078872706035907,1.0788984030684354,1.0785033177268395,1.0785703152368826,
2026-01-14 09:20:00,1.0785703152368826,1.0787557104410408,1.0781950883845572,1.0783849530872156,
2026-01-14 09:25:00,1.0783849530872156,1.0785362005133237,1.0781900274742218,1.0783871641393317,
2026-01-14 09:30:00,1.0783871641393317,1.078519683950936,1.0781380895478347,1.0783216800141675,
2026-01-14 09:35:00,1.0783216800141675,1.0785019298367329,1.0781937494081804,1.0783860811310388,
2026-01-14 09:40:00,1.0783860811310388,1.078508600857558,1.0781220188711276,1.078190155911845,
2026-01-14 09:45:00,1.078190155911845,1.078441158081373,1.0780248493971751,1.0783061938127236,
2026-01-14 09:50:00,1.0783061938127236,1.0784749781757768,1.077968994484573,1.0781152816531905,
2026-01-14 09:55:00,1.0781152816531905,1.0785089520602158,1.0779193913507217,1.0783815121201723,
2026-01-14 10:00:00,1.0783815121201723,1.0785362566575325,1.078016645219852,1.078104550581169,
2026-01-14 10:05:00,1.078104550581169,1.0781751266304984,1.0778978426227006,1.0779284208625508,
2026-01-14 10:10:00,1.0779284208625508,1.0781922634635348,1.0777287113233598,1.077996446350728,
2026-01-14 10:15:00,1.077996446350728,1.0782918662027117,1.077825558895629,1.078266124705193,
2026-01-14 10:20:00,1.078266124705193,1.0784072038900645,1.078206256561299,1.0783176201029143,
2026-01-14 10:25:00,1.0783176201029143,1.0785879730119363,1.0781670070870526,1.0784092040926658,
2026-01-14 10:30:00,1.0784092040926658,1.078465074229262,1.0783890798611542,1.0784125800959783,
2026-01-14 10:35:00,1.0784125800959783,1.0784580209527066,1.0781266942186878,1.078247099849107,
2026-01-14 10:40:00,1.078247099849107,1.078332877387149,1.0780830574259528,1.078168368309333,
2026-01-14 10:45:00,1.078168368309333,1.0782654433554262,1.0778842887531075,1.0779729287005302,
2026-01-14 10:50:00,1.0779729287005302,1.078160939631449,1.0777027116372082,1.077766725202319,
2026-01-14 10:55:00,1.077766725202319,1.0780027163341297,1.0776972530635052,1.077832214817882,
2026-01-14 11:00:00,1.077832214817882,1.0779357509526664,1.0775493389679824,1.0776511793274766,
2026-01-14 11:05:00,1.0776511793274766,1.0778985100980345,1.077586513221091,1.077703374579876,
2026-01-14 11:10:00,1.077703374579876,1.0778389846926244,1.0773895278660686,1.0774934870565052,
2026-01-14 11:15:00,1.0774934870565052,1.0777191880799994,1.0773695644668024,1.077541929508243,
2026-01-14 11:20:00,1.077541929508243,1.0776062197647305,1.0773154846848705,1.0774634847409836,
2026-01-14 11:25:00,1.0774634847409836,1.0777993976359206,1.077321598523861,1.0776913841025466,
2026-01-14 11:30:00,1.0776913841025466,1.077769603703184,1.0776278260333878,1.0777442546047795,
2026-01-14 11:35:00,1.0777442546047795,1.0779661892160333,1.0777172004785027,1.0779445907812453,
2026-01-14 11:40:00,1.0779445907812453,1.0780915723610145,1.0776530720873232,1.07782295482322,
2026-01-14 11:45:00,1.07782295482322,1.0778738635167664,1.0776459385114865,1.0778325706647225,
2026-01-14 11:50:00,1.0778325706647225,1.0779511761474023,1.0774783039049574,1.0776745040185094,
2026-01-14 11:55:00,1.0776745040185094,1.077819785365307,1.0774154370424132,1.0776081851227155,
2026-01-14 12:00:00,1.0776081851227155,1.077633987348237,1.0774322713654163,1.077566357890221,
2026-01-14 12:05:00,1.077566357890221,1.0776671313420672,1.0772686100351003,1.07744957894181,
2026-01-14 12:10:00,1.07744957894181,1.0775927262904674,1.077153047504026,1.077253689019504,
2026-01-14 12:15:00,1.077253689019504,1.0774338405973178,1.076864123817068,1.0770258442322185,
2026-01-14 12:20:00,1.0770258442322185,1.0770997056503269,1.076456493283552,1.0766484535011582,
2026-01-14 12:25:00,1.0766484535011582,1.0768438124765014,1.0763150780469932,1.076478408187291,
2026-01-14 12:30:00,1.076478408187291,1.0767522912604826,1.0763835704214193,1.076580273790544,
2026-01-14 12:35:00,1.076580273790544,1.0767173881035186,1.0762347094340767,1.0763227060985487,
2026-01-14 12:40:00,1.0763227060985487,1.076413252689853,1.0760299078641316,1.0761023855598852,
2026-01-14 12:45:00,1.0761023855598852,1.076540040988959,1.0760163141255088,1.076392041121243,
2026-01-14 12:50:00,1.076392041121243,1.0765589559096758,1.0761221124802507,1.0762898162793733,
2026-01-14 12:55:00,1.0762898162793733,1.0764167804583695,1.0761435462215538,1.0763421864808902,
2026-01-14 13:00:00,1.0763421864808902,1.076645142067861,1.0762772082285728,1.076446432656178,
2026-01-14 13:05:00,1.076446432656178,1.076737503818677,1.076298356333033,1.0765539523321213,
2026-01-14 13:10:00,1.0765539523321213,1.076661342591383,1.0762203993571215,1.0763086905410086,
2026-01-14 13:15:00,1.0763086905410086,1.076458799925848,1.0761515265407906,1.0762719255920572,
2026-01-14 13:20:00,1.0762719255920572,1.0763862471930885,1.0759245809458553,1.0760112474149537,
2026-01-14 13:25:00,1.0760112474149537,1.0765636653988455,1.0758973541314345,1.0764066978994502,
2026-01-14 13:30:00,1.0764066978994502,1.0765755546961482,1.0759983919103904,1.076149756611507,
2026-01-14 13:35:00,1.076149756611507,1.0761739366714351,1.0758295594274363,1.075981162944548,
2026-01-14 13:40:00,1.075981162944548,1.0760154067098942,1.0756581910563177,1.0758137639205918,
2026-01-14 13:45:00,1.0758137639205918,1.0758943280554496,1.0754824226409463,1.0755728096241346,
2026-01-14 13:50:00,1.0755728096241346,1.075976762097366,1.0754285204444105,1.075791591643492,
2026-01-14 13:55:00,1.075791591643492,1.0762747973724116,1.0757286235498316,1.0761831081274458,
2026-01-14 14:00:00,1.0761831081274458,1.076362860326182,1.0760009128303871,1.0761068499460629,
2026-01-14 14:05:00,1.0761068499460629,1.076210088050337,1.075769312295047,1.0758942715400712,
2026-01-14 14:10:00,1.0758942715400712,1.0759662650657271,1.0753902987723754,1.0755338655660842,
2026-01-14 14:15:00,1.0755338655660842,1.0757159816990354,1.075310862676902,1.0754950219554176,
2026-01-14 14:20:00,1.0754950219554176,1.075615942693823,1.0753696651182747,1.0754445234728518,
2026-01-14 14:25:00,1.0754445234728518,1.0755294106459572,1.0751678498822057,1.0753400013468415,
2026-01-14 14:30:00,1.0753400013468415,1.0754042409382427,1.0752639989814798,1.0753762476775897,
2026-01-14 14:35:00,1.0753762476775897,1.0754804992225675,1.0752569039821631,1.0754405312587267,
2026-01-14 14:40:00,1.0754405312587267,1.075538264651663,1.0752714732861903,1.0754931887926875,
2026-01-14 14:45:00,1.0754931887926875,1.0755788593249611,1.0752925622721012,1.0754427292010498,
2026-01-14 14:50:00,1.0754427292010498,1.0755720491330838,1.075090255297117,1.0752655718375153,
2026-01-14 14:55:00,1.0752655718375153,1.0754488732187997,1.0750988932228622,1.0753735069982038,
2026-01-14 15:00:00,1.0753735069982038,1.0754078582068762,1.0753037644910557,1.0753760632327989,
2026-01-14 15:05:00,1.0753760632327989,1.075587573875903,1.0751773346318905,1.075519908303186,
2026-01-14 15:10:00,1.075519908303186,1.0757414776746514,1.0753312485853883,1.0756479149774896,
2026-01-14 15:15:00,1.0756479149774896,1.0758465235646506,1.0753216484036885,1.0754190798355112,
2026-01-14 15:20:00,1.0754190798355112,1.0755098174783664,1.075159786119578,1.0751882838252018,
2026-01-14 15:25:00,1.0751882838252018,1.0752243390005765,1.074992346582636,1.07506697598381,
2026-01-14 15:30:00,1.07506697598381,1.0751915766504154,1.0747266860611,1.0748971935166074,
2026-01-14 15:35:00,1.0748971935166074,1.0752050458393994,1.0747060368410977,1.0750195106263267,
2026-01-14 15:40:00,1.0750195106263267,1.0752383045963765,1.07484980967456,1.0750766993705814,
2026-01-14 15:45:00,1.0750766993705814,1.0754250269719408,1.0749852855879924,1.0752545076762872,
2026-01-14 15:50:00,1.0752545076762872,1.0755060775962446,1.0752243311063436,1.075318995872946,
2026-01-14 15:55:00,1.075318995872946,1.0754877666355047,1.0752058309610244,1.0753531888048953,
2026-01-14 16:00:00,1.0753531888048953,1.0757463500705813,1.0752654399533,1.0755472639790638,
2026-01-14 16:05:00,1.0755472639790638,1.075649577236393,1.0755051289493718,1.0756235865538146,
2026-01-14 16:10:00,1.0756235865538146,1.0758053832194436,1.0755845329514646,1.075635112077738,
2026-01-14 16:15:00,1.075635112077738,1.0760488025491426,1.0755875654386795,1.0758745406286283,
2026-01-14 16:20:00,1.0758745406286283,1.076078672833202,1.0758174923674193,1.075893666762865,
2026-01-14 16:25:00,1.075893666762865,1.0759997372652397,1.0756894085332604,1.0758450900869465,
2026-01-14 16:30:00,1.0758450900869465,1.076006886153198,1.0756217246069386,1.0757104312316288,
2026-01-14 16:35:00,1.0757104312316288,1.0758795273699338,1.0756117823681937,1.0758244128980918,
2026-01-14 16:40:00,1.0758244128980918,1.0761531602490553,1.075696704257795,1.0760245968085231,
2026-01-14 16:45:00,1.0760245968085231,1.0761091529359486,1.0758241458286797,1.0760169698546174,
2026-01-14 16:50:00,1.0760169698546174,1.0763559408458834,1.0758608054258154,1.0762286295887642,
2026-01-14 16:55:00,1.0762286295887642,1.0763702304800526,1.0757749582713705,1.0759111865418691,
2026-01-14 17:00:00,1.0759111865418691,1.0759936589018837,1.0757488853103503,1.0759027750944,
2026-01-14 17:05:00,1.0759027750944,1.0759616979882745,1.0757473696742632,1.0758968423280646,
2026-01-14 17:10:00,1.0758968423280646,1.0759747461516591,1.075635816105431,1.0757800609724095,
2026-01-14 17:15:00,1.0757800609724095,1.0763048566693372,1.0756707076908998,1.076165344365218,
2026-01-14 17:20:00,1.076165344365218,1.0763071817272791,1.0760331648886998,1.076155197363125,
2026-01-14 17:25:00,1.076155197363125,1.0763086344116093,1.075986851718279,1.0760899201822398,
2026-01-14 17:30:00,1.0760899201822398,1.0761374254624183,1.0759988276527714,1.0760946488728755,
2026-01-14 17:35:00,1.0760946488728755,1.0762619820031214,1.0757032144895395,1.0757719527424556,
2026-01-14 17:40:00,1.0757719527424556,1.075915819346733,1.0755659424884243,1.0756498808646515,
2026-01-14 17:45:00,1.0756498808646515,1.0758345646756649,1.075552745533536,1.0758090737618606,
2026-01-14 17:50:00,1.0758090737618606,1.075889481374759,1.0755838343423316,1.0757081226352287,
2026-01-14 17:55:00,1.0757081226352287,1.075812130661292,1.0754649470572153,1.075574924574712,
2026-01-14 18:00:00,1.075574924574712,1.0758716683083909,1.075535493762942,1.0757867571601212,
2026-01-14 18:05:00,1.0757867571601212,1.076044726133165,1.075705561902139,1.0760035910932877,
2026-01-14 18:10:00,1.0760035910932877,1.0761448972443506,1.0759158762689391,1.0760875749131398,
2026-01-14 18:15:00,1.0760875749131398,1.0761119959642236,1.0758674068378458,1.0760146535115662,
2026-01-14 18:20:00,1.0760146535115662,1.0760514074006098,1.075896620462424,1.075976541037608,
2026-01-14 18:25:00,1.075976541037608,1.0760444750587983,1.075825867767498,1.0758472998143034,
2026-01-14 18:30:00,1.0758472998143034,1.0760148944621175,1.0756521354460145,1.075687316038214,
2026-01-14 18:35:00,1.075687316038214,1.0758021107900029,1.075409887446826,1.0755193471620603,
2026-01-14 18:40:00,1.0755193471620603,1.075615756782385,1.0753662508822286,1.0754201800729977,
2026-01-14 18:45:00,1.0754201800729977,1.0755593694029102,1.0751447846431563,1.0752538166771868,
2026-01-14 18:50:00,1.0752538166771868,1.075371288578045,1.0748788198026238,1.0750021767695992,
2026-01-14 18:55:00,1.0750021767695992,1.0750817661296346,1.0748141579471366,1.0750380936228183,
2026-01-14 19:00:00,1.0750380936228183,1.075136533909924,1.0749000892364358,1.0750764617044355,
2026-01-14 19:05:00,1.0750764617044355,1.0754113607330622,1.0750508743743614,1.075351306708084,
2026-01-14 19:10:00,1.075351306708084,1.0754792981603545,1.0751555134595954,1.0752440449528866,
2026-01-14 19:15:00,1.0752440449528866,1.0753954331047744,1.075081222698146,1.0752923407188604,
2026-01-14 19:20:00,1.0752923407188604,1.0754330835008248,1.0752254394767822,1.0753433181895635,
2026-01-14 19:25:00,1.0753433181895635,1.0754635132406825,1.0751164170887078,1.0753029122415778,
2026-01-14 19:30:00,1.0753029122415778,1.0756181351084586,1.0751876903140365,1.0754235142670177,
2026-01-14 19:35:00,1.0754235142670177,1.075625669089254,1.0753868736824896,1.075549114267164,
2026-01-14 19:40:00,1.075549114267164,1.0757161105504467,1.0754856135699316,1.0756024753723927,
2026-01-14 19:45:00,1.0756024753723927,1.0757089419752086,1.0753786350831531,1.0755617689389894,
2026-01-14 19:50:00,1.0755617689389894,1.0757107646847035,1.0753061636252532,1.0755046263804646,
2026-01-14 19:55:00,1.0755046263804646,1.0756560786287015,1.0751091899485126,1.075284532809175,
2026-01-14 20:00:00,1.075284532809175,1.075435765539029,1.0750773678017334,1.0751550896049706,
2026-01-14 20:05:00,1.0751550896049706,1.0752113631293596,1.0748969312065006,1.0750553186287524,
2026-01-14 20:10:00,1.0750553186287524,1.0751561553932971,1.0748146205950166,1.074874621570864,
2026-01-14 20:15:00,1.074874621570864,1.0751121022945618,1.0747854075591234,1.0749460908501765,
2026-01-14 20:20:00,1.0749460908501765,1.07522826773546,1.0748006005870283,1.0751395923047629,
2026-01-14 20:25:00,1.0751395923047629,1.075336758225875,1.0747992934525057,1.0749936956935588,
2026-01-14 20:30:00,1.0749936956935588,1.0751256004620031,1.0748946400037382,1.0750399388484808,
2026-01-14 20:35:00,1.0750399388484808,1.0751495188774025,1.0747644820456932,1.0748737326014792,
2026-01-14 20:40:00,1.0748737326014792,1.0749791472085437,1.074765477878181,1.0748251082133922,
2026-01-14 20:45:00,1.0748251082133922,1.0749231676978366,1.0746217737042432,1.074714353797938,
2026-01-14 20:50:00,1.074714353797938,1.0749841391142927,1.0746830104485527,1.074811925467995,
2026-01-14 20:55:00,1.074811925467995,1.0748598750107536,1.07452848748562,1.0747030329468328,
2026-01-14 21:00:00,1.0747030329468328,1.0749888475790623,1.074678832720774,1.074866667931908,
2026-01-14 21:05:00,1.074866667931908,1.074998016215832,1.0746845540900622,1.0748275885152891,
2026-01-14 21:10:00,1.0748275885152891,1.0750008083507416,1.074654219274688,1.0747233991809495,
2026-01-14 21:15:00,1.0747233991809495,1.0748530552097364,1.0744162122607126,1.0745219119584786,
2026-01-14 21:20:00,1.0745219119584786,1.0747560647467804,1.0744512314392607,1.0745632610841789,
2026-01-14 21:25:00,1.0745632610841789,1.0748850936357754,1.0744712483639338,1.0747081034475685,
2026-01-14 21:30:00,1.0747081034475685,1.0748354760031005,1.074589683428013,1.0747527028123969,
2026-01-14 21:35:00,1.0747527028123969,1.0752890126983787,1.0746173419983391,1.0751142295382263,
2026-01-14 21:40:00,1.0751142295382263,1.0755378956701716,1.0749249780324686,1.0753453696636348,
2026-01-14 21:45:00,1.0753453696636348,1.0754116651562011,1.0752165075097542,1.0752963036720735,
2026-01-14 21:50:00,1.0752963036720735,1.0754261412572734,1.0751202721072683,1.0752455464596036,
2026-01-14 21:55:00,1.0752455464596036,1.075392567389219,1.075063236473106,1.0753218426849975,
2026-01-14 22:00:00,1.0753218426849975,1.0754587647952325,1.0751149759989846,1.0751872177244155,
2026-01-14 22:05:00,1.0751872177244155,1.0754127243130256,1.0750115087278131,1.075375868608207,
2026-01-14 22:10:00,1.075375868608207,1.0755868902225665,1.075183508690857,1.07543473637863,
2026-01-14 22:15:00,1.07543473637863,1.0755722132048962,1.075262187511617,1.075476645635749,
2026-01-14 22:20:00,1.075476645635749,1.075713724825561,1.0753540707455074,1.0755880095333994,
2026-01-14 22:25:00,1.0755880095333994,1.0758911968924485,1.0754380287362006,1.075866541659994,
2026-01-14 22:30:00,1.075866541659994,1.076039848194399,1.0757599498036547,1.0758946687324609,
2026-01-14 22:35:00,1.0758946687324609,1.0760039471762053,1.0757494578508149,1.0758769638956158,
2026-01-14 22:40:00,1.0758769638956158,1.0762535541932774,1.0756815585635595,1.0761210090118936,
2026-01-14 22:45:00,1.0761210090118936,1.0763545589191097,1.0760558073117856,1.0762777386840818,
2026-01-14 22:50:00,1.0762777386840818,1.0763239863152976,1.07606380004406,1.0762264585261174,
2026-01-14 22:55:00,1.0762264585261174,1.0763262111187757,1.0761153365591616,1.0762278339092164,
2026-01-14 23:00:00,1.0762278339092164,1.0764498299000576,1.0761759967235986,1.076259913658226,
2026-01-14 23:05:00,1.076259913658226,1.0763798670426594,1.0761240772896992,1.0763188641178618,
2026-01-14 23:10:00,1.0763188641178618,1.0764605151400282,1.0759377675058457,1.076100404349022,
2026-01-14 23:15:00,1.076100404349022,1.0761293761869484,1.0757296147822746,1.0758519908297528,
2026-01-14 23:20:00,1.0758519908297528,1.0760012487911008,1.0755385952623164,1.0757093331664949,
2026-01-14 23:25:00,1.0757093331664949,1.0757722518601192,1.0754683591336327,1.0755542154841684,
2026-01-14 23:30:00,1.0755542154841684,1.0756554885550096,1.075266409786217,1.0754508880800349,
2026-01-14 23:35:00,1.0754508880800349,1.0756400163077315,1.0753141904620374,1.0755538207496245,
2026-01-14 23:40:00,1.0755538207496245,1.0755941320114215,1.0753625363199215,1.0755271049984094,
2026-01-14 23:45:00,1.0755271049984094,1.0756415321542347,1.0754579676759348,1.0755593274027826,
2026-01-14 23:50:00,1.0755593274027826,1.0756423498952754,1.075262058480721,1.075362361576864,
2026-01-14 23:55:00,1.075362361576864,1.0754763405918892,1.0751047057675551,1.0752884369016686,
2026-01-15 00:00:00,1.0752884369016686,1.0755787227473184,1.0752592757025785,1.0753836994713892,
2026-01-15 00:05:00,1.0753836994713892,1.0755848149741962,1.0752909827629478,1.0754802118201443,
2026-01-15 00:10:00,1.0754802118201443,1.0756648085281582,1.0752034087732727,1.0753638661317224,
2026-01-15 00:15:00,1.0753638661317224,1.0754935614048702,1.0752099794874903,1.0753904810263288,
2026-01-15 00:20:00,1.0753904810263288,1.0757851282009945,1.0752171889167903,1.075745770406837,
2026-01-15 00:25:00,1.075745770406837,1.0758071979279866,1.0755903783872476,1.0757434686474898,
2026-01-15 00:30:00,1.0757434686474898,1.0758368218291805,1.0754416819920676,1.075632158578918,
2026-01-15 00:35:00,1.075632158578918,1.0757107249580526,1.075494974364421,1.075604661084384,
2026-01-15 00:40:00,1.075604661084384,1.0757959201878304,1.0754722889137505,1.0756200709160746,
2026-01-15 00:45:00,1.0756200709160746,1.07576222712447,1.0754236319923771,1.075596219028918,
2026-01-15 00:50:00,1.075596219028918,1.0757203145502634,1.0754453937159305,1.0755916980869045,
2026-01-15 00:55:00,1.0755916980869045,1.075700119406127,1.0753210068581942,1.0753593770675915,
2026-01-15 01:00:00,1.0753593770675915,1.0754508857788836,1.07511859046208,1.075204649823547,
2026-01-15 01:05:00,1.075204649823547,1.0753348444627169,1.0750616364488244,1.075181102792524,
2026-01-15 01:10:00,1.075181102792524,1.075223532082304,1.0749991375926238,1.0751549867505188,
2026-01-15 01:15:00,1.0751549867505188,1.0752042427243975,1.0749463748141053,1.0750642169764926,
2026-01-15 01:20:00,1.0750642169764926,1.075138777920104,1.07487625086413,1.0750362097275792,
2026-01-15 01:25:00,1.0750362097275792,1.0750973995035606,1.0748654400218158,1.0750465862725975,
2026-01-15 01:30:00,1.0750465862725975,1.0753324353398768,1.0749788631839443,1.0751905575704523,
2026-01-15 01:35:00,1.0751905575704523,1.0752150158683054,1.0750441968776177,1.0751750945487868,
2026-01-15 01:40:00,1.0751750945487868,1.0752888319178115,1.0750548146808403,1.0752399999693116,
2026-01-15 01:45:00,1.0752399999693116,1.0754224694290213,1.0750922714422453,1.0751531885477232,
2026-01-15 01:50:00,1.0751531885477232,1.0754455514773562,1.075045010491661,1.0752459937106762,
2026-01-15 01:55:00,1.0752459937106762,1.0754148997324378,1.075127251419454,1.0753071334464288,
2026-01-15 02:00:00,1.0753071334464288,1.075556499732002,1.0751400122688917,1.075447333118858,
2026-01-15 02:05:00,1.075447333118858,1.075722182208967,1.0753443550314226,1.0755629704317646,
2026-01-15 02:10:00,1.0755629704317646,1.0756850099142805,1.075528405554919,1.0756584957903088,
2026-01-15 02:15:00,1.0756584957903088,1.075755359657051,1.0755354409282174,1.0756431542006992,
2026-01-15 02:20:00,1.0756431542006992,1.075721181867323,1.0754723230307115,1.0756832128485962,
2026-01-15 02:25:00,1.0756832128485962,1.0759475310182518,1.0755603868671773,1.0758553642693736,
2026-01-15 02:30:00,1.0758553642693736,1.0760524522007768,1.0756732808612832,1.0757506766022695,
2026-01-15 02:35:00,1.0757506766022695,1.075906330592814,1.0754640429214015,1.0756498176920388,
2026-01-15 02:40:00,1.0756498176920388,1.0758769376852004,1.075601800442806,1.075679629427577,
2026-01-15 02:45:00,1.075679629427577,1.0759014643261673,1.0756007914501282,1.0757471755735466,
2026-01-15 02:50:00,1.0757471755735466,1.0758766353864715,1.0755160578194856,1.075614742063799,
2026-01-15 02:55:00,1.075614742063799,1.0757705018137258,1.075450381555778,1.0756032175756045,
2026-01-15 03:00:00,1.0756032175756045,1.0757418540767394,1.075418155246498,1.0755885896690809,
2026-01-15 03:05:00,1.0755885896690809,1.075692121554463,1.0752012362724066,1.0752317771581308,
2026-01-15 03:10:00,1.0752317771581308,1.0753044354982515,1.075034331726762,1.0751968981744453,
2026-01-15 03:15:00,1.0751968981744453,1.0753105302251256,1.0750223687980711,1.0751720639128162,
2026-01-15 03:20:00,1.0751720639128162,1.0752385927381185,1.0749657130078485,1.0751467504227143,
2026-01-15 03:25:00,1.0751467504227143,1.0754832614481842,1.074964670684366,1.0753756597058246,
2026-01-15 03:30:00,1.0753756597058246,1.0754219640788905,1.0750201445923058,1.0751800991928646,
2026-01-15 03:35:00,1.0751800991928646,1.0753018703106791,1.0749934157915206,1.075047652274688,
2026-01-15 03:40:00,1.075047652274688,1.0751118033390343,1.074550539988227,1.074627036859425,
2026-01-15 03:45:00,1.074627036859425,1.0746998863181343,1.074361518476749,1.0745500560225416,
2026-01-15 03:50:00,1.0745500560225416,1.0746598810880623,1.0743591531436092,1.074486824337583,
2026-01-15 03:55:00,1.074486824337583,1.0745360790631269,1.0742881931880623,1.0744051701202524,
2026-01-15 04:00:00,1.0744051701202524,1.074777464761372,1.0742203424210444,1.0745842363823177,
2026-01-15 04:05:00,1.0745842363823177,1.0748239535784727,1.0744068806389795,1.074723503601702,
2026-01-15 04:10:00,1.074723503601702,1.0748200024722088,1.0745725542941051,1.074736592210876,
2026-01-15 04:15:00,1.074736592210876,1.0747618475997929,1.0744985790838442,1.0746773844985928,
2026-01-15 04:20:00,1.0746773844985928,1.075015143862115,1.0746368942026976,1.074843358076755,
2026-01-15 04:25:00,1.074843358076755,1.0749760081815098,1.0746843520970455,1.0748407100110335,
2026-01-15 04:30:00,1.0748407100110335,1.074935662938905,1.074515513732757,1.0747093289691527,
2026-01-15 04:35:00,1.0747093289691527,1.0747735248730337,1.0744044157029131,1.0744332315255238,
2026-01-15 04:40:00,1.0744332315255238,1.0745873562608854,1.0743024983997878,1.07436264661711,
2026-01-15 04:45:00,1.07436264661711,1.0746749903034911,1.0741997323071144,1.0744848048798576,
2026-01-15 04:50:00,1.0744848048798576,1.074940866641852,1.07437119639026,1.0748523208948346,
2026-01-15 04:55:00,1.0748523208948346,1.0749070693678429,1.0748167295910172,1.074862791675535,
2026-01-15 05:00:00,1.074862791675535,1.074902446730044,1.07467170585825,1.074739938303498,
2026-01-15 05:05:00,1.074739938303498,1.0747610834585182,1.0744711324111176,1.0745494631391035,
2026-01-15 05:10:00,1.0745494631391035,1.074792881546388,1.0744716718491714,1.0746389695670489,
2026-01-15 05:15:00,1.0746389695670489,1.074835620736511,1.07417711451552,1.0743550956104244,
2026-01-15 05:20:00,1.0743550956104244,1.0746430335984098,1.0742159290481,1.0744443264029142,
2026-01-15 05:25:00,1.0744443264029142,1.0747378151189526,1.074292041292808,1.074576659613171,
2026-01-15 05:30:00,1.074576659613171,1.0746967146755828,1.074554216997171,1.0746475215954896,
2026-01-15 05:35:00,1.0746475215954896,1.074843509297554,1.0745156984937878,1.0746126506543208,
2026-01-15 05:40:00,1.0746126506543208,1.0747832621405646,1.074535442941269,1.0747042557208242,
2026-01-15 05:45:00,1.0747042557208242,1.0748124011990954,1.074530909148421,1.0747323496693868,
2026-01-15 05:50:00,1.0747323496693868,1.0748760703209077,1.074415756525915,1.0746074530636205,
2026-01-15 05:55:00,1.0746074530636205,1.0749351307992607,1.0745112517106947,1.0749063019455871,
2026-01-15 06:00:00,1.0749063019455871,1.0750749404969706,1.0746549865982666,1.0748501375088897,
2026-01-15 06:05:00,1.0748501375088897,1.075175268403607,1.0748275528521616,1.0749757548938397,
2026-01-15 06:10:00,1.0749757548938397,1.0751352674538956,1.0745077406715815,1.0745863701643392,
2026-01-15 06:15:00,1.0745863701643392,1.0749533807598084,1.0744268825523118,1.074792678991391,
2026-01-15 06:20:00,1.074792678991391,1.0751202915312956,1.0747078610579055,1.0750300350705937,
2026-01-15 06:25:00,1.0750300350705937,1.0750672492815216,1.0748442618511256,1.0750353834314987,
2026-01-15 06:30:00,1.0750353834314987,1.07528870970378,1.074976059750849,1.0751260295656178,
2026-01-15 06:35:00,1.0751260295656178,1.0753441305339575,1.0749628095546988,1.075216642078315,
2026-01-15 06:40:00,1.075216642078315,1.0754003230423568,1.0750572084884351,1.0751135148938675,
2026-01-15 06:45:00,1.0751135148938675,1.075243162225298,1.0750580360086863,1.075202288903268,
2026-01-15 06:50:00,1.075202288903268,1.075277211054625,1.07497218326409,1.0750724181485989,
2026-01-15 06:55:00,1.0750724181485989,1.0751573362562692,1.0747847021451933,1.0749747914510928,
2026-01-15 07:00:00,1.0749747914510928,1.075300050057157,1.0748494095579504,1.075157059709619,
2026-01-15 07:05:00,1.075157059709619,1.0754765895015728,1.0750227537885415,1.0753147953722142,
2026-01-15 07:10:00,1.0753147953722142,1.0755077790457594,1.0751796507233875,1.075201402604432,
2026-01-15 07:15:00,1.075201402604432,1.0752745758929303,1.075053444571306,1.0750836353081397,
2026-01-15 07:20:00,1.0750836353081397,1.0751924898616811,1.0749480191629166,1.0749800672875356,
2026-01-15 07:25:00,1.0749800672875356,1.0751239602353255,1.0748125316960966,1.075098747267911,
2026-01-15 07:30:00,1.075098747267911,1.0751642850859706,1.0748754010909949,1.0749380344729114,
2026-01-15 07:35:00,1.0749380344729114,1.07508341073854,1.0748588435996764,1.0749960901070783,
2026-01-15 07:40:00,1.0749960901070783,1.0752439481387324,1.0748662986069253,1.075117063021558,
2026-01-15 07:45:00,1.075117063021558,1.0752218152104056,1.074978257761716,1.0751033695388936,
2026-01-15 07:50:00,1.0751033695388936,1.0753524134557155,1.0750094742293312,1.0752668079449557,
2026-01-15 07:55:00,1.0752668079449557,1.075399141978931,1.07519749044338,1.0752182644804664,
2026-01-15 08:00:00,1.0752182644804664,1.0753874153023475,1.0750833829449604,1.0751843114084696,
2026-01-15 08:05:00,1.0751843114084696,1.0752478140124069,1.074874253629788,1.0750272525006177,
2026-01-15 08:10:00,1.0750272525006177,1.0752735442738102,1.074964909423859,1.0751918266155434,
2026-01-15 08:15:00,1.0751918266155434,1.075338712872487,1.0749212433367266,1.075068747778576,
2026-01-15 08:20:00,1.075068747778576,1.0752857204412494,1.0750460202710088,1.0751256911334728,
2026-01-15 08:25:00,1.0751256911334728,1.075294262570385,1.0749312862870477,1.075114727691824,
2026-01-15 08:30:00,1.075114727691824,1.0751724073112254,1.074754492125488,1.074945499182866,
2026-01-15 08:35:00,1.074945499182866,1.07506256723589,1.0748273851236785,1.0748478281906946,
2026-01-15 08:40:00,1.0748478281906946,1.0752533474330213,1.0747454208762095,1.0750713454352867,
2026-01-15 08:45:00,1.0750713454352867,1.075194953997961,1.0749768574860437,1.0751044029160446,
2026-01-15 08:50:00,1.0751044029160446,1.0752017818722843,1.0747706724033304,1.074942211407396,
2026-01-15 08:55:00,1.074942211407396,1.0751892497002165,1.0748248815209578,1.0749919815703144,
2026-01-15 09:00:00,1.0749919815703144,1.0750323310466003,1.0748389128164062,1.0749689586009947,
2026-01-15 09:05:00,1.0749689586009947,1.0756735979263266,1.074912507520439,1.0755265895682236,
2026-01-15 09:10:00,1.0755265895682236,1.0757461602220868,1.075492717927984,1.0755731270792197,
2026-01-15 09:15:00,1.0755731270792197,1.0756202699122135,1.0753676385121569,1.0755122581096497,
2026-01-15 09:20:00,1.0755122581096497,1.075890510577966,1.075380536431095,1.075741908995485,
2026-01-15 09:25:00,1.075741908995485,1.0758464618754469,1.075275596597013,1.07544541576913,
2026-01-15 09:30:00,1.07544541576913,1.0756346893934254,1.0752733727485904,1.075461169034184,
2026-01-15 09:35:00,1.075461169034184,1.0759668360341843,1.075327582684869,1.075783494617154,
2026-01-15 09:40:00,1.075783494617154,1.0759605418997218,1.0756483768233105,1.0757652818722416,
2026-01-15 09:45:00,1.0757652818722416,1.0757968711970058,1.0753016407200973,1.0754861622085194,
2026-01-15 09:50:00,1.0754861622085194,1.075642396158346,1.075258603628061,1.0754228311725142,
2026-01-15 09:55:00,1.0754228311725142,1.075843902849069,1.07524399467342,1.0756580278855714,
2026-01-15 10:00:00,1.0756580278855714,1.0758510885179078,1.075458776523882,1.075719245798587,
2026-01-15 10:05:00,1.075719245798587,1.075847403489473,1.0754918050151154,1.0755844360569131,
2026-01-15 10:10:00,1.0755844360569131,1.075612537026645,1.0753253757616363,1.0754744240008487,
2026-01-15 10:15:00,1.0754744240008487,1.0756485099448458,1.0752408217774077,1.0753846739841493,
2026-01-15 10:20:00,1.0753846739841493,1.0754718299254118,1.0753333282957491,1.0754434772844623,
2026-01-15 10:25:00,1.0754434772844623,1.0757363416563022,1.0753088985365178,1.0756599099271529,
2026-01-15 10:30:00,1.0756599099271529,1.0760169239842727,1.0755628538574946,1.075830268632521,
2026-01-15 10:35:00,1.075830268632521,1.0760953519833936,1.0757291542263006,1.0759043978577023,
2026-01-15 10:40:00,1.0759043978577023,1.076102939954988,1.07563762395855,1.0756900487967238,
2026-01-15 10:45:00,1.0756900487967238,1.075795801208134,1.075322288222288,1.0754763413045925,
2026-01-15 10:50:00,1.0754763413045925,1.0756148448347422,1.0753307119264504,1.0755629075163935,
2026-01-15 10:55:00,1.0755629075163935,1.0756707375240229,1.0752305840467415,1.075346396271762,
2026-01-15 11:00:00,1.075346396271762,1.075384812598277,1.0752623406855253,1.075310550139946,
2026-01-15 11:05:00,1.075310550139946,1.0755372038661448,1.0751903144785817,1.0753601473665302,
2026-01-15 11:10:00,1.0753601473665302,1.075481044068518,1.0751391781071535,1.07517720212314,
2026-01-15 11:15:00,1.07517720212314,1.0752700131849902,1.074931475827103,1.0750125627918086,
2026-01-15 11:20:00,1.0750125627918086,1.0750468783182552,1.0749108987870448,1.0749979231987474,
2026-01-15 11:25:00,1.0749979231987474,1.0751726205800602,1.0748189066280902,1.0750796772582332,
2026-01-15 11:30:00,1.0750796772582332,1.0754273255911178,1.0749848760846532,1.0752514111016076,
2026-01-15 11:35:00,1.0752514111016076,1.0754964765614956,1.075123686525255,1.0753498634936498,
2026-01-15 11:40:00,1.0753498634936498,1.0753971242248477,1.0751724032758272,1.0753622822316955,
2026-01-15 11:45:00,1.0753622822316955,1.0754110655276463,1.0751458254357382,1.0752424621347143,
2026-01-15 11:50:00,1.0752424621347143,1.0753330776630416,1.0748912242068769,1.0750702908404894,
2026-01-15 11:55:00,1.0750702908404894,1.075108538355373,1.0749438841378725,1.0749884471741271,
2026-01-15 12:00:00,1.0749884471741271,1.0752432155511271,1.0749027754058385,1.0750550881365686,
2026-01-15 12:05:00,1.0750550881365686,1.0752473229842152,1.0750180372317366,1.0751099104161816,
2026-01-15 12:10:00,1.0751099104161816,1.0751469785564165,1.074650889981654,1.0747718573149248,
2026-01-15 12:15:00,1.0747718573149248,1.074933707658153,1.0744534277964022,1.0746457385672756,
2026-01-15 12:20:00,1.0746457385672756,1.0749267694319748,1.0745074872369178,1.074840456364832,
2026-01-15 12:25:00,1.074840456364832,1.0749178421141974,1.0747077627537092,1.0748537653981778,
2026-01-15 12:30:00,1.0748537653981778,1.074976362687727,1.0745557968304842,1.074625865384288,
2026-01-15 12:35:00,1.074625865384288,1.0750286209311852,1.074438266167736,1.0750062139472236,
2026-01-15 12:40:00,1.0750062139472236,1.0751099855260424,1.0748972083156898,1.0750020845769497,
2026-01-15 12:45:00,1.0750020845769497,1.0752364827654235,1.0749340242074013,1.0750645978666664,
2026-01-15 12:50:00,1.0750645978666664,1.0753166149673303,1.0748668118701885,1.075129564600053,
2026-01-15 12:55:00,1.075129564600053,1.075211224446848,1.074974659548576,1.0750708218566591,
2026-01-15 13:00:00,1.0750708218566591,1.0752064604425289,1.0748671669334762,1.07495403675031,
2026-01-15 13:05:00,1.07495403675031,1.07535756252445,1.074927743722196,1.0752967343055435,
2026-01-15 13:10:00,1.0752967343055435,1.0755799341624368,1.0752446412103778,1.0754590958096597,
2026-01-15 13:15:00,1.0754590958096597,1.075657960746348,1.0752934413657464,1.0755922357556402,
2026-01-15 13:20:00,1.0755922357556402,1.0758085996157354,1.0754853506368118,1.0756857554441823,
2026-01-15 13:25:00,1.0756857554441823,1.0757366654252951,1.0753325398029374,1.075524417253784,
2026-01-15 13:30:00,1.075524417253784,1.075920498965553,1.0754893178092035,1.075731077105336,
2026-01-15 13:35:00,1.075731077105336,1.0759107222510895,1.0754647060856066,1.0755955759052382,
2026-01-15 13:40:00,1.0755955759052382,1.0757224652860269,1.0754459787586803,1.075641820001126,
2026-01-15 13:45:00,1.075641820001126,1.0758016193211324,1.075246067795821,1.0753778807585848,
2026-01-15 13:50:00,1.0753778807585848,1.0754150715021165,1.0749338865367013,1.075049264497524,
2026-01-15 13:55:00,1.075049264497524,1.0752543950453026,1.074925170799863,1.0751011300817357,
2026-01-15 14:00:00,1.0751011300817357,1.075171972725066,1.074827077027772,1.0749711959542196,
2026-01-15 14:05:00,1.0749711959542196,1.0750156114725813,1.0744756490116474,1.074651036449502,
2026-01-15 14:10:00,1.074651036449502,1.0748807967558012,1.0745704944135308,1.0747387223365783,
2026-01-15 14:15:00,1.0747387223365783,1.0751856593899096,1.074635984602099,1.075081094162702,
2026-01-15 14:20:00,1.075081094162702,1.0754211637931648,1.074946630437111,1.0753057386648532,
2026-01-15 14:25:00,1.0753057386648532,1.0754194340259982,1.0751882139168585,1.075264772788277,
2026-01-15 14:30:00,1.075264772788277,1.075297437716241,1.0752125918724065,1.075266737079462,
2026-01-15 14:35:00,1.075266737079462,1.0754397109138618,1.075072826703242,1.075410462469025,
2026-01-15 14:40:00,1.075410462469025,1.0757202378823012,1.0753554112690418,1.0755920277315905,
2026-01-15 14:45:00,1.0755920277315905,1.0757243233672145,1.0754752493288198,1.0755371412859922,
2026-01-15 14:50:00,1.0755371412859922,1.0755716844021608,1.0754057777879054,1.075543192981988,
2026-01-15 14:55:00,1.075543192981988,1.075680349582549,1.0755092666862025,1.0755922305028096,
2026-01-15 15:00:00,1.0755922305028096,1.0758124470463308,1.0755661019251228,1.07568213381601,
2026-01-15 15:05:00,1.07568213381601,1.0758203363340455,1.0756296772194316,1.0756611996681165,
2026-01-15 15:10:00,1.0756611996681165,1.0758302893047862,1.0756001745516093,1.0756423620078508,
2026-01-15 15:15:00,1.0756423620078508,1.0759612857085832,1.0755451065726669,1.0758655538975357,
2026-01-15 15:20:00,1.0758655538975357,1.076179988285482,1.0756962869817122,1.0760613018848757,
2026-01-15 15:25:00,1.0760613018848757,1.076263042037484,1.0759797469441186,1.0761389011698743,
2026-01-15 15:30:00,1.0761389011698743,1.0764931433330984,1.076041945515238,1.0764169751821044,
2026-01-15 15:35:00,1.0764169751821044,1.076446663754544,1.076227073454482,1.0763551186511924,
2026-01-15 15:40:00,1.0763551186511924,1.0766384838916665,1.07628073265458,1.0766177232249494,
2026-01-15 15:45:00,1.0766177232249494,1.076876379978822,1.0765198664067712,1.0767058774039209,
2026-01-15 15:50:00,1.0767058774039209,1.0772908773318657,1.0766163413002852,1.0772348356038115,
2026-01-15 15:55:00,1.0772348356038115,1.07736828144336,1.0769611648588742,1.0770427038963712,
2026-01-15 16:00:00,1.0770427038963712,1.0771665724425272,1.076841969208149,1.0769318799786558,
2026-01-15 16:05:00,1.0769318799786558,1.077092007067238,1.0769098787907816,1.0770000731134248,
2026-01-15 16:10:00,1.0770000731134248,1.0772348155187854,1.076820546193163,1.0770647867232193,
2026-01-15 16:15:00,1.0770647867232193,1.0775261476907616,1.0768688642996784,1.0773804354035368,
2026-01-15 16:20:00,1.0773804354035368,1.0774045288669558,1.0770977160686932,1.077272965383148,
2026-01-15 16:25:00,1.077272965383148,1.077579545589186,1.0772519317738185,1.0774197406559818,
2026-01-15 16:30:00,1.0774197406559818,1.0777194247157909,1.0772645812575767,1.0776081649285505,
2026-01-15 16:35:00,1.0776081649285505,1.0778050734200393,1.0774850068974848,1.0777226099480044,
2026-01-15 16:40:00,1.0777226099480044,1.0778734491861766,1.077530855321422,1.077567806805403,
2026-01-15 16:45:00,1.077567806805403,1.0779394048779558,1.077379892161125,1.0777959130646195,
2026-01-15 16:50:00,1.0777959130646195,1.0780711204781457,1.0776361939813597,1.077995214595329,
2026-01-15 16:55:00,1.077995214595329,1.0782896573848484,1.0779490612637688,1.0780927103879787,
2026-01-15 17:00:00,1.0780927103879787,1.0782630633478631,1.077899182930634,1.078126295820255,
2026-01-15 17:05:00,1.078126295820255,1.0782924418188573,1.0780835800447492,1.0781634014706156,
2026-01-15 17:10:00,1.0781634014706156,1.0781959799360423,1.0780493647357097,1.0781512071138413,
2026-01-15 17:15:00,1.0781512071138413,1.0783256580922354,1.0781025914819626,1.0782553807117734,
2026-01-15 17:20:00,1.0782553807117734,1.078361410872701,1.078208346368663,1.0782609555522826,
2026-01-15 17:25:00,1.0782609555522826,1.0783944681790585,1.0779300586122404,1.0781242636451478,
2026-01-15 17:30:00,1.0781242636451478,1.0782365610986793,1.0778322570433037,1.0779552391439542,
2026-01-15 17:35:00,1.0779552391439542,1.078112585071979,1.0777675342210482,1.077834185706233,
2026-01-15 17:40:00,1.077834185706233,1.0779379006866954,1.077674433819477,1.077870638498451,
2026-01-15 17:45:00,1.077870638498451,1.078017026757602,1.077689275212968,1.0778668192048426,
2026-01-15 17:50:00,1.0778668192048426,1.0780691629759869,1.0776816504962208,1.0779021755075462,
2026-01-15 17:55:00,1.0779021755075462,1.0781414006713324,1.0777142382127722,1.0779836916757275,
2026-01-15 18:00:00,1.0779836916757275,1.0781424440609533,1.0776997944008304,1.0778827991301865,
2026-01-15 18:05:00,1.0778827991301865,1.078300266994135,1.0777477912989195,1.0781203357238278,
2026-01-15 18:10:00,1.0781203357238278,1.0781554878614743,1.077995937961761,1.0780775819587265,
2026-01-15 18:15:00,1.0780775819587265,1.0782230764415737,1.0778214308716867,1.0780080330536257,
2026-01-15 18:20:00,1.0780080330536257,1.0782809394309285,1.0779659836785855,1.0780865773547272,
2026-01-15 18:25:00,1.0780865773547272,1.0782098344717046,1.0777397856360087,1.077790169602718,
2026-01-15 18:30:00,1.077790169602718,1.0778492865388751,1.0775648225151957,1.0776629114724847,
2026-01-15 18:35:00,1.0776629114724847,1.0780218276033935,1.0775918517828864,1.077822051918354,
2026-01-15 18:40:00,1.077822051918354,1.077873493831062,1.077410900631504,1.0775417325380643,
2026-01-15 18:45:00,1.0775417325380643,1.0778033218516945,1.0773587781919307,1.0777229214661668,
2026-01-15 18:50:00,1.0777229214661668,1.078018747309619,1.0776145358274198,1.0779677761157038,
2026-01-15 18:55:00,1.0779677761157038,1.0780713884320787,1.0777888808759997,1.077908577582815,
2026-01-15 19:00:00,1.077908577582815,1.0780516973979597,1.0778124135115985,1.0779562997162295,
2026-01-15 19:05:00,1.0779562997162295,1.0782462263805055,1.0778089372674338,1.0781378030191338,
2026-01-15 19:10:00,1.0781378030191338,1.0783248400311438,1.0780247312523668,1.0780628552327391,
2026-01-15 19:15:00,1.0780628552327391,1.0783098293405766,1.0780341090532723,1.0782037309511263,
2026-01-15 19:20:00,1.0782037309511263,1.078316363689845,1.0779602892667877,1.0780957301921856,
2026-01-15 19:25:00,1.0780957301921856,1.0782753329712509,1.0779027586809762,1.0780190368191038,
2026-01-15 19:30:00,1.0780190368191038,1.0781862332580263,1.0777970040786622,1.0778903285238857,
2026-01-15 19:35:00,1.0778903285238857,1.0780094193015564,1.0778102098483475,1.0779462693359358,
2026-01-15 19:40:00,1.0779462693359358,1.0781563855996077,1.077916943996008,1.0781340589276662,
2026-01-15 19:45:00,1.0781340589276662,1.0782673688542626,1.077962323518428,1.0781048236276627,
2026-01-15 19:50:00,1.0781048236276627,1.0782768965959535,1.0778039370428834,1.077899801199331,
2026-01-15 19:55:00,1.077899801199331,1.0780193142196008,1.0776251486088764,1.0777252968559898,
2026-01-15 20:00:00,1.0777252968559898,1.077847639950965,1.0775444767827358,1.077789628105363,
2026-01-15 20:05:00,1.077789628105363,1.0782417877357635,1.0776368694865086,1.078088343819442,
2026-01-15 20:10:00,1.078088343819442,1.0782930723965078,1.078028844052677,1.078152555325638,
2026-01-15 20:15:00,1.078152555325638,1.0782742611823717,1.0779522361912572,1.078090526160631,
2026-01-15 20:20:00,1.078090526160631,1.0783903752508734,1.0780467202033004,1.0782149747395495,
2026-01-15 20:25:00,1.0782149747395495,1.0783761383630788,1.0781218483750523,1.0781767798712658,
2026-01-15 20:30:00,1.0781767798712658,1.0783170112477218,1.0779675950509342,1.078116141914266,
2026-01-15 20:35:00,1.078116141914266,1.07825579847469,1.07791903222623,1.077961692501515,
2026-01-15 20:40:00,1.077961692501515,1.078329190214045,1.0778912575902682,1.0781899937398711,
2026-01-15 20:45:00,1.0781899937398711,1.0783045233939563,1.0775982976930147,1.0777799485412518,
2026-01-15 20:50:00,1.0777799485412518,1.0780129886079148,1.0776270517551612,1.077909482711879,
2026-01-15 20:55:00,1.077909482711879,1.0780572107945887,1.0776477402640416,1.077835042977217,
2026-01-15 21:00:00,1.077835042977217,1.0779649319838815,1.0775905119588305,1.0777692419603837,
2026-01-15 21:05:00,1.0777692419603837,1.078151600994432,1.077692977664428,1.078043404493218,
2026-01-15 21:10:00,1.078043404493218,1.078086203536922,1.0777946420568776,1.0779284699950842,
2026-01-15 21:15:00,1.0779284699950842,1.0780748171770418,1.077730889405345,1.077819054627407,
2026-01-15 21:20:00,1.077819054627407,1.077955334370111,1.0776530337437014,1.077798512523394,
2026-01-15 21:25:00,1.077798512523394,1.077947564864168,1.0777157902594967,1.077865960147493,
2026-01-15 21:30:00,1.077865960147493,1.0779500983174115,1.077774825089281,1.0777950622162191,
2026-01-15 21:35:00,1.0777950622162191,1.0778594722453636,1.077504277532484,1.0775411864112148,
2026-01-15 21:40:00,1.0775411864112148,1.0777343311573604,1.0772430281610217,1.0774018103797416,
2026-01-15 21:45:00,1.0774018103797416,1.0777842820434995,1.0773666894356826,1.0776094457981833,
2026-01-15 21:50:00,1.0776094457981833,1.077743060528311,1.0774815497152002,1.0776220717030167,
2026-01-15 21:55:00,1.0776220717030167,1.0777878258258953,1.077447671570792,1.0776955282595146,
2026-01-15 22:00:00,1.0776955282595146,1.07784815680698,1.077500409822319,1.0776538080449507,
2026-01-15 22:05:00,1.0776538080449507,1.0777687991166534,1.0774533265779027,1.0775477455609703,
2026-01-15 22:10:00,1.0775477455609703,1.0780151209517144,1.0774901968022177,1.0778194677656097,
2026-01-15 22:15:00,1.0778194677656097,1.0778493898361157,1.0776035248148252,1.0777895815626188,
2026-01-15 22:20:00,1.0777895815626188,1.0778157529947483,1.077596491946912,1.0777184438896334,
2026-01-15 22:25:00,1.0777184438896334,1.0780185473161596,1.0776254682789654,1.0778961973329244,
2026-01-15 22:30:00,1.0778961973329244,1.0779527875930084,1.0775903777416966,1.0777799481275208,
2026-01-15 22:35:00,1.0777799481275208,1.0779087228769595,1.077625640283303,1.0776843434772003,
2026-01-15 22:40:00,1.0776843434772003,1.0778471948703872,1.0775847327401586,1.0776865387252488,
2026-01-15 22:45:00,1.0776865387252488,1.0777319809888195,1.0776469824975994,1.0776871212318064,
2026-01-15 22:50:00,1.0776871212318064,1.0778289373649073,1.0776446427848445,1.0777296278845532,
2026-01-15 22:55:00,1.0777296278845532,1.078212318107042,1.0776378805584736,1.0780683580320212,
2026-01-15 23:00:00,1.0780683580320212,1.0782933686967495,1.077922419167944,1.0781232732540285,
2026-01-15 23:05:00,1.0781232732540285,1.078232615190235,1.0776583044976606,1.0777393054076083,
2026-01-15 23:10:00,1.0777393054076083,1.0778497030198475,1.07759517777254,1.0777925953742045,
2026-01-15 23:15:00,1.0777925953742045,1.0779247021737388,1.077627661089739,1.0777992583077334,
2026-01-15 23:20:00,1.0777992583077334,1.0779086348668745,1.0776212942830958,1.0778068217945038,
2026-01-15 23:25:00,1.0778068217945038,1.0780060705814432,1.0777787722837742,1.0778471240045824,
2026-01-15 23:30:00,1.0778471240045824,1.077967127696139,1.0776837546165547,1.0778430263144498,
2026-01-15 23:35:00,1.0778430263144498,1.0779133224265445,1.0777885735467687,1.077835059128769,
2026-01-15 23:40:00,1.077835059128769,1.078090507460094,1.0776893719159752,1.077934716734544,
2026-01-15 23:45:00,1.077934716734544,1.0780479111968773,1.0777607108211935,1.0778476100650014,
2026-01-15 23:50:00,1.0778476100650014,1.0778995684444117,1.0775475377907238,1.0776949405843088,
2026-01-15 23:55:00,1.0776949405843088,1.078305750660676,1.0776364522202977,1.0781843976425105,
2026-01-16 00:00:00,1.0781843976425105,1.078375095253283,1.0779330706141357,1.0780691689435378,
2026-01-16 00:05:00,1.0780691689435378,1.078232895182915,1.0780265764078667,1.078085902255946,
2026-01-16 00:10:00,1.078085902255946,1.0781596868610086,1.077794046574224,1.0778446007728022,
2026-01-16 00:15:00,1.0778446007728022,1.0780119272685396,1.0777139976262726,1.0778639700969868,
2026-01-16 00:20:00,1.0778639700969868,1.077934839232967,1.0776330171157482,1.0777136359842452,
2026-01-16 00:25:00,1.0777136359842452,1.0778313199750027,1.0774959682573313,1.0776426483104915,
2026-01-16 00:30:00,1.0776426483104915,1.0779269186334897,1.0774993196121192,1.0778121313960078,
2026-01-16 00:35:00,1.0778121313960078,1.0779535140459244,1.077680237277762,1.0778889836877203,
2026-01-16 00:40:00,1.0778889836877203,1.0780640475669672,1.0777374863902982,1.0779814289509888,
2026-01-16 00:45:00,1.0779814289509888,1.0781710216128504,1.077532698608903,1.0776956069522226,
2026-01-16 00:50:00,1.0776956069522226,1.0780582366760685,1.0775115507613775,1.0779931289395135,
2026-01-16 00:55:00,1.0779931289395135,1.078157313807367,1.0777664662379558,1.0778009590872626,
2026-01-16 01:00:00,1.0778009590872626,1.0781887757954198,1.0776780802646024,1.0780486490910175,
2026-01-16 01:05:00,1.0780486490910175,1.0783302651965327,1.077893869260966,1.078214391952678,
2026-01-16 01:10:00,1.078214391952678,1.078353061097047,1.0781553424904775,1.0783083084205434,
2026-01-16 01:15:00,1.0783083084205434,1.0783651311560305,1.078103113988378,1.078170565794114,
2026-01-16 01:20:00,1.078170565794114,1.0782478370990796,1.0781025122121335,1.078195621126833,
2026-01-16 01:25:00,1.078195621126833,1.0783212440934486,1.0779969811313097,1.078120001066175,
2026-01-16 01:30:00,1.078120001066175,1.0783204453357251,1.078034090363851,1.0781252363603158,
2026-01-16 01:35:00,1.0781252363603158,1.0783031394276152,1.0779454700686577,1.0780853671218795,
2026-01-16 01:40:00,1.0780853671218795,1.078109912460807,1.0776264438336034,1.0777562869763575,
2026-01-16 01:45:00,1.0777562869763575,1.078007463484573,1.0776180068463992,1.07793819269217,
2026-01-16 01:50:00,1.07793819269217,1.0779864990347787,1.0778602002883308,1.0779256174593566,
2026-01-16 01:55:00,1.0779256174593566,1.078121239470898,1.077689645570041,1.0778477724176894,
2026-01-16 02:00:00,1.0778477724176894,1.077910182259917,1.0776181965853038,1.0777577229844422,
2026-01-16 02:05:00,1.0777577229844422,1.077872449710222,1.0777142060541685,1.077816213336915,
2026-01-16 02:10:00,1.077816213336915,1.0779479708897597,1.077616234984019,1.0776722660974527,
2026-01-16 02:15:00,1.0776722660974527,1.0777923796824962,1.077234141654498,1.0773083153808332,
2026-01-16 02:20:00,1.0773083153808332,1.0774352999924088,1.0771198279094223,1.0773746467253282,
2026-01-16 02:25:00,1.0773746467253282,1.0775997446578665,1.0772959037498795,1.0774590789822498,
2026-01-16 02:30:00,1.0774590789822498,1.0774965402802827,1.0774037756756878,1.0774273539105677,
2026-01-16 02:35:00,1.0774273539105677,1.0774508403424532,1.0771968985760163,1.0772423912087952,
2026-01-16 02:40:00,1.0772423912087952,1.0772921353657037,1.077216600280538,1.0772573007033763,
2026-01-16 02:45:00,1.0772573007033763,1.077342976984052,1.0769287024139256,1.0770212134778714,
2026-01-16 02:50:00,1.0770212134778714,1.0772167164168889,1.0766923247065985,1.0768558123187728,
2026-01-16 02:55:00,1.0768558123187728,1.0769743167785586,1.0766340200571591,1.0767350984976651,
2026-01-16 03:00:00,1.0767350984976651,1.0770278010826786,1.0765640795534024,1.0768719503841355,
2026-01-16 03:05:00,1.0768719503841355,1.0769498196195375,1.0767853622718082,1.0768139175496532,
2026-01-16 03:10:00,1.0768139175496532,1.0769633985814402,1.0766375679170763,1.0767421180326224,
2026-01-16 03:15:00,1.0767421180326224,1.0772523204287092,1.076580444465639,1.0770584078130472,
2026-01-16 03:20:00,1.0770584078130472,1.077200288240822,1.0769169578138695,1.0771158912805712,
2026-01-16 03:25:00,1.0771158912805712,1.0773710324129728,1.076942382683886,1.0771712017147206,
2026-01-16 03:30:00,1.0771712017147206,1.0773061155059065,1.0770427170271526,1.0771120072774565,
2026-01-16 03:35:00,1.0771120072774565,1.0772667537317,1.0769060430890611,1.077016196232393,
2026-01-16 03:40:00,1.077016196232393,1.0770815863353855,1.076521735062562,1.0766635732066636,
2026-01-16 03:45:00,1.0766635732066636,1.0769563304692529,1.0766132450145551,1.0768205741308008,
2026-01-16 03:50:00,1.0768205741308008,1.0770055085046963,1.076653728922159,1.0768935273794331,
2026-01-16 03:55:00,1.0768935273794331,1.077085679855619,1.076789060186851,1.0768651247959935,
2026-01-16 04:00:00,1.0768651247959935,1.0770479663045955,1.0768067019336258,1.0768434972483307,
2026-01-16 04:05:00,1.0768434972483307,1.07705435018694,1.076685671016008,1.0769629491191337,
2026-01-16 04:10:00,1.0769629491191337,1.0771533856744104,1.0765654587502165,1.0767123619865682,
2026-01-16 04:15:00,1.0767123619865682,1.0768916282460632,1.076438572276111,1.0766176346317022,
2026-01-16 04:20:00,1.0766176346317022,1.0767439037247686,1.076254110477528,1.0764346839317067,
2026-01-16 04:25:00,1.0764346839317067,1.0767560786281598,1.076364549290482,1.0767212974045777,
2026-01-16 04:30:00,1.0767212974045777,1.076912212911859,1.0765858521050384,1.0768632706685402,
2026-01-16 04:35:00,1.0768632706685402,1.0768971080325815,1.0763082257352072,1.0765080678745182,
2026-01-16 04:40:00,1.0765080678745182,1.076547506635155,1.076200312086465,1.0762641972651878,
2026-01-16 04:45:00,1.0762641972651878,1.0764600486925786,1.076138251961987,1.076243369762328,
2026-01-16 04:50:00,1.076243369762328,1.076301559876187,1.0759838115058813,1.0761676414515169,
2026-01-16 04:55:00,1.0761676414515169,1.076311995276338,1.0759158577354555,1.0759544120709306,
2026-01-16 05:00:00,1.0759544120709306,1.0764034424029516,1.0757673270893704,1.0762688673165688,
2026-01-16 05:05:00,1.0762688673165688,1.076453469281666,1.0761609993095476,1.0763198632059925,
2026-01-16 05:10:00,1.0763198632059925,1.076454268990222,1.0761391158640494,1.0763970622702947,
2026-01-16 05:15:00,1.0763970622702947,1.076521344657284,1.076154026929226,1.0762858737831749,
2026-01-16 05:20:00,1.0762858737831749,1.0765356212235602,1.0761450153847107,1.0764030243206348,
2026-01-16 05:25:00,1.0764030243206348,1.076525697277631,1.0761830019627108,1.0763421393979675,
2026-01-16 05:30:00,1.0763421393979675,1.0763956486420774,1.076264847892202,1.076296932388759,
2026-01-16 05:35:00,1.076296932388759,1.0765462689448784,1.0761639340877318,1.0763961180374049,
2026-01-16 05:40:00,1.0763961180374049,1.0764293018065498,1.075947362533185,1.076133671237244,
2026-01-16 05:45:00,1.076133671237244,1.076518448633416,1.0759415689669312,1.0763920326312886,
2026-01-16 05:50:00,1.0763920326312886,1.0765205462694645,1.076197734771368,1.076422019589632,
2026-01-16 05:55:00,1.076422019589632,1.076694454844958,1.0762857696713637,1.076629403258194,
2026-01-16 06:00:00,1.076629403258194,1.0767947332762189,1.0763222895811178,1.07645628121378,
2026-01-16 06:05:00,1.07645628121378,1.076507941875781,1.0761883239412449,1.0763077676532649,
2026-01-16 06:10:00,1.0763077676532649,1.0764957043700465,1.0759913781194117,1.0761207377240587,
2026-01-16 06:15:00,1.0761207377240587,1.0763409008457452,1.0759905564965897,1.0761616791406474,
2026-01-16 06:20:00,1.0761616791406474,1.076257774343295,1.0761340456523134,1.076172868584806,
2026-01-16 06:25:00,1.076172868584806,1.0762477961123604,1.0760624443036133,1.0760984411350814,
2026-01-16 06:30:00,1.0760984411350814,1.0761431887380968,1.0758038108265509,1.0759353058094685,
2026-01-16 06:35:00,1.0759353058094685,1.0761202448163365,1.0756548877881729,1.07573144674558,
2026-01-16 06:40:00,1.07573144674558,1.075864402480168,1.0756499047002126,1.0757241612875144,
2026-01-16 06:45:00,1.0757241612875144,1.0757498823323002,1.0755947559781738,1.0756495752932504,
2026-01-16 06:50:00,1.0756495752932504,1.0757615551878716,1.075375305225836,1.075539497820334,
2026-01-16 06:55:00,1.075539497820334,1.0758251018659746,1.0753459186896643,1.0757896580553652,
2026-01-16 07:00:00,1.0757896580553652,1.0759129331786568,1.0756439148181576,1.075776911258733,
2026-01-16 07:05:00,1.075776911258733,1.0760940243114618,1.0755867356775235,1.075982411202164,
2026-01-16 07:10:00,1.075982411202164,1.0760173234903545,1.0757177879489104,1.0758968870970822,
2026-01-16 07:15:00,1.0758968870970822,1.076103783803655,1.0758376602409645,1.075936928896894,
2026-01-16 07:20:00,1.075936928896894,1.0760041459887837,1.0758808789318723,1.075928513594084,
2026-01-16 07:25:00,1.075928513594084,1.076045980779634,1.0755970226432716,1.0756551082646668,
2026-01-16 07:30:00,1.0756551082646668,1.0760211578045775,1.075617790575571,1.0758861308067842,
2026-01-16 07:35:00,1.0758861308067842,1.0760793456228277,1.0757399392264115,1.075864857476469,
2026-01-16 07:40:00,1.075864857476469,1.076094745087291,1.0757939804687584,1.0759858589825728,
2026-01-16 07:45:00,1.0759858589825728,1.0761709758215847,1.075680702914861,1.0758650279199162,
2026-01-16 07:50:00,1.0758650279199162,1.0759489022413589,1.0757085502231976,1.0758389636223784,
2026-01-16 07:55:00,1.0758389636223784,1.076013302318675,1.0756148916346804,1.0756996215347188,
2026-01-16 08:00:00,1.0756996215347188,1.075962061158955,1.0755023862209652,1.0758996124381042,
2026-01-16 08:05:00,1.0758996124381042,1.0760977547236474,1.0757080374288437,1.075950408366409,
2026-01-16 08:10:00,1.075950408366409,1.0760461378698738,1.0757902576240534,1.076010187710998,
2026-01-16 08:15:00,1.076010187710998,1.0764274502182958,1.075847684649419,1.0762299611540926,
2026-01-16 08:20:00,1.0762299611540926,1.0766088974771797,1.0760340525304182,1.0764171889252043,
2026-01-16 08:25:00,1.0764171889252043,1.0766409069233691,1.0762891068051297,1.076541308468436,
2026-01-16 08:30:00,1.076541308468436,1.0766556168076742,1.0761338852973066,1.0763122888701864,
2026-01-16 08:35:00,1.0763122888701864,1.0764398883454036,1.076168848642426,1.07620051763244,
2026-01-16 08:40:00,1.07620051763244,1.0762700243931842,1.0759192788595418,1.0760390101130437,
2026-01-16 08:45:00,1.0760390101130437,1.07629838765277,1.0759285571719392,1.0761569827944328,
2026-01-16 08:50:00,1.0761569827944328,1.0763308096316102,1.076130192499233,1.0761850684812213,
2026-01-16 08:55:00,1.0761850684812213,1.0762995822498398,1.0759255112042343,1.0759611625615926,
2026-01-16 09:00:00,1.0759611625615926,1.07600775588624,1.0759073077355392,1.0759312387418625,
2026-01-16 09:05:00,1.0759312387418625,1.0761166922117626,1.07561774658494,1.0756906692857475,
2026-01-16 09:10:00,1.0756906692857475,1.07573137740057,1.0756529981490752,1.075682630170388,
2026-01-16 09:15:00,1.075682630170388,1.075815881160756,1.0753199339759942,1.0754161027192513,
2026-01-16 09:20:00,1.0754161027192513,1.0755405062412924,1.0752498083652042,1.0755019502939027,
2026-01-16 09:25:00,1.0755019502939027,1.0756097628628611,1.0753714609283842,1.0755634647352172,
2026-01-16 09:30:00,1.0755634647352172,1.075895561573109,1.0754221825510035,1.0758718646765837,
2026-01-16 09:35:00,1.0758718646765837,1.0760946473701969,1.075846193472904,1.0760092418351026,
2026-01-16 09:40:00,1.0760092418351026,1.0761443666966986,1.0757704082787487,1.0759415230235947,
2026-01-16 09:45:00,1.0759415230235947,1.0761879764584013,1.0758952087553058,1.0760740984988493,
2026-01-16 09:50:00,1.0760740984988493,1.076215515546074,1.0757745844271174,1.075849061584803,
2026-01-16 09:55:00,1.075849061584803,1.07599056497976,1.0755812664550015,1.0756942893560897,
2026-01-16 10:00:00,1.0756942893560897,1.0757938137751608,1.075506890538507,1.0757485825012418,
2026-01-16 10:05:00,1.0757485825012418,1.0757789032338578,1.0752012496152863,1.0754009164655938,
2026-01-16 10:10:00,1.0754009164655938,1.075533480930872,1.075234580845518,1.0753954597685698,
2026-01-16 10:15:00,1.0753954597685698,1.0755330401434653,1.0750801554398863,1.0752314320001573,
2026-01-16 10:20:00,1.0752314320001573,1.0753685157001476,1.075116449180629,1.075248309027822,
2026-01-16 10:25:00,1.075248309027822,1.0753125462717603,1.0749352225644475,1.0750750354852876,
2026-01-16 10:30:00,1.0750750354852876,1.075309927760329,1.0750290391337105,1.0751439900212725,
2026-01-16 10:35:00,1.0751439900212725,1.0751812680467776,1.0750755347195688,1.0751476445639885,
2026-01-16 10:40:00,1.0751476445639885,1.0755078621115746,1.0749504088485589,1.0753740459894967,
2026-01-16 10:45:00,1.0753740459894967,1.075417344075682,1.0751777152853306,1.0753756699992236,
2026-01-16 10:50:00,1.0753756699992236,1.0755134705881817,1.0751740927758096,1.0752522278068488,
2026-01-16 10:55:00,1.0752522278068488,1.075347418448657,1.0751495577224608,1.0752129464655236,
2026-01-16 11:00:00,1.0752129464655236,1.0753622050155025,1.0749353915096185,1.0749967047630855,
2026-01-16 11:05:00,1.0749967047630855,1.0750921283172052,1.0748894291740547,1.0750627337207594,
2026-01-16 11:10:00,1.0750627337207594,1.0752783093485592,1.075002455736397,1.0751583944106329,
2026-01-16 11:15:00,1.0751583944106329,1.075603300492558,1.0750216650167734,1.0755572224707597,
2026-01-16 11:20:00,1.0755572224707597,1.0757000511644497,1.0754239742833591,1.0754574418494027,
2026-01-16 11:25:00,1.0754574418494027,1.0754990338630388,1.075376118274199,1.0754147801742344,
2026-01-16 11:30:00,1.0754147801742344,1.0754480251723657,1.075252596792269,1.0753224449617576,
2026-01-16 11:35:00,1.0753224449617576,1.0755055588817448,1.0751625051797495,1.0753571967780715,
2026-01-16 11:40:00,1.0753571967780715,1.0754507400478202,1.075279004661044,1.075419304299598,
2026-01-16 11:45:00,1.075419304299598,1.0754797198468256,1.075306484968026,1.0754112319888371,
2026-01-16 11:50:00,1.0754112319888371,1.0757554734597046,1.0752730400205557,1.075587021124222,
2026-01-16 11:55:00,1.075587021124222,1.0757527650196277,1.0753260840161858,1.075488021202141,
2026-01-16 12:00:00,1.075488021202141,1.075821406186104,1.0754127415783206,1.0756476635497034,
2026-01-16 12:05:00,1.0756476635497034,1.0758137880001066,1.075496089055694,1.075735090019981,
2026-01-16 12:10:00,1.075735090019981,1.0758501386651558,1.0756621946046128,1.075733686737396,
2026-01-16 12:15:00,1.075733686737396,1.0758928892608652,1.0755474036687311,1.0756834075862372,
2026-01-16 12:20:00,1.0756834075862372,1.0761202232237423,1.0755822491608942,1.0760755658310404,
2026-01-16 12:25:00,1.0760755658310404,1.0762259561892993,1.075757444418984,1.075944237426467,
2026-01-16 12:30:00,1.075944237426467,1.0760304079628389,1.075747460616947,1.0759928604199478,
2026-01-16 12:35:00,1.0759928604199478,1.076177245529501,1.0757129784548298,1.075872320614214,
2026-01-16 12:40:00,1.075872320614214,1.076295778113196,1.0756875370337982,1.0761610622803437,
2026-01-16 12:45:00,1.0761610622803437,1.0764135601054416,1.0761164915167791,1.0763047651491575,
2026-01-16 12:50:00,1.0763047651491575,1.0764120164149975,1.0760579886251131,1.076195792137472,
2026-01-16 12:55:00,1.076195792137472,1.0763317265130332,1.0761400859079888,1.0762790813444212,
2026-01-16 13:00:00,1.0762790813444212,1.076403488313141,1.0762092270135262,1.0763212231860992,
2026-01-16 13:05:00,1.0763212231860992,1.0764721054458564,1.076124248224083,1.0762383564075018,
2026-01-16 13:10:00,1.0762383564075018,1.076478666211341,1.0760847986990738,1.0763612963595872,
2026-01-16 13:15:00,1.0763612963595872,1.0765399665121234,1.076211427426232,1.0764246913953852,
2026-01-16 13:20:00,1.0764246913953852,1.076515201962952,1.0762481887138329,1.076460057701934,
2026-01-16 13:25:00,1.076460057701934,1.0766043229180855,1.0763331577423934,1.0764538272157762,
2026-01-16 13:30:00,1.0764538272157762,1.0766145353687644,1.0762670855381662,1.0765239692665731,
2026-01-16 13:35:00,1.0765239692665731,1.076614444982777,1.0763441493193495,1.076561549381858,
2026-01-16 13:40:00,1.076561549381858,1.0767615116066431,1.0763887190337516,1.0765716303513555,
2026-01-16 13:45:00,1.0765716303513555,1.0766828541257916,1.0764073450101268,1.0764686586295316,
2026-01-16 13:50:00,1.0764686586295316,1.076857771283721,1.0763529979907578,1.0767427246871688,
2026-01-16 13:55:00,1.0767427246871688,1.0769393716310074,1.0764210989465546,1.0765736215340225,
2026-01-16 14:00:00,1.0765736215340225,1.0767291724560188,1.0763779230826105,1.0766432193513282,
2026-01-16 14:05:00,1.0766432193513282,1.0768329630745497,1.0765699446265176,1.0765920411357903,
2026-01-16 14:10:00,1.0765920411357903,1.0770218508280658,1.0765131605196805,1.0768767642630614,
2026-01-16 14:15:00,1.0768767642630614,1.0770107214769555,1.0766497485691415,1.076731371614607,
2026-01-16 14:20:00,1.076731371614607,1.0767935669089566,1.0765412280937603,1.076613164316321,
2026-01-16 14:25:00,1.076613164316321,1.0766424803373509,1.0762899597279505,1.0764570961019075,
2026-01-16 14:30:00,1.0764570961019075,1.0766086661521128,1.0764289832433118,1.0765098650612217,
2026-01-16 14:35:00,1.0765098650612217,1.076531695834381,1.0762040123938197,1.076288710648821,
2026-01-16 14:40:00,1.076288710648821,1.0763214911007597,1.0760638930752957,1.0762119963047854,
2026-01-16 14:45:00,1.0762119963047854,1.0763391551208104,1.0757719168835156,1.075865130032955,
2026-01-16 14:50:00,1.075865130032955,1.07605487275734,1.0758191985878902,1.0759044678273868,
2026-01-16 14:55:00,1.0759044678273868,1.075954698527133,1.0756943278125917,1.0758242812576884,
2026-01-16 15:00:00,1.0758242812576884,1.0759761313319696,1.0754706428686938,1.0755847127112446,
2026-01-16 15:05:00,1.0755847127112446,1.0759513652333657,1.0753879817207437,1.0757604145845785,
2026-01-16 15:10:00,1.0757604145845785,1.0759141862791093,1.0753952278907717,1.0755499626102134,
2026-01-16 15:15:00,1.0755499626102134,1.075840329787754,1.0753524509324013,1.0756790810482304,
2026-01-16 15:20:00,1.0756790810482304,1.0758252093126788,1.075512967060671,1.0755665105360717,
2026-01-16 15:25:00,1.0755665105360717,1.0758859217083734,1.0754094234344016,1.0758254689690916,
2026-01-16 15:30:00,1.0758254689690916,1.076031931766095,1.0757061740895455,1.0759469715765069,
2026-01-16 15:35:00,1.0759469715765069,1.0761378396298054,1.0756365791502478,1.075784830860104,
2026-01-16 15:40:00,1.075784830860104,1.0759238487643188,1.0755332320689583,1.0756373913322097,
2026-01-16 15:45:00,1.0756373913322097,1.0758976569218868,1.0755791609846614,1.0757356324697789,
2026-01-16 15:50:00,1.0757356324697789,1.075929997501171,1.0756656011245995,1.0756938337240234,
2026-01-16 15:55:00,1.0756938337240234,1.0757554923697157,1.0754961559145375,1.0756670478008563,
2026-01-16 16:00:00,1.0756670478008563,1.0759507847385985,1.0755003822981106,1.0758728811384797,
2026-01-16 16:05:00,1.0758728811384797,1.0760089454359896,1.075703344538495,1.0757526016905763,
2026-01-16 16:10:00,1.0757526016905763,1.0757922554474662,1.0756164691286587,1.075767871102185,
2026-01-16 16:15:00,1.075767871102185,1.0760452832131986,1.0756150790360892,1.0759224637792786,
2026-01-16 16:20:00,1.0759224637792786,1.0762191557910346,1.07580209128011,1.076053591882722,
2026-01-16 16:25:00,1.076053591882722,1.0761834716900105,1.0759512662349868,1.0760283674375442,
2026-01-16 16:30:00,1.0760283674375442,1.0761015382286454,1.0758037055380316,1.0759822758004252,
2026-01-16 16:35:00,1.0759822758004252,1.0761326145354255,1.0755665707392856,1.075702210054043,
2026-01-16 16:40:00,1.075702210054043,1.0757484957464851,1.075382691407501,1.0755323305596636,
2026-01-16 16:45:00,1.0755323305596636,1.075765289648611,1.0753949499443531,1.0755842304241408,
2026-01-16 16:50:00,1.0755842304241408,1.075622395129728,1.0754126908882136,1.0755625228490988,
2026-01-16 16:55:00,1.0755625228490988,1.0757505774221947,1.0755164107630106,1.0755751490181176,
2026-01-16 17:00:00,1.0755751490181176,1.0758529749595669,1.0753890820264216,1.0757433692625742,
2026-01-16 17:05:00,1.0757433692625742,1.075840525723202,1.0754808899104866,1.0755523358541192,
2026-01-16 17:10:00,1.0755523358541192,1.0756624549710228,1.075344191424804,1.0755147706449495,
2026-01-16 17:15:00,1.0755147706449495,1.0756017901974189,1.075333961488212,1.075545753062862,
2026-01-16 17:20:00,1.075545753062862,1.0756481364671826,1.0752954730947382,1.0754326933439369,
2026-01-16 17:25:00,1.0754326933439369,1.0758371241293407,1.075304999206761,1.0756641745624789,
2026-01-16 17:30:00,1.0756641745624789,1.0759754945427769,1.075624545884468,1.0758113225991774,
2026-01-16 17:35:00,1.0758113225991774,1.0759080295911467,1.075712802778483,1.0758586808549382,
2026-01-16 17:40:00,1.0758586808549382,1.0762900246481726,1.0757285848657014,1.0761488088721094,
2026-01-16 17:45:00,1.0761488088721094,1.0763230395798031,1.0758726823990403,1.0759074188680875,
2026-01-16 17:50:00,1.0759074188680875,1.076074977034039,1.0758666467454905,1.0759067099075563,
2026-01-16 17:55:00,1.0759067099075563,1.076062985015259,1.0757078832816371,1.0759663711754657,
2026-01-16 18:00:00,1.0759663711754657,1.075995027886728,1.075739512490549,1.0758193146377224,
2026-01-16 18:05:00,1.0758193146377224,1.0760559913392342,1.07573636279001,1.0758683808430989,
2026-01-16 18:10:00,1.0758683808430989,1.0759596401639515,1.0756250776938934,1.0756903529410011,
2026-01-16 18:15:00,1.0756903529410011,1.075887296284589,1.0755540693824923,1.0758023204898826,
2026-01-16 18:20:00,1.0758023204898826,1.076130287875176,1.0756971668302573,1.0759735751851698,
2026-01-16 18:25:00,1.0759735751851698,1.0760855826221092,1.0758112976128424,1.0760180676233206,
2026-01-16 18:30:00,1.0760180676233206,1.0761883222494908,1.0756073513761684,1.0757196004459024,
2026-01-16 18:35:00,1.0757196004459024,1.0757532897268498,1.0755413748512703,1.0755641497277213,
2026-01-16 18:40:00,1.0755641497277213,1.0758091267055807,1.0754572659974624,1.0756557986894515,
2026-01-16 18:45:00,1.0756557986894515,1.0758535989994855,1.0756258649771446,1.0756597568912063,
2026-01-16 18:50:00,1.0756597568912063,1.0758589952746436,1.0750568862395626,1.0752257077880494,
2026-01-16 18:55:00,1.0752257077880494,1.0756129974483766,1.075185249332752,1.075426712663565,
2026-01-16 19:00:00,1.075426712663565,1.075626032455586,1.075367660940871,1.075449295222613,
2026-01-16 19:05:00,1.075449295222613,1.0755194936630152,1.075214916263664,1.075317710007367,
2026-01-16 19:10:00,1.075317710007367,1.075672740434268,1.075262576877395,1.0754787437289948,
2026-01-16 19:15:00,1.0754787437289948,1.0756657651158814,1.0752529253927785,1.0753699849856138,
2026-01-16 19:20:00,1.0753699849856138,1.0754861720368782,1.0751565515211172,1.0752594772375177,
2026-01-16 19:25:00,1.0752594772375177,1.0754101887401524,1.075068023167553,1.0753178147623614,
2026-01-16 19:30:00,1.0753178147623614,1.0756453364056209,1.075281907520963,1.0756056682999802,
2026-01-16 19:35:00,1.0756056682999802,1.0759945032037928,1.0754818565312918,1.0758681890697843,
2026-01-16 19:40:00,1.0758681890697843,1.0760728771937411,1.0757185171400483,1.0759267789230074,
2026-01-16 19:45:00,1.0759267789230074,1.076094662863638,1.0758838060613771,1.0760019434786654,
2026-01-16 19:50:00,1.0760019434786654,1.0762233226066806,1.075867380295669,1.076130237285767,
2026-01-16 19:55:00,1.076130237285767,1.0762534333360956,1.0757523296258116,1.0759278926555622,
2026-01-16 20:00:00,1.0759278926555622,1.076057395405848,1.0757661326397452,1.0760323942685848,
2026-01-16 20:05:00,1.0760323942685848,1.0762248101299343,1.0757261249995806,1.0759144557238578,
2026-01-16 20:10:00,1.0759144557238578,1.076038576235293,1.0757647502984444,1.0759663932080157,
2026-01-16 20:15:00,1.0759663932080157,1.0760117535631342,1.0758393020415271,1.0759302196708682,
2026-01-16 20:20:00,1.0759302196708682,1.0760326384064605,1.075744538421642,1.0760116504951562,
2026-01-16 20:25:00,1.0760116504951562,1.0762054912625918,1.0759510862769857,1.0760312507851424,
2026-01-16 20:30:00,1.0760312507851424,1.0762066281127862,1.075410834951429,1.0755359013615635,
2026-01-16 20:35:00,1.0755359013615635,1.0756024553888752,1.0753780829314463,1.075565300200062,
2026-01-16 20:40:00,1.075565300200062,1.0757168480738732,1.0753882895900029,1.075669444639353,
2026-01-16 20:45:00,1.075669444639353,1.0758425580430528,1.0754844670557564,1.0757419356414264,
2026-01-16 20:50:00,1.0757419356414264,1.0757953623925782,1.075690624614054,1.0757259202309608,
2026-01-16 20:55:00,1.0757259202309608,1.076143916053632,1.075575229580459,1.0759914682490013,
2026-01-16 21:00:00,1.0759914682490013,1.0760727098224094,1.075934729476182,1.0760422626681825,
2026-01-16 21:05:00,1.0760422626681825,1.0762323939687886,1.0758820211687148,1.076113446288959,
2026-01-16 21:10:00,1.076113446288959,1.0763714988857955,1.075967322137211,1.076282596404075,
2026-01-16 21:15:00,1.076282596404075,1.0764453644140504,1.076229952979527,1.0763416740469858,
2026-01-16 21:20:00,1.0763416740469858,1.076438130328171,1.0760273263891964,1.076197235820232,
2026-01-16 21:25:00,1.076197235820232,1.076244804473088,1.075701103914347,1.0758042258990703,
2026-01-16 21:30:00,1.0758042258990703,1.075863876566426,1.0756098791081496,1.0757277732154915,
2026-01-16 21:35:00,1.0757277732154915,1.0758827690698765,1.0755329205398538,1.0758511036840726,
2026-01-16 21:40:00,1.0758511036840726,1.0758918550876264,1.0756564686228158,1.0757946612285694,
2026-01-16 21:45:00,1.0757946612285694,1.0761205135399232,1.0756687198624648,1.0759244924718878,
2026-01-16 21:50:00,1.0759244924718878,1.0760193953831978,1.0759014751728624,1.0759490337570958,
2026-01-16 21:55:00,1.0759490337570958,1.0762327405332572,1.0758931750867788,1.076157475936176,
2026-01-16 22:00:00,1.076157475936176,1.0762003550756538,1.076085578320599,1.076110360096388,
2026-01-16 22:05:00,1.076110360096388,1.0763423111674209,1.076030363859759,1.0761863816106114,
2026-01-16 22:10:00,1.0761863816106114,1.076454932541694,1.0761043701070665,1.07626858683586,
2026-01-16 22:15:00,1.07626858683586,1.0766737265303163,1.0761531274231897,1.0765115714336444,
2026-01-16 22:20:00,1.0765115714336444,1.0766418422829425,1.076092404280964,1.0762365626014223,
2026-01-16 22:25:00,1.0762365626014223,1.0764029445262324,1.0761108177342686,1.07616309986521,
2026-01-16 22:30:00,1.07616309986521,1.0763933794326952,1.0760348020694643,1.0763006179907673,
2026-01-16 22:35:00,1.0763006179907673,1.0767254721292077,1.076115562261352,1.076550762605293,
2026-01-16 22:40:00,1.076550762605293,1.0767538023666592,1.0764974611911844,1.0765900689737242,
2026-01-16 22:45:00,1.0765900689737242,1.0766103794096904,1.0764047040779856,1.0765433399234334,
2026-01-16 22:50:00,1.0765433399234334,1.0767739487539507,1.076515133878008,1.0766661458096656,
2026-01-16 22:55:00,1.0766661458096656,1.0768746197519212,1.0765505392354933,1.076806988768227,
2026-01-16 23:00:00,1.076806988768227,1.0768425106931732,1.076595958712161,1.07674943577844,
2026-01-16 23:05:00,1.07674943577844,1.076975639521098,1.0767233082578258,1.0768033242334032,
2026-01-16 23:10:00,1.0768033242334032,1.077015989909459,1.0767232644629976,1.0769945589662846,
2026-01-16 23:15:00,1.0769945589662846,1.0774519724596026,1.076816526708914,1.0773005430292326,
2026-01-16 23:20:00,1.0773005430292326,1.077618964314064,1.0772399566659887,1.0774210897322845,
2026-01-16 23:25:00,1.0774210897322845,1.0775355254548744,1.0772709723124931,1.0774287618968672,
2026-01-16 23:30:00,1.0774287618968672,1.0775155851922569,1.0772903584306546,1.0774205613199614,
2026-01-16 23:35:00,1.0774205613199614,1.0776402363499389,1.0773710975400888,1.0775111864181333,
2026-01-16 23:40:00,1.0775111864181333,1.07767603202711,1.07733952215693,1.0774930295094467,
2026-01-16 23:45:00,1.0774930295094467,1.0775874645136192,1.0773772549307008,1.0775242191547396,
2026-01-16 23:50:00,1.0775242191547396,1.0775893454119871,1.0773136236581873,1.077353788302318,
2026-01-16 23:55:00,1.077353788302318,1.077693247941221,1.0771629014497304,1.0775639558986851,
2026-01-17 00:00:00,1.0775639558986851,1.0777531342664388,1.0772716638873885,1.0773802170526343,
2026-01-17 00:05:00,1.0773802170526343,1.077453936248271,1.0771568111214609,1.0773109256717253,
2026-01-17 00:10:00,1.0773109256717253,1.077415051032952,1.0772517396239307,1.0773272351935708,
2026-01-17 00:15:00,1.0773272351935708,1.0778483637196128,1.077282542215878,1.07764956372535,
2026-01-17 00:20:00,1.07764956372535,1.0777012837150872,1.0774283438422283,1.077581779061932,
2026-01-17 00:25:00,1.077581779061932,1.0776156333322395,1.0773333818483528,1.0774746702004934,
2026-01-17 00:30:00,1.0774746702004934,1.077600826143492,1.077316849495795,1.0773861888795817,
2026-01-17 00:35:00,1.0773861888795817,1.0776792200572762,1.0772318578611888,1.0776548519993605,
2026-01-17 00:40:00,1.0776548519993605,1.0777073299809898,1.0770899769610105,1.0772008755679938,
2026-01-17 00:45:00,1.0772008755679938,1.077332873220518,1.0769566562260178,1.0770394037322144,
2026-01-17 00:50:00,1.0770394037322144,1.0776200009413843,1.076877763205068,1.0774812887092602,
2026-01-17 00:55:00,1.0774812887092602,1.0776892079317335,1.0773502678147029,1.0775773313867971,
2026-01-17 01:00:00,1.0775773313867971,1.0776664060351184,1.0772878089615612,1.0773991172674362,
2026-01-17 01:05:00,1.0773991172674362,1.077522832832632,1.0772337223480757,1.0773928816254907,
2026-01-17 01:10:00,1.0773928816254907,1.0775401310786108,1.0772748125207257,1.0774043216430649,
2026-01-17 01:15:00,1.0774043216430649,1.0777062387095424,1.0772153854451367,1.07754161194121,
2026-01-17 01:20:00,1.07754161194121,1.0780022080258684,1.0773743619165084,1.0778395128767906,
2026-01-17 01:25:00,1.0778395128767906,1.0780425372497977,1.0777550391136974,1.0779028731120048,
2026-01-17 01:30:00,1.0779028731120048,1.078083834976986,1.0777124541836312,1.0778161396487296,
2026-01-17 01:35:00,1.0778161396487296,1.0781147805254776,1.0776238196963643,1.0779439359798304,
2026-01-17 01:40:00,1.0779439359798304,1.0779879202613096,1.0776504424276991,1.077831579218762,
2026-01-17 01:45:00,1.077831579218762,1.0780237815182003,1.0776106530334986,1.0776650664302727,
2026-01-17 01:50:00,1.0776650664302727,1.07784558004469,1.0773117791313749,1.0773811538212832,
2026-01-17 01:55:00,1.0773811538212832,1.0774589207135947,1.077043190405197,1.077128786098682,
2026-01-17 02:00:00,1.077128786098682,1.0771524192940314,1.0768061234693818,1.0769844962958877,
2026-01-17 02:05:00,1.0769844962958877,1.077113211966304,1.0766078471853404,1.0767947823014816,
2026-01-17 02:10:00,1.0767947823014816,1.07694483079549,1.0766303610581371,1.076845915631654,
2026-01-17 02:15:00,1.076845915631654,1.0770008376309197,1.0765831082204664,1.0766527357407574,
2026-01-17 02:20:00,1.0766527357407574,1.076767163698369,1.0759660262927169,1.0761456979579112,
2026-01-17 02:25:00,1.0761456979579112,1.0761794662362565,1.0759518203617289,1.0759777389643983,
2026-01-17 02:30:00,1.0759777389643983,1.076041782700044,1.0758060184123128,1.0759021230388732,
2026-01-17 02:35:00,1.0759021230388732,1.076080977314976,1.075716981565768,1.0758049547195878,
2026-01-17 02:40:00,1.0758049547195878,1.0760775116638288,1.075688611590525,1.0760507275186002,
2026-01-17 02:45:00,1.0760507275186002,1.076203328059092,1.0758313243135045,1.0759522396138066,
2026-01-17 02:50:00,1.0759522396138066,1.0761675116223512,1.0758916668061749,1.07609496179092,
2026-01-17 02:55:00,1.07609496179092,1.0761964369554675,1.0760356157528823,1.076092435779384,
2026-01-17 03:00:00,1.076092435779384,1.076208016757128,1.0759215032881713,1.076086145274694,
2026-01-17 03:05:00,1.076086145274694,1.0761511599190092,1.0759181351015654,1.0759518505251766,
2026-01-17 03:10:00,1.0759518505251766,1.076089203404916,1.075834109955011,1.0759429014429065,
2026-01-17 03:15:00,1.0759429014429065,1.076087721042164,1.0757654701228507,1.0758199664760384,
2026-01-17 03:20:00,1.0758199664760384,1.075883252788904,1.0757424443755166,1.0758479420825633,
2026-01-17 03:25:00,1.0758479420825633,1.0759352489562166,1.075740442365518,1.0758103553609688,
2026-01-17 03:30:00,1.0758103553609688,1.075964343275186,1.0755109339116675,1.075658467912338,
2026-01-17 03:35:00,1.075658467912338,1.0759689534207375,1.075556384203745,1.0758190586599663,
2026-01-17 03:40:00,1.0758190586599663,1.0760065078796064,1.075745159129766,1.0758884792777037,
2026-01-17 03:45:00,1.0758884792777037,1.0760484607380798,1.0756470664261348,1.0758167097857714,
2026-01-17 03:50:00,1.0758167097857714,1.0758801026206208,1.075781266660339,1.0758407265398735,
2026-01-17 03:55:00,1.0758407265398735,1.0758820045680857,1.075669792670097,1.0758277375862824,
2026-01-17 04:00:00,1.0758277375862824,1.0759660856603357,1.0756235814843362,1.0756882777807584,
2026-01-17 04:05:00,1.0756882777807584,1.0758449905821592,1.0755030343206855,1.075700190485938,
2026-01-17 04:10:00,1.075700190485938,1.075866805319896,1.0755795289481764,1.075600529583543,
2026-01-17 04:15:00,1.075600529583543,1.075653116221542,1.0753284230109237,1.0754486224116482,
2026-01-17 04:20:00,1.0754486224116482,1.0755616413103457,1.0750554037326905,1.0751874114298152,
2026-01-17 04:25:00,1.0751874114298152,1.0753263610632997,1.0750062009735264,1.075130115033403,
2026-01-17 04:30:00,1.075130115033403,1.0752823575403585,1.0749634122808072,1.0752220916170692,
2026-01-17 04:35:00,1.0752220916170692,1.075335138632876,1.0750704085252052,1.0751105980466602,
2026-01-17 04:40:00,1.0751105980466602,1.07565263886515,1.0750157979658876,1.0755177187607596,
2026-01-17 04:45:00,1.0755177187607596,1.0757197525871296,1.075342246141616,1.0756611516750636,
2026-01-17 04:50:00,1.0756611516750636,1.0759597642015717,1.0754811793231285,1.0758721627877263,
2026-01-17 04:55:00,1.0758721627877263,1.0760599864015756,1.0757624607951437,1.0760010454157511,
2026-01-17 05:00:00,1.0760010454157511,1.0764832075479305,1.0758806113748545,1.0763006778251332,
2026-01-17 05:05:00,1.0763006778251332,1.0763633016238805,1.0760166622768537,1.076174165796142,
2026-01-17 05:10:00,1.076174165796142,1.0762159160288194,1.0756010832724856,1.0757614131434594,
2026-01-17 05:15:00,1.0757614131434594,1.0757877410995342,1.0755101100558109,1.0756899646897218,
2026-01-17 05:20:00,1.0756899646897218,1.075808668493916,1.0755180703578688,1.0757805768688815,
2026-01-17 05:25:00,1.0757805768688815,1.075860050423959,1.0756859806725665,1.0758055649016651,
2026-01-17 05:30:00,1.0758055649016651,1.0759800345224595,1.0756686093029002,1.0758505569904244,
2026-01-17 05:35:00,1.0758505569904244,1.076087458383463,1.0757435746440094,1.076064281406051,
2026-01-17 05:40:00,1.076064281406051,1.0761981029190972,1.0760230483420954,1.076126489012641,
2026-01-17 05:45:00,1.076126489012641,1.0762864646128878,1.07595858644704,1.0762559945724497,
2026-01-17 05:50:00,1.0762559945724497,1.0763486531511035,1.0759765443724902,1.0761048618078364,
2026-01-17 05:55:00,1.0761048618078364,1.076133605620646,1.0758981595893893,1.0759286005260744,
2026-01-17 06:00:00,1.0759286005260744,1.0763190283790915,1.0757867642358527,1.0761896708592995,
2026-01-17 06:05:00,1.0761896708592995,1.0763504138319568,1.0761187126728382,1.0762064974641634,
2026-01-17 06:10:00,1.0762064974641634,1.0763581382230991,1.0760739639876955,1.0761064317252644,
2026-01-17 06:15:00,1.0761064317252644,1.0761668135370208,1.0758774854065851,1.0760066714112282,
2026-01-17 06:20:00,1.0760066714112282,1.0761830014403813,1.0757506477835943,1.0759024453413375,
2026-01-17 06:25:00,1.0759024453413375,1.0760466972114573,1.0756754625343363,1.0757885737073145,
2026-01-17 06:30:00,1.0757885737073145,1.0758187707467886,1.0755610553726147,1.0755820720618574,
2026-01-17 06:35:00,1.0755820720618574,1.0756814100694236,1.075216724285468,1.0753405631781177,
2026-01-17 06:40:00,1.0753405631781177,1.0754987593469247,1.0752884572416828,1.07530964687524,
2026-01-17 06:45:00,1.07530964687524,1.0753856077820496,1.075027798404703,1.0752145518989364,
2026-01-17 06:50:00,1.0752145518989364,1.0754823500695054,1.075146436970546,1.0753936694902022,
2026-01-17 06:55:00,1.0753936694902022,1.0755748128555382,1.0752168883015727,1.0754414841666249,
2026-01-17 07:00:00,1.0754414841666249,1.0755148093649505,1.0754193044946738,1.0754848228065297,
2026-01-17 07:05:00,1.0754848228065297,1.0756788711138212,1.0753279859905431,1.0753654849624317,
2026-01-17 07:10:00,1.0753654849624317,1.0754168915443414,1.0752452468507716,1.0753465003456,
2026-01-17 07:15:00,1.0753465003456,1.0754300707756643,1.0751899510173706,1.075405269815728,
2026-01-17 07:20:00,1.075405269815728,1.0755423020198231,1.0752156087096378,1.075521343883056,
2026-01-17 07:25:00,1.075521343883056,1.0756132636705558,1.0753929372767086,1.075506734343439,
2026-01-17 07:30:00,1.075506734343439,1.0758605426142256,1.075422751414979,1.07568137700844,
2026-01-17 07:35:00,1.07568137700844,1.0758507611175605,1.075653357191255,1.075683203943301,
2026-01-17 07:40:00,1.075683203943301,1.0759958455493366,1.075558136238388,1.0758116773056516,
2026-01-17 07:45:00,1.0758116773056516,1.0759277581231308,1.0756447618896472,1.075733169767257,
2026-01-17 07:50:00,1.075733169767257,1.0758339440893545,1.075257624003385,1.075441268030627,
2026-01-17 07:55:00,1.075441268030627,1.0755745522696138,1.0753348573705157,1.0754850972939147,
2026-01-17 08:00:00,1.0754850972939147,1.075631007997406,1.0753273168369513,1.0756026527437634,
2026-01-17 08:05:00,1.0756026527437634,1.0758797351909135,1.0754299748486849,1.0756960213647786,
2026-01-17 08:10:00,1.0756960213647786,1.0758739947774445,1.0756583313946766,1.0757646830808332,
2026-01-17 08:15:00,1.0757646830808332,1.0758665952184223,1.0756096204383117,1.0757089727737077,
2026-01-17 08:20:00,1.0757089727737077,1.07582170292137,1.0753984756744124,1.0755793448119946,
2026-01-17 08:25:00,1.0755793448119946,1.0758318482725633,1.075482942858297,1.0756689004593027,
2026-01-17 08:30:00,1.0756689004593027,1.0757986527580152,1.0755471726894483,1.0757382479625384,
2026-01-17 08:35:00,1.0757382479625384,1.0758860300847577,1.0754711237925354,1.0756482825030491,
2026-01-17 08:40:00,1.0756482825030491,1.075975776398795,1.075586415657445,1.0758278378454411,
2026-01-17 08:45:00,1.0758278378454411,1.0760007573462476,1.075504888727646,1.075685913426954,
2026-01-17 08:50:00,1.075685913426954,1.0757074764746777,1.0755008370457722,1.0755923021615863,
2026-01-17 08:55:00,1.0755923021615863,1.0759075626480954,1.0754655561624276,1.075856891450313,
2026-01-17 09:00:00,1.075856891450313,1.076102397493489,1.0757778443435413,1.0759976090601209,
2026-01-17 09:05:00,1.0759976090601209,1.0761707063298638,1.0758254845783932,1.07594036600807,
2026-01-17 09:10:00,1.07594036600807,1.0761810067122417,1.075911494563526,1.0759872856771486,
2026-01-17 09:15:00,1.0759872856771486,1.0761398834971567,1.0759555388816056,1.0760128071465145,
2026-01-17 09:20:00,1.0760128071465145,1.0760709912620907,1.075475638722884,1.0755702888200327,
2026-01-17 09:25:00,1.0755702888200327,1.0756235140652812,1.075344298661024,1.075424590007242,
2026-01-17 09:30:00,1.075424590007242,1.0755596899189597,1.0752860829656463,1.075416925491496,
2026-01-17 09:35:00,1.075416925491496,1.0754747379379668,1.075333114977158,1.075359938807226,
2026-01-17 09:40:00,1.075359938807226,1.0755198916121114,1.075309758446673,1.0754003358758055,
2026-01-17 09:45:00,1.0754003358758055,1.075753352098247,1.0753426093348628,1.0755830859510012,
2026-01-17 09:50:00,1.0755830859510012,1.0756732534877242,1.075432460681654,1.0755317491999894,
2026-01-17 09:55:00,1.0755317491999894,1.075619874194143,1.075297238960975,1.075361669218203,
2026-01-17 10:00:00,1.075361669218203,1.0754411134159614,1.0753168899347576,1.075414608155321,
2026-01-17 10:05:00,1.075414608155321,1.0754803433794375,1.0752348955401645,1.0753624588014454,
2026-01-17 10:10:00,1.0753624588014454,1.075508133264177,1.075183926084372,1.0753378230403765,
2026-01-17 10:15:00,1.0753378230403765,1.0754226934645004,1.0751479501663443,1.0752912984183678,
2026-01-17 10:20:00,1.0752912984183678,1.0757019851564122,1.0752215860012269,1.0756534913513,
2026-01-17 10:25:00,1.0756534913513,1.075692529543377,1.0751187564725515,1.0752925565430975,
2026-01-17 10:30:00,1.0752925565430975,1.0753296661511649,1.07510033210681,1.075230460099107,
2026-01-17 10:35:00,1.075230460099107,1.075369104117068,1.0750997627252454,1.0752304027314268,
2026-01-17 10:40:00,1.0752304027314268,1.0753606745976096,1.07504664871968,1.075104961440989,
2026-01-17 10:45:00,1.075104961440989,1.0753639537231994,1.0750413631212683,1.075250619942191,
2026-01-17 10:50:00,1.075250619942191,1.0754923927682265,1.075145164903052,1.0753823340075577,
2026-01-17 10:55:00,1.0753823340075577,1.0754298986410415,1.0753123607660464,1.0753751685516335,
2026-01-17 11:00:00,1.0753751685516335,1.0754852773120906,1.0751881917360009,1.075332045728568,
2026-01-17 11:05:00,1.075332045728568,1.075362834528356,1.0752389851093849,1.075314524921591,
2026-01-17 11:10:00,1.075314524921591,1.0755011794441394,1.0752508160040517,1.0752981609117649,
2026-01-17 11:15:00,1.0752981609117649,1.075328605871485,1.0752387669793326,1.075286057473012,
2026-01-17 11:20:00,1.075286057473012,1.0753822929080927,1.075213371606491,1.0752562726066592,
2026-01-17 11:25:00,1.0752562726066592,1.075317630972732,1.0751571175924453,1.0752975281825794,
2026-01-17 11:30:00,1.0752975281825794,1.0755810688952183,1.0752769809760367,1.0754195618162374,
2026-01-17 11:35:00,1.0754195618162374,1.075469472450174,1.0751040338511038,1.0752216608629983,
2026-01-17 11:40:00,1.0752216608629983,1.075408145746206,1.0749790627279827,1.0750527572541082,
2026-01-17 11:45:00,1.0750527572541082,1.075080673248723,1.074651923053769,1.0747713692433418,
2026-01-17 11:50:00,1.0747713692433418,1.0750793343638378,1.0745829926689223,1.0749115926436164,
2026-01-17 11:55:00,1.0749115926436164,1.0750906869952614,1.0747351640737832,1.0749524921889546,
2026-01-17 12:00:00,1.0749524921889546,1.075099456009211,1.0748287348177656,1.0750345035798117,
2026-01-17 12:05:00,1.0750345035798117,1.0750909391094732,1.0747092990485054,1.0748045517047804,
2026-01-17 12:10:00,1.0748045517047804,1.0751772803617592,1.0746588464239857,1.075092898333751,
2026-01-17 12:15:00,1.075092898333751,1.0752620108527229,1.0748090895416451,1.0749952546215178,
2026-01-17 12:20:00,1.0749952546215178,1.0751980677203803,1.0748871361492889,1.07502291554168,
2026-01-17 12:25:00,1.07502291554168,1.075212785782493,1.0749850401513446,1.0751612344141783,
2026-01-17 12:30:00,1.0751612344141783,1.0752448550613216,1.0748447134654433,1.0750026093415197,
2026-01-17 12:35:00,1.0750026093415197,1.0750653577906222,1.074893169144105,1.074915055391806,
2026-01-17 12:40:00,1.074915055391806,1.0749865581304034,1.0747574204654708,1.0749444824178287,
2026-01-17 12:45:00,1.0749444824178287,1.075542223504121,1.0749091974291292,1.075405862614366,
2026-01-17 12:50:00,1.075405862614366,1.075537232920023,1.07536667163098,1.0754549761358403,
2026-01-17 12:55:00,1.0754549761358403,1.0757752497074249,1.0752942688992384,1.0757146805793651,
2026-01-17 13:00:00,1.0757146805793651,1.076085659771491,1.075570566672484,1.0759097801722606,
2026-01-17 13:05:00,1.0759097801722606,1.076124408863454,1.07578863760898,1.0759697116358915,
2026-01-17 13:10:00,1.0759697116358915,1.0761289886426568,1.0756429043469244,1.0758106096816122,
2026-01-17 13:15:00,1.0758106096816122,1.0760092306528866,1.0756373633496783,1.0759821753924736,
2026-01-17 13:20:00,1.0759821753924736,1.0761668988733353,1.0756385972183231,1.0757409494243415,
2026-01-17 13:25:00,1.0757409494243415,1.0761232903887012,1.0755416156606716,1.075999837480666,
2026-01-17 13:30:00,1.075999837480666,1.0761433413378043,1.0759154730915308,1.076032656832961,
2026-01-17 13:35:00,1.076032656832961,1.076054562195246,1.0755546491878951,1.0756055205858868,
2026-01-17 13:40:00,1.0756055205858868,1.0757870997837649,1.0753788464691791,1.075551122228941,
2026-01-17 13:45:00,1.075551122228941,1.0757750686636642,1.07545631957862,1.0756571683789768,
2026-01-17 13:50:00,1.0756571683789768,1.075825696002198,1.0754420534669742,1.0756194634041951,
2026-01-17 13:55:00,1.0756194634041951,1.0758733605562023,1.0755884534621871,1.0757353685832696,
2026-01-17 14:00:00,1.0757353685832696,1.0758987734337015,1.075558765587075,1.0755987549671462,
2026-01-17 14:05:00,1.0755987549671462,1.0757434826818866,1.075361357267287,1.0753886063463076,
2026-01-17 14:10:00,1.0753886063463076,1.075574379848728,1.0752492573880204,1.0753776193608748,
2026-01-17 14:15:00,1.0753776193608748,1.075443835969782,1.075207883808274,1.075383248816241,
2026-01-17 14:20:00,1.075383248816241,1.0754396268350928,1.0752351120028962,1.0753275909439457,
2026-01-17 14:25:00,1.0753275909439457,1.0756743654156338,1.075291265763005,1.0755261079344836,
2026-01-17 14:30:00,1.0755261079344836,1.075636358998589,1.075302266951694,1.0753894913406317,
2026-01-17 14:35:00,1.0753894913406317,1.075568395508422,1.0753068430368105,1.0754405464977617,
2026-01-17 14:40:00,1.0754405464977617,1.0755995865734411,1.075304721551304,1.075452048928987,
2026-01-17 14:45:00,1.075452048928987,1.0755705860044469,1.0750641025499723,1.075201489843156,
2026-01-17 14:50:00,1.075201489843156,1.0753632746637358,1.074950770629533,1.0749893148986382,
2026-01-17 14:55:00,1.0749893148986382,1.075069169152454,1.0748936830786835,1.0749917730283856,
2026-01-17 15:00:00,1.0749917730283856,1.0754864424930717,1.0748561204135585,1.0753118242132238,
2026-01-17 15:05:00,1.0753118242132238,1.075445182070633,1.0752452291955696,1.0754058003271063,
2026-01-17 15:10:00,1.0754058003271063,1.0755399210429593,1.0750347358078138,1.075128010259389,
2026-01-17 15:15:00,1.075128010259389,1.0753082341107438,1.0744965735628316,1.0746270386505277,
2026-01-17 15:20:00,1.0746270386505277,1.0748112313448346,1.0745345219243037,1.0747457464018122,
2026-01-17 15:25:00,1.0747457464018122,1.0748245766432984,1.0747052181493797,1.0747307731242612,
2026-01-17 15:30:00,1.0747307731242612,1.074990288899491,1.074670702245084,1.0749153093793624,
2026-01-17 15:35:00,1.0749153093793624,1.0750368768474818,1.0746141570046526,1.0747738515692564,
2026-01-17 15:40:00,1.0747738515692564,1.0749251672796254,1.0747091208350814,1.0748308503528237,
2026-01-17 15:45:00,1.0748308503528237,1.0750072531675643,1.074663662292532,1.0749678204962654,
2026-01-17 15:50:00,1.0749678204962654,1.0751482521961817,1.074792165605151,1.0748962090137772,
2026-01-17 15:55:00,1.0748962090137772,1.0749530508070255,1.0747229231536968,1.0748280489583923,
2026-01-17 16:00:00,1.0748280489583923,1.0749487937642015,1.0746693560396328,1.0748326593622235,
2026-01-17 16:05:00,1.0748326593622235,1.0750477582039395,1.0747436665298808,1.0749206933226707,
2026-01-17 16:10:00,1.0749206933226707,1.0749480286545272,1.074855993090183,1.0749189195967708,
2026-01-17 16:15:00,1.0749189195967708,1.0751137418901895,1.0748800137689616,1.075076513671212,
2026-01-17 16:20:00,1.075076513671212,1.0752714178190892,1.0748616176244632,1.0750025614021737,
2026-01-17 16:25:00,1.0750025614021737,1.0751421736234006,1.0746843262417445,1.074788915898907,
2026-01-17 16:30:00,1.074788915898907,1.075134267129637,1.074623222660381,1.0751082253977684,
2026-01-17 16:35:00,1.0751082253977684,1.075271181257486,1.0749088788717625,1.0750112603193058,
2026-01-17 16:40:00,1.0750112603193058,1.0751227980249758,1.074825473519335,1.0749201394408556,
2026-01-17 16:45:00,1.0749201394408556,1.0749536753638298,1.0748362735757249,1.0749100669508582,
2026-01-17 16:50:00,1.0749100669508582,1.0750639718913304,1.074854169933729,1.074921436513682,
2026-01-17 16:55:00,1.074921436513682,1.0750313198387382,1.0746901489209972,1.074859627571034,
2026-01-17 17:00:00,1.074859627571034,1.074916513135234,1.0748202161076843,1.0748573541544548,
2026-01-17 17:05:00,1.0748573541544548,1.0750353405634308,1.0746690977999451,1.0748514807901486,
2026-01-17 17:10:00,1.0748514807901486,1.0749526526960471,1.0748266371429258,1.0748802043215533,
2026-01-17 17:15:00,1.0748802043215533,1.0749514245159348,1.0743867008597825,1.0745007062801244,
2026-01-17 17:20:00,1.0745007062801244,1.0748735361331347,1.0744702071389372,1.0748044368884122,
2026-01-17 17:25:00,1.0748044368884122,1.0749625789282882,1.0746208993394333,1.074781228621269,
2026-01-17 17:30:00,1.074781228621269,1.0750224778397008,1.0747231592469384,1.0748753764790324,
2026-01-17 17:35:00,1.0748753764790324,1.0750579427024172,1.0745318776260626,1.0746537436897852,
2026-01-17 17:40:00,1.0746537436897852,1.0747150247493102,1.074393399033225,1.074578359331691,
2026-01-17 17:45:00,1.074578359331691,1.074739904958889,1.0743336670104775,1.0744705336188878,
2026-01-17 17:50:00,1.0744705336188878,1.0748311215207595,1.0744184360251925,1.0747079733169844,
2026-01-17 17:55:00,1.0747079733169844,1.074783535646722,1.0744506759914467,1.0746140779898226,
2026-01-17 18:00:00,1.0746140779898226,1.0747632005637302,1.074514611660597,1.074736818819897,
2026-01-17 18:05:00,1.074736818819897,1.0749042293788702,1.074610134816687,1.0746325066295888,
2026-01-17 18:10:00,1.0746325066295888,1.0746958994764613,1.074452468837698,1.0745600865323173,
2026-01-17 18:15:00,1.0745600865323173,1.074693800278836,1.0743547985186674,1.074521045760575,
2026-01-17 18:20:00,1.074521045760575,1.0748473270704595,1.0744236533870248,1.074728530841969,
2026-01-17 18:25:00,1.074728530841969,1.0747493317589254,1.074267932397572,1.0744244494466586,
2026-01-17 18:30:00,1.0744244494466586,1.0746234313000478,1.07406597565148,1.074212970310696,
2026-01-17 18:35:00,1.074212970310696,1.07437954959474,1.0737975357948428,1.0738997800119636,
2026-01-17 18:40:00,1.0738997800119636,1.0740073448406782,1.0736469600534138,1.0737251509187182,
2026-01-17 18:45:00,1.0737251509187182,1.073867612365362,1.0734442031639937,1.0735949803642748,
2026-01-17 18:50:00,1.0735949803642748,1.073700767326861,1.0732491483504012,1.0733355536655942,
2026-01-17 18:55:00,1.0733355536655942,1.0734895791944243,1.073167283071358,1.0732178987505692,
2026-01-17 19:00:00,1.0732178987505692,1.073262077888817,1.0728163947032796,1.0728941500543547,
2026-01-17 19:05:00,1.0728941500543547,1.072994493233497,1.0725530387505238,1.072730869805251,
2026-01-17 19:10:00,1.072730869805251,1.073004979553703,1.072659859765066,1.07292458286183,
2026-01-17 19:15:00,1.07292458286183,1.073092812200962,1.0728622899655578,1.072990074257133,
2026-01-17 19:20:00,1.072990074257133,1.073121868911862,1.0729460586444015,1.073020783834347,
2026-01-17 19:25:00,1.073020783834347,1.0730665407453073,1.0728300000553372,1.0728599320673595,
2026-01-17 19:30:00,1.0728599320673595,1.073055700010087,1.072417491626293,1.072613296250049,
2026-01-17 19:35:00,1.072613296250049,1.0726360848357508,1.0723139472013643,1.0724305670302712,
2026-01-17 19:40:00,1.0724305670302712,1.0724523801603385,1.0722728163309536,1.0724241523338651,
2026-01-17 19:45:00,1.0724241523338651,1.0726515752092929,1.072265017113429,1.0725643557719566,
2026-01-17 19:50:00,1.0725643557719566,1.0728417467645317,1.0724809387129068,1.072710079021649,
2026-01-17 19:55:00,1.072710079021649,1.0728644274432173,1.07254627595782,1.0728120898623903,
2026-01-17 20:00:00,1.0728120898623903,1.0729280647830932,1.0725008766223714,1.072693943786367,
2026-01-17 20:05:00,1.072693943786367,1.0728485292654355,1.0725404266533236,1.0726984303112024,
2026-01-17 20:10:00,1.0726984303112024,1.0727353612208297,1.072499150373885,1.0726472623366845,
2026-01-17 20:15:00,1.0726472623366845,1.072844458370127,1.0725176262037723,1.072615428285357,
2026-01-17 20:20:00,1.072615428285357,1.0730243791769605,1.0724439906627117,1.0729437730603673,
2026-01-17 20:25:00,1.0729437730603673,1.073079407834849,1.0726247770574102,1.0726607677849325,
2026-01-17 20:30:00,1.0726607677849325,1.072700697359406,1.0724686024009198,1.0726235454691233,
2026-01-17 20:35:00,1.0726235454691233,1.0729667697093472,1.0725383866315377,1.0728190621593774,
2026-01-17 20:40:00,1.0728190621593774,1.0729903443018487,1.072461853628309,1.0725837289331526,
2026-01-17 20:45:00,1.0725837289331526,1.0726226802587722,1.0722999657430583,1.0724806992216398,
2026-01-17 20:50:00,1.0724806992216398,1.0725233545894264,1.0722672277389096,1.0723961312597017,
2026-01-17 20:55:00,1.0723961312597017,1.0724667197942912,1.0723361451108715,1.0723607497863368,
2026-01-17 21:00:00,1.0723607497863368,1.0723828982331045,1.0719545314195242,1.0721046002917185,
2026-01-17 21:05:00,1.0721046002917185,1.07239836123776,1.0719173758806018,1.072200872004779,
2026-01-17 21:10:00,1.072200872004779,1.0724362817183033,1.0720653098546231,1.0723085725848118,
2026-01-17 21:15:00,1.0723085725848118,1.0725202482818073,1.072133516970869,1.072390882180814,
2026-01-17 21:20:00,1.072390882180814,1.0725834953713511,1.0720828670905589,1.0722514203265203,
2026-01-17 21:25:00,1.0722514203265203,1.0724356360131235,1.0720763877155834,1.072265870747346,
2026-01-17 21:30:00,1.072265870747346,1.0724324344749203,1.0720398126332862,1.0721217507057708,
2026-01-17 21:35:00,1.0721217507057708,1.072202861132353,1.071963451022237,1.0720688004571164,
2026-01-17 21:40:00,1.0720688004571164,1.0724959678792247,1.0718961544262111,1.0724156924684012,
2026-01-17 21:45:00,1.0724156924684012,1.0725041354110234,1.0722318207249135,1.072431622578257,
2026-01-17 21:50:00,1.072431622578257,1.0725140278153769,1.0721947130840006,1.072241144553867,
2026-01-17 21:55:00,1.072241144553867,1.0723571971042254,1.0721884687255407,1.0722706855271806,
2026-01-17 22:00:00,1.0722706855271806,1.0723158861911972,1.0719713905962394,1.0720538199242493,
2026-01-17 22:05:00,1.0720538199242493,1.0721378905395358,1.0717029090327104,1.071861562641783,
2026-01-17 22:10:00,1.071861562641783,1.0719619771081268,1.071517223969909,1.0716947205782152,
2026-01-17 22:15:00,1.0716947205782152,1.0717704030991897,1.071499390930457,1.0716238341559097,
2026-01-17 22:20:00,1.0716238341559097,1.071824754828057,1.071583445884339,1.0717749923737887,
2026-01-17 22:25:00,1.0717749923737887,1.071955733122103,1.0717003176923947,1.071868519250431,
2026-01-17 22:30:00,1.071868519250431,1.0720597092586408,1.071694255109265,1.0719531458594618,
2026-01-17 22:35:00,1.0719531458594618,1.072102876969062,1.0716944370676096,1.071776996963698,
2026-01-17 22:40:00,1.071776996963698,1.0719250197607637,1.0716520057969263,1.0716905111006825,
2026-01-17 22:45:00,1.0716905111006825,1.0717912581163274,1.0716161387767822,1.0717347730107325,
2026-01-17 22:50:00,1.0717347730107325,1.0717613709818623,1.071469097587591,1.0716343047310046,
2026-01-17 22:55:00,1.0716343047310046,1.0717089886449298,1.07148126909014,1.0715900954060835,
2026-01-17 23:00:00,1.0715900954060835,1.0717098614605394,1.0715392123064846,1.0716615769256648,
2026-01-17 23:05:00,1.0716615769256648,1.0717528188519236,1.0715297754257809,1.0716060492528452,
2026-01-17 23:10:00,1.0716060492528452,1.071839205015178,1.071414404622504,1.0716429227137303,
2026-01-17 23:15:00,1.0716429227137303,1.0719521075226308,1.0715451703658727,1.071899514675868,
2026-01-17 23:20:00,1.071899514675868,1.071976911985684,1.0717729307977553,1.0718724186636204,
2026-01-17 23:25:00,1.0718724186636204,1.0722131069947909,1.0718248661352523,1.0720625864178537,
2026-01-17 23:30:00,1.0720625864178537,1.07226473112718,1.0719877666430229,1.072153078226265,
2026-01-17 23:35:00,1.072153078226265,1.072180985292108,1.071751030442625,1.071917673946554,
2026-01-17 23:40:00,1.071917673946554,1.0719667781498232,1.0715794986248406,1.071741014440233,
2026-01-17 23:45:00,1.071741014440233,1.0719293593600925,1.0715091590033647,1.0716075487871746,
2026-01-17 23:50:00,1.0716075487871746,1.0716461184858677,1.0712898287918573,1.0714706861990455,
2026-01-17 23:55:00,1.0714706861990455,1.0716050029007431,1.07136826399803,1.0714567106031012,
2026-01-18 00:00:00,1.0714567106031012,1.0717186542252148,1.0712811312787334,1.0715560356084235,
2026-01-18 00:05:00,1.0715560356084235,1.0718261153982285,1.0715303538093182,1.0717583363669378,
2026-01-18 00:10:00,1.0717583363669378,1.071958930839758,1.0716758349146964,1.071808416799193,
2026-01-18 00:15:00,1.071808416799193,1.0718589979314184,1.0715633902717605,1.071737302597804,
2026-01-18 00:20:00,1.071737302597804,1.071808557647274,1.071220912506739,1.0714031482278044,
2026-01-18 00:25:00,1.0714031482278044,1.0714911564448044,1.0712469919003846,1.0714150284792452,
2026-01-18 00:30:00,1.0714150284792452,1.0716190640811922,1.071274452632204,1.0714197057828907,
2026-01-18 00:35:00,1.0714197057828907,1.0715082639447588,1.0712529148991874,1.0714496409316197,
2026-01-18 00:40:00,1.0714496409316197,1.071831997210411,1.0713022804577397,1.071788739866777,
2026-01-18 00:45:00,1.071788739866777,1.0721753674898955,1.0717229800949732,1.071988743031149,
2026-01-18 00:50:00,1.071988743031149,1.072164670516749,1.071884820389024,1.072115522991861,
2026-01-18 00:55:00,1.072115522991861,1.0722937933773944,1.0718224245622738,1.0719613514618933,
2026-01-18 01:00:00,1.0719613514618933,1.0720984336548698,1.0717535994970409,1.0718794039933222,
2026-01-18 01:05:00,1.0718794039933222,1.0720032390629748,1.0716853731676126,1.0718646907368947,
2026-01-18 01:10:00,1.0718646907368947,1.072019931704973,1.0716352720941509,1.0717405641294204,
2026-01-18 01:15:00,1.0717405641294204,1.0719722380921517,1.0716885264013762,1.0718215582798651,
2026-01-18 01:20:00,1.0718215582798651,1.0719193718594264,1.071762933513131,1.071879477145331,
2026-01-18 01:25:00,1.071879477145331,1.0720793810452045,1.071532756880545,1.0717050470611398,
2026-01-18 01:30:00,1.0717050470611398,1.0720875356075616,1.0716834772893795,1.0718979954568009,
2026-01-18 01:35:00,1.0718979954568009,1.072096368029957,1.0717215519916414,1.0719149814766418,
2026-01-18 01:40:00,1.0719149814766418,1.0720469935207515,1.071607534899584,1.0716375407549927,
2026-01-18 01:45:00,1.0716375407549927,1.0717516431946326,1.0715393249371272,1.0716298234613832,
2026-01-18 01:50:00,1.0716298234613832,1.0717920927811904,1.071465791740443,1.0716755626360916,
2026-01-18 01:55:00,1.0716755626360916,1.0718551762821331,1.0715821918682635,1.071832487632172,
2026-01-18 02:00:00,1.071832487632172,1.0719423921425222,1.0716107444951295,1.0717787671687993,
2026-01-18 02:05:00,1.0717787671687993,1.0720446949109348,1.0717407133785846,1.071912416388756,
2026-01-18 02:10:00,1.071912416388756,1.0720816098729462,1.0718003387879975,1.071943042755367,
2026-01-18 02:15:00,1.071943042755367,1.072022827859076,1.071607304605924,1.071732149929164,
2026-01-18 02:20:00,1.071732149929164,1.0718369807522168,1.071324851519616,1.0715052078671186,
2026-01-18 02:25:00,1.0715052078671186,1.0718207191224611,1.0714683560139775,1.0716861832132618,
2026-01-18 02:30:00,1.0716861832132618,1.0719760893487136,1.0716052350899108,1.071878994356864,
2026-01-18 02:35:00,1.071878994356864,1.072124633858824,1.0717403116997826,1.071931449523007,
2026-01-18 02:40:00,1.071931449523007,1.072319486430138,1.0717350621082722,1.0721725068503647,
2026-01-18 02:45:00,1.0721725068503647,1.0723632159675969,1.0719998174720522,1.0723429866932714,
2026-01-18 02:50:00,1.0723429866932714,1.0724776815357997,1.072170617582166,1.0724534912291328,
2026-01-18 02:55:00,1.0724534912291328,1.0725977452657571,1.0721943436687404,1.0723074365240368,
2026-01-18 03:00:00,1.0723074365240368,1.0726807786910604,1.0721858626820613,1.0725865025735022,
2026-01-18 03:05:00,1.0725865025735022,1.0728444316031929,1.0724119581565676,1.0726733268323347,
2026-01-18 03:10:00,1.0726733268323347,1.0727244696060425,1.0724352504847523,1.0726117830902786,
2026-01-18 03:15:00,1.0726117830902786,1.072634271934808,1.0723403961671722,1.0725048055889572,
2026-01-18 03:20:00,1.0725048055889572,1.0726365077567166,1.072337462759424,1.0725466529336962,
2026-01-18 03:25:00,1.0725466529336962,1.0726991444724716,1.072100046065053,1.072278379439673,
2026-01-18 03:30:00,1.072278379439673,1.0725863692117756,1.0722378986920766,1.0723914582197678,
2026-01-18 03:35:00,1.0723914582197678,1.072570515918051,1.0721659400412324,1.0722386151290753,
2026-01-18 03:40:00,1.0722386151290753,1.0724058934141192,1.0720429146929635,1.0722987599839704,
2026-01-18 03:45:00,1.0722987599839704,1.0724650670949458,1.0720973397388105,1.0722153994476038,
2026-01-18 03:50:00,1.0722153994476038,1.07224805893002,1.0721216458103744,1.0721734093051818,
2026-01-18 03:55:00,1.0721734093051818,1.072296418327747,1.0719416714315413,1.0720522214455173,
2026-01-18 04:00:00,1.0720522214455173,1.07223859515986,1.0718905896652766,1.0720268308168313,
2026-01-18 04:05:00,1.0720268308168313,1.0724225792002908,1.0718577508597225,1.0723312298737424,
2026-01-18 04:10:00,1.0723312298737424,1.0727473938127703,1.072165038063058,1.0725545756994312,
2026-01-18 04:15:00,1.0725545756994312,1.0726718665427697,1.072525712230631,1.0726121432253584,
2026-01-18 04:20:00,1.0726121432253584,1.0726511573110744,1.0725069753991348,1.0726086098967895,
2026-01-18 04:25:00,1.0726086098967895,1.0728594367095945,1.072584907466676,1.0727449794890995,
2026-01-18 04:30:00,1.0727449794890995,1.0731106613098669,1.0725651113868395,1.0729273568729103,
2026-01-18 04:35:00,1.0729273568729103,1.0730033871322844,1.0727430482611702,1.0727943513547635,
2026-01-18 04:40:00,1.0727943513547635,1.072958380212255,1.0726499489761212,1.072782426421251,
2026-01-18 04:45:00,1.072782426421251,1.0728328819291095,1.0723671067027662,1.0724898180095968,
2026-01-18 04:50:00,1.0724898180095968,1.0728252495727293,1.0723572227113611,1.072671046901449,
2026-01-18 04:55:00,1.072671046901449,1.07312416347784,1.0725496319093395,1.07300389862839,
2026-01-18 05:00:00,1.07300389862839,1.0730688276151703,1.0728550926664642,1.0730173245595995,
2026-01-18 05:05:00,1.0730173245595995,1.0731665802644983,1.0725431897065396,1.0726758895004238,
2026-01-18 05:10:00,1.0726758895004238,1.0729228777885564,1.072639635456005,1.0727744016881342,
2026-01-18 05:15:00,1.0727744016881342,1.07288718002938,1.0725434470786526,1.0726294653098338,
2026-01-18 05:20:00,1.0726294653098338,1.0726900494846094,1.072404890839063,1.0725232776575315,
2026-01-18 05:25:00,1.0725232776575315,1.0726684342719957,1.0724447421208698,1.0726246213713917,
2026-01-18 05:30:00,1.0726246213713917,1.072858420548339,1.0724677618121263,1.072666114639616,
2026-01-18 05:35:00,1.072666114639616,1.0728041608965029,1.0725108955583085,1.0725881171470182,
2026-01-18 05:40:00,1.0725881171470182,1.0727537806140617,1.0723149814370234,1.072484144588398,
2026-01-18 05:45:00,1.072484144588398,1.0726503793031157,1.0724377325186212,1.0725049246078866,
2026-01-18 05:50:00,1.0725049246078866,1.0726742298676213,1.0722810991155365,1.0724395897772336,
2026-01-18 05:55:00,1.0724395897772336,1.0724888381247883,1.0722086785001006,1.0722617022794418,
2026-01-18 06:00:00,1.0722617022794418,1.0723711533198603,1.0720937077528645,1.0722087505033384,
2026-01-18 06:05:00,1.0722087505033384,1.0724039876122782,1.072131056116205,1.0722639051535878,
2026-01-18 06:10:00,1.0722639051535878,1.072302515335569,1.0721010753676918,1.0722357955661677,
2026-01-18 06:15:00,1.0722357955661677,1.072282787817047,1.0719507202188676,1.072009013492639,
2026-01-18 06:20:00,1.072009013492639,1.072302721170492,1.0718458397406356,1.0721686043035268,
2026-01-18 06:25:00,1.0721686043035268,1.0723449713482924,1.0716055153914192,1.071728760487365,
2026-01-18 06:30:00,1.071728760487365,1.0718676353995746,1.0714652321943117,1.0716575413620484,
2026-01-18 06:35:00,1.0716575413620484,1.0716840582284706,1.0714102670664645,1.0715583857256694,
2026-01-18 06:40:00,1.0715583857256694,1.0717774170545509,1.0714290545285587,1.0715827391294743,
2026-01-18 06:45:00,1.0715827391294743,1.0717186700761752,1.0714134905651942,1.071673558834012,
2026-01-18 06:50:00,1.071673558834012,1.0719170998789056,1.0716140159718148,1.071855238676866,
2026-01-18 06:55:00,1.071855238676866,1.072050732787609,1.0716073477897183,1.071741241432674,
2026-01-18 07:00:00,1.071741241432674,1.0719948671110513,1.0716509687397469,1.0718360811716536,
2026-01-18 07:05:00,1.0718360811716536,1.072056684152434,1.0716821987954073,1.0718681003499655,
2026-01-18 07:10:00,1.0718681003499655,1.0720332918946711,1.0715690853048525,1.0715934897985608,
2026-01-18 07:15:00,1.0715934897985608,1.072036872487413,1.071496501621186,1.0718995602819124,
2026-01-18 07:20:00,1.0718995602819124,1.0719707798217075,1.0715314813708632,1.0716687877131932,
2026-01-18 07:25:00,1.0716687877131932,1.071815598682618,1.0715658726326336,1.071736760023112,
2026-01-18 07:30:00,1.071736760023112,1.0719904967107243,1.0716739251358836,1.0717999879175766,
2026-01-18 07:35:00,1.0717999879175766,1.0720197514918737,1.0716964050522744,1.0718448388809654,
2026-01-18 07:40:00,1.0718448388809654,1.071929547161685,1.0715929072468398,1.0717658612614278,
2026-01-18 07:45:00,1.0717658612614278,1.0719865867704474,1.071708630238314,1.0718993986352756,
2026-01-18 07:50:00,1.0718993986352756,1.0719729836255252,1.0715629892846816,1.071649080274135,
2026-01-18 07:55:00,1.071649080274135,1.0717277836998074,1.0714407739477665,1.0716390343416364,
2026-01-18 08:00:00,1.0716390343416364,1.0718139544855685,1.0713646263416223,1.0715489334320225,
2026-01-18 08:05:00,1.0715489334320225,1.0715708246662088,1.0714144966972945,1.0714406109988772,
2026-01-18 08:10:00,1.0714406109988772,1.07160854511009,1.0713251512447088,1.0715100556382904,
2026-01-18 08:15:00,1.0715100556382904,1.0718734959817051,1.0714782812934578,1.0716837848395702,
2026-01-18 08:20:00,1.0716837848395702,1.071801459383503,1.0714428399431677,1.0716291428294258,
2026-01-18 08:25:00,1.0716291428294258,1.071856256388056,1.0715296647451424,1.0717551761458302,
2026-01-18 08:30:00,1.0717551761458302,1.0718399350945762,1.071659857485123,1.0717637085297302,
2026-01-18 08:35:00,1.0717637085297302,1.0717970128031054,1.0715516039656583,1.0716207342513893,
